ISO-10303-21;
HEADER;
FILE_DESCRIPTION(('KiCad electronic assembly'),'2;1');
FILE_NAME('hue-simple-switch-mains-board.step','2026-09-29T21:44:07',(
    'Pcbnew'),('Kicad'),'Open CASCADE STEP processor 7.9',
  'KiCad to STEP converter','Unknown');
FILE_SCHEMA(('AUTOMOTIVE_DESIGN { 1 0 10303 214 1 1 1 1 }'));
ENDSEC;
DATA;
#1 = APPLICATION_PROTOCOL_DEFINITION('international standard',
  'automotive_design',2000,#2);
#2 = APPLICATION_CONTEXT(
  'core data for automotive mechanical design processes');
#3 = SHAPE_DEFINITION_REPRESENTATION(#4,#10);
#4 = PRODUCT_DEFINITION_SHAPE('','',#5);
#5 = PRODUCT_DEFINITION('design','',#6,#9);
#6 = PRODUCT_DEFINITION_FORMATION('','',#7);
#7 = PRODUCT('hue-simple-switch-mains-board 1',
  'hue-simple-switch-mains-board 1','',(#8));
#8 = PRODUCT_CONTEXT('',#2,'mechanical');
#9 = PRODUCT_DEFINITION_CONTEXT('part definition',#2,'design');
#10 = SHAPE_REPRESENTATION('',(#11,#15,#19,#23,#27,#31,#35,#39,#43,#47,
    #51,#55,#59,#63,#67,#71,#75,#79,#83,#87,#91,#95,#99,#103,#107,#111,
    #115,#119,#123,#127),#131);
#11 = AXIS2_PLACEMENT_3D('',#12,#13,#14);
#12 = CARTESIAN_POINT('',(0.,0.,0.));
#13 = DIRECTION('',(0.,0.,1.));
#14 = DIRECTION('',(1.,0.,-0.));
#15 = AXIS2_PLACEMENT_3D('',#16,#17,#18);
#16 = CARTESIAN_POINT('',(102.2,-104.7,1.595));
#17 = DIRECTION('',(0.,0.,1.));
#18 = DIRECTION('',(1.,0.,0.));
#19 = AXIS2_PLACEMENT_3D('',#20,#21,#22);
#20 = CARTESIAN_POINT('',(102.2,-109.9,1.595));
#21 = DIRECTION('',(0.,0.,1.));
#22 = DIRECTION('',(1.,0.,0.));
#23 = AXIS2_PLACEMENT_3D('',#24,#25,#26);
#24 = CARTESIAN_POINT('',(109.4,-104.7,1.595));
#25 = DIRECTION('',(0.,0.,1.));
#26 = DIRECTION('',(1.,0.,0.));
#27 = AXIS2_PLACEMENT_3D('',#28,#29,#30);
#28 = CARTESIAN_POINT('',(105.8,-107.3,1.595));
#29 = DIRECTION('',(0.,0.,1.));
#30 = DIRECTION('',(-1.,1.224646799147E-16,0.));
#31 = AXIS2_PLACEMENT_3D('',#32,#33,#34);
#32 = CARTESIAN_POINT('',(102.2,-99.5,1.595));
#33 = DIRECTION('',(0.,0.,1.));
#34 = DIRECTION('',(1.,0.,0.));
#35 = AXIS2_PLACEMENT_3D('',#36,#37,#38);
#36 = CARTESIAN_POINT('',(96.1,-120.4,1.595));
#37 = DIRECTION('',(0.,0.,1.));
#38 = DIRECTION('',(1.,0.,0.));
#39 = AXIS2_PLACEMENT_3D('',#40,#41,#42);
#40 = CARTESIAN_POINT('',(109.4,-112.5,1.595));
#41 = DIRECTION('',(0.,0.,1.));
#42 = DIRECTION('',(1.,0.,0.));
#43 = AXIS2_PLACEMENT_3D('',#44,#45,#46);
#44 = CARTESIAN_POINT('',(105.8,-99.5,1.595));
#45 = DIRECTION('',(0.,0.,1.));
#46 = DIRECTION('',(-1.,1.224646799147E-16,0.));
#47 = AXIS2_PLACEMENT_3D('',#48,#49,#50);
#48 = CARTESIAN_POINT('',(92.,-80.5,1.595));
#49 = DIRECTION('',(0.,0.,1.));
#50 = DIRECTION('',(1.,0.,0.));
#51 = AXIS2_PLACEMENT_3D('',#52,#53,#54);
#52 = CARTESIAN_POINT('',(85.8,-118.6,1.595));
#53 = DIRECTION('',(-0.,0.,1.));
#54 = DIRECTION('',(1.110223024625E-16,-1.,0.));
#55 = AXIS2_PLACEMENT_3D('',#56,#57,#58);
#56 = CARTESIAN_POINT('',(102.2,-112.5,1.595));
#57 = DIRECTION('',(0.,0.,1.));
#58 = DIRECTION('',(1.,0.,0.));
#59 = AXIS2_PLACEMENT_3D('',#60,#61,#62);
#60 = CARTESIAN_POINT('',(109.4,-99.5,1.595));
#61 = DIRECTION('',(0.,0.,1.));
#62 = DIRECTION('',(1.,0.,0.));
#63 = AXIS2_PLACEMENT_3D('',#64,#65,#66);
#64 = CARTESIAN_POINT('',(109.4,-107.3,1.595));
#65 = DIRECTION('',(0.,0.,1.));
#66 = DIRECTION('',(1.,0.,0.));
#67 = AXIS2_PLACEMENT_3D('',#68,#69,#70);
#68 = CARTESIAN_POINT('',(105.8,-104.7,1.595));
#69 = DIRECTION('',(0.,0.,1.));
#70 = DIRECTION('',(-1.,1.224646799147E-16,0.));
#71 = AXIS2_PLACEMENT_3D('',#72,#73,#74);
#72 = CARTESIAN_POINT('',(109.4,-102.1,1.595));
#73 = DIRECTION('',(0.,0.,1.));
#74 = DIRECTION('',(1.,0.,0.));
#75 = AXIS2_PLACEMENT_3D('',#76,#77,#78);
#76 = CARTESIAN_POINT('',(100.4,-111.7,1.595));
#77 = DIRECTION('',(0.,-0.,1.));
#78 = DIRECTION('',(1.110223024625E-16,1.,0.));
#79 = AXIS2_PLACEMENT_3D('',#80,#81,#82);
#80 = CARTESIAN_POINT('',(109.4,-109.9,1.595));
#81 = DIRECTION('',(0.,0.,1.));
#82 = DIRECTION('',(1.,0.,0.));
#83 = AXIS2_PLACEMENT_3D('',#84,#85,#86);
#84 = CARTESIAN_POINT('',(102.2,-102.1,1.595));
#85 = DIRECTION('',(0.,0.,1.));
#86 = DIRECTION('',(1.,0.,0.));
#87 = AXIS2_PLACEMENT_3D('',#88,#89,#90);
#88 = CARTESIAN_POINT('',(105.8,-109.9,1.595));
#89 = DIRECTION('',(0.,0.,1.));
#90 = DIRECTION('',(-1.,1.224646799147E-16,0.));
#91 = AXIS2_PLACEMENT_3D('',#92,#93,#94);
#92 = CARTESIAN_POINT('',(105.8,-112.5,1.595));
#93 = DIRECTION('',(0.,0.,1.));
#94 = DIRECTION('',(-1.,1.224646799147E-16,0.));
#95 = AXIS2_PLACEMENT_3D('',#96,#97,#98);
#96 = CARTESIAN_POINT('',(105.8,-102.1,1.595));
#97 = DIRECTION('',(0.,0.,1.));
#98 = DIRECTION('',(-1.,1.224646799147E-16,0.));
#99 = AXIS2_PLACEMENT_3D('',#100,#101,#102);
#100 = CARTESIAN_POINT('',(90.6,-117.4,1.595));
#101 = DIRECTION('',(0.,0.,1.));
#102 = DIRECTION('',(1.,0.,0.));
#103 = AXIS2_PLACEMENT_3D('',#104,#105,#106);
#104 = CARTESIAN_POINT('',(102.2,-107.3,1.595));
#105 = DIRECTION('',(0.,0.,1.));
#106 = DIRECTION('',(1.,0.,0.));
#107 = AXIS2_PLACEMENT_3D('',#108,#109,#110);
#108 = CARTESIAN_POINT('',(115.9,-87.26,-8.5E-02));
#109 = DIRECTION('',(-1.224646799147E-16,-1.359631073447E-32,-1.));
#110 = DIRECTION('',(1.110223024625E-16,-1.,0.));
#111 = AXIS2_PLACEMENT_3D('',#112,#113,#114);
#112 = CARTESIAN_POINT('',(88.,-85.3,-8.5E-02));
#113 = DIRECTION('',(-1.224646799147E-16,-1.359631073447E-32,-1.));
#114 = DIRECTION('',(1.110223024625E-16,-1.,0.));
#115 = AXIS2_PLACEMENT_3D('',#116,#117,#118);
#116 = CARTESIAN_POINT('',(109.141236,-81.400001,-8.5E-02));
#117 = DIRECTION('',(1.499759782662E-32,1.224646799147E-16,-1.));
#118 = DIRECTION('',(-1.,1.224646799147E-16,0.));
#119 = AXIS2_PLACEMENT_3D('',#120,#121,#122);
#120 = CARTESIAN_POINT('',(115.9,-101.,-8.5E-02));
#121 = DIRECTION('',(-1.224646799147E-16,-1.359631073447E-32,-1.));
#122 = DIRECTION('',(1.110223024625E-16,-1.,0.));
#123 = AXIS2_PLACEMENT_3D('',#124,#125,#126);
#124 = CARTESIAN_POINT('',(111.4,-117.5,-8.5E-02));
#125 = DIRECTION('',(1.499759782662E-32,1.224646799147E-16,-1.));
#126 = DIRECTION('',(-1.,1.224646799147E-16,0.));
#127 = AXIS2_PLACEMENT_3D('',#128,#129,#130);
#128 = CARTESIAN_POINT('',(0.,0.,0.));
#129 = DIRECTION('',(0.,0.,1.));
#130 = DIRECTION('',(1.,0.,-0.));
#131 = ( GEOMETRIC_REPRESENTATION_CONTEXT(3) 
GLOBAL_UNCERTAINTY_ASSIGNED_CONTEXT((#135)) GLOBAL_UNIT_ASSIGNED_CONTEXT
((#132,#133,#134)) REPRESENTATION_CONTEXT('Context #1',
  '3D Context with UNIT and UNCERTAINTY') );
#132 = ( LENGTH_UNIT() NAMED_UNIT(*) SI_UNIT(.MILLI.,.METRE.) );
#133 = ( NAMED_UNIT(*) PLANE_ANGLE_UNIT() SI_UNIT($,.RADIAN.) );
#134 = ( NAMED_UNIT(*) SI_UNIT($,.STERADIAN.) SOLID_ANGLE_UNIT() );
#135 = UNCERTAINTY_MEASURE_WITH_UNIT(LENGTH_MEASURE(1.E-07),#132,
  'distance_accuracy_value','confusion accuracy');
#136 = PRODUCT_RELATED_PRODUCT_CATEGORY('part',$,(#7));
#137 = SHAPE_DEFINITION_REPRESENTATION(#138,#144);
#138 = PRODUCT_DEFINITION_SHAPE('','',#139);
#139 = PRODUCT_DEFINITION('design','',#140,#143);
#140 = PRODUCT_DEFINITION_FORMATION('','',#141);
#141 = PRODUCT('R_0603_1608Metric','R_0603_1608Metric','',(#142));
#142 = PRODUCT_CONTEXT('',#2,'mechanical');
#143 = PRODUCT_DEFINITION_CONTEXT('part definition',#2,'design');
#144 = SHAPE_REPRESENTATION('',(#11,#145),#149);
#145 = AXIS2_PLACEMENT_3D('',#146,#147,#148);
#146 = CARTESIAN_POINT('',(0.,0.,0.));
#147 = DIRECTION('',(0.,0.,1.));
#148 = DIRECTION('',(1.,0.,-0.));
#149 = ( GEOMETRIC_REPRESENTATION_CONTEXT(3) 
GLOBAL_UNCERTAINTY_ASSIGNED_CONTEXT((#153)) GLOBAL_UNIT_ASSIGNED_CONTEXT
((#150,#151,#152)) REPRESENTATION_CONTEXT('Context #1',
  '3D Context with UNIT and UNCERTAINTY') );
#150 = ( LENGTH_UNIT() NAMED_UNIT(*) SI_UNIT(.MILLI.,.METRE.) );
#151 = ( NAMED_UNIT(*) PLANE_ANGLE_UNIT() SI_UNIT($,.RADIAN.) );
#152 = ( NAMED_UNIT(*) SI_UNIT($,.STERADIAN.) SOLID_ANGLE_UNIT() );
#153 = UNCERTAINTY_MEASURE_WITH_UNIT(LENGTH_MEASURE(1.E-07),#150,
  'distance_accuracy_value','confusion accuracy');
#154 = CONTEXT_DEPENDENT_SHAPE_REPRESENTATION(#155,#157);
#155 = ( REPRESENTATION_RELATIONSHIP('','',#144,#10) 
REPRESENTATION_RELATIONSHIP_WITH_TRANSFORMATION(#156) 
SHAPE_REPRESENTATION_RELATIONSHIP() );
#156 = ITEM_DEFINED_TRANSFORMATION('','',#11,#15);
#157 = PRODUCT_DEFINITION_SHAPE('Placement','Placement of an item',#158
  );
#158 = NEXT_ASSEMBLY_USAGE_OCCURRENCE('2','R3','',#5,#139,$);
#159 = PRODUCT_RELATED_PRODUCT_CATEGORY('part',$,(#141));
#160 = SHAPE_DEFINITION_REPRESENTATION(#161,#167);
#161 = PRODUCT_DEFINITION_SHAPE('','',#162);
#162 = PRODUCT_DEFINITION('design','',#163,#166);
#163 = PRODUCT_DEFINITION_FORMATION('','',#164);
#164 = PRODUCT('R_0603_1608Metric','R_0603_1608Metric','',(#165));
#165 = PRODUCT_CONTEXT('',#2,'mechanical');
#166 = PRODUCT_DEFINITION_CONTEXT('part definition',#2,'design');
#167 = ADVANCED_BREP_SHAPE_REPRESENTATION('',(#11,#168),#958);
#168 = MANIFOLD_SOLID_BREP('',#169);
#169 = CLOSED_SHELL('',(#170,#210,#293,#318,#343,#410,#427,#444,#493,
    #510,#527,#576,#593,#662,#693,#717,#786,#810,#827,#844,#861,#878,
    #895,#912,#929,#946));
#170 = ADVANCED_FACE('',(#171),#205,.F.);
#171 = FACE_BOUND('',#172,.F.);
#172 = EDGE_LOOP('',(#173,#183,#191,#199));
#173 = ORIENTED_EDGE('',*,*,#174,.F.);
#174 = EDGE_CURVE('',#175,#177,#179,.T.);
#175 = VERTEX_POINT('',#176);
#176 = CARTESIAN_POINT('',(-0.8,-0.4,4.5E-02));
#177 = VERTEX_POINT('',#178);
#178 = CARTESIAN_POINT('',(-0.8,-0.4,0.405));
#179 = LINE('',#180,#181);
#180 = CARTESIAN_POINT('',(-0.8,-0.4,0.));
#181 = VECTOR('',#182,1.);
#182 = DIRECTION('',(0.,0.,1.));
#183 = ORIENTED_EDGE('',*,*,#184,.T.);
#184 = EDGE_CURVE('',#175,#185,#187,.T.);
#185 = VERTEX_POINT('',#186);
#186 = CARTESIAN_POINT('',(-0.8,0.4,4.5E-02));
#187 = LINE('',#188,#189);
#188 = CARTESIAN_POINT('',(-0.8,-0.4,4.5E-02));
#189 = VECTOR('',#190,1.);
#190 = DIRECTION('',(0.,1.,0.));
#191 = ORIENTED_EDGE('',*,*,#192,.T.);
#192 = EDGE_CURVE('',#185,#193,#195,.T.);
#193 = VERTEX_POINT('',#194);
#194 = CARTESIAN_POINT('',(-0.8,0.4,0.405));
#195 = LINE('',#196,#197);
#196 = CARTESIAN_POINT('',(-0.8,0.4,0.));
#197 = VECTOR('',#198,1.);
#198 = DIRECTION('',(0.,0.,1.));
#199 = ORIENTED_EDGE('',*,*,#200,.F.);
#200 = EDGE_CURVE('',#177,#193,#201,.T.);
#201 = LINE('',#202,#203);
#202 = CARTESIAN_POINT('',(-0.8,-0.4,0.405));
#203 = VECTOR('',#204,1.);
#204 = DIRECTION('',(0.,1.,0.));
#205 = PLANE('',#206);
#206 = AXIS2_PLACEMENT_3D('',#207,#208,#209);
#207 = CARTESIAN_POINT('',(-0.8,-0.4,0.));
#208 = DIRECTION('',(1.,0.,0.));
#209 = DIRECTION('',(0.,0.,1.));
#210 = ADVANCED_FACE('',(#211),#288,.F.);
#211 = FACE_BOUND('',#212,.F.);
#212 = EDGE_LOOP('',(#213,#223,#230,#231,#240,#248,#257,#265,#273,#281)
  );
#213 = ORIENTED_EDGE('',*,*,#214,.F.);
#214 = EDGE_CURVE('',#215,#217,#219,.T.);
#215 = VERTEX_POINT('',#216);
#216 = CARTESIAN_POINT('',(-0.755,-0.4,-2.775557561563E-17));
#217 = VERTEX_POINT('',#218);
#218 = CARTESIAN_POINT('',(-0.545,-0.4,-2.775557561563E-17));
#219 = LINE('',#220,#221);
#220 = CARTESIAN_POINT('',(-0.8,-0.4,0.));
#221 = VECTOR('',#222,1.);
#222 = DIRECTION('',(1.,0.,0.));
#223 = ORIENTED_EDGE('',*,*,#224,.F.);
#224 = EDGE_CURVE('',#175,#215,#225,.T.);
#225 = CIRCLE('',#226,4.5E-02);
#226 = AXIS2_PLACEMENT_3D('',#227,#228,#229);
#227 = CARTESIAN_POINT('',(-0.755,-0.4,4.5E-02));
#228 = DIRECTION('',(0.,-1.,0.));
#229 = DIRECTION('',(0.,0.,1.));
#230 = ORIENTED_EDGE('',*,*,#174,.T.);
#231 = ORIENTED_EDGE('',*,*,#232,.T.);
#232 = EDGE_CURVE('',#177,#233,#235,.T.);
#233 = VERTEX_POINT('',#234);
#234 = CARTESIAN_POINT('',(-0.755,-0.4,0.45));
#235 = CIRCLE('',#236,4.5E-02);
#236 = AXIS2_PLACEMENT_3D('',#237,#238,#239);
#237 = CARTESIAN_POINT('',(-0.755,-0.4,0.405));
#238 = DIRECTION('',(0.,1.,0.));
#239 = DIRECTION('',(0.,-0.,1.));
#240 = ORIENTED_EDGE('',*,*,#241,.T.);
#241 = EDGE_CURVE('',#233,#242,#244,.T.);
#242 = VERTEX_POINT('',#243);
#243 = CARTESIAN_POINT('',(-0.545,-0.4,0.45));
#244 = LINE('',#245,#246);
#245 = CARTESIAN_POINT('',(-0.8,-0.4,0.45));
#246 = VECTOR('',#247,1.);
#247 = DIRECTION('',(1.,0.,0.));
#248 = ORIENTED_EDGE('',*,*,#249,.F.);
#249 = EDGE_CURVE('',#250,#242,#252,.T.);
#250 = VERTEX_POINT('',#251);
#251 = CARTESIAN_POINT('',(-0.5,-0.4,0.405));
#252 = CIRCLE('',#253,4.5E-02);
#253 = AXIS2_PLACEMENT_3D('',#254,#255,#256);
#254 = CARTESIAN_POINT('',(-0.545,-0.4,0.405));
#255 = DIRECTION('',(0.,-1.,0.));
#256 = DIRECTION('',(0.,0.,1.));
#257 = ORIENTED_EDGE('',*,*,#258,.F.);
#258 = EDGE_CURVE('',#259,#250,#261,.T.);
#259 = VERTEX_POINT('',#260);
#260 = CARTESIAN_POINT('',(-0.755,-0.4,0.405));
#261 = LINE('',#262,#263);
#262 = CARTESIAN_POINT('',(-0.755,-0.4,0.405));
#263 = VECTOR('',#264,1.);
#264 = DIRECTION('',(1.,0.,0.));
#265 = ORIENTED_EDGE('',*,*,#266,.F.);
#266 = EDGE_CURVE('',#267,#259,#269,.T.);
#267 = VERTEX_POINT('',#268);
#268 = CARTESIAN_POINT('',(-0.755,-0.4,4.5E-02));
#269 = LINE('',#270,#271);
#270 = CARTESIAN_POINT('',(-0.755,-0.4,4.5E-02));
#271 = VECTOR('',#272,1.);
#272 = DIRECTION('',(0.,0.,1.));
#273 = ORIENTED_EDGE('',*,*,#274,.T.);
#274 = EDGE_CURVE('',#267,#275,#277,.T.);
#275 = VERTEX_POINT('',#276);
#276 = CARTESIAN_POINT('',(-0.5,-0.4,4.5E-02));
#277 = LINE('',#278,#279);
#278 = CARTESIAN_POINT('',(-0.755,-0.4,4.5E-02));
#279 = VECTOR('',#280,1.);
#280 = DIRECTION('',(1.,0.,0.));
#281 = ORIENTED_EDGE('',*,*,#282,.T.);
#282 = EDGE_CURVE('',#275,#217,#283,.T.);
#283 = CIRCLE('',#284,4.5E-02);
#284 = AXIS2_PLACEMENT_3D('',#285,#286,#287);
#285 = CARTESIAN_POINT('',(-0.545,-0.4,4.5E-02));
#286 = DIRECTION('',(0.,1.,0.));
#287 = DIRECTION('',(0.,-0.,1.));
#288 = PLANE('',#289);
#289 = AXIS2_PLACEMENT_3D('',#290,#291,#292);
#290 = CARTESIAN_POINT('',(-0.8,-0.4,0.));
#291 = DIRECTION('',(0.,1.,0.));
#292 = DIRECTION('',(0.,-0.,1.));
#293 = ADVANCED_FACE('',(#294),#313,.T.);
#294 = FACE_BOUND('',#295,.T.);
#295 = EDGE_LOOP('',(#296,#297,#306,#312));
#296 = ORIENTED_EDGE('',*,*,#184,.T.);
#297 = ORIENTED_EDGE('',*,*,#298,.T.);
#298 = EDGE_CURVE('',#185,#299,#301,.T.);
#299 = VERTEX_POINT('',#300);
#300 = CARTESIAN_POINT('',(-0.755,0.4,-2.775557561563E-17));
#301 = CIRCLE('',#302,4.5E-02);
#302 = AXIS2_PLACEMENT_3D('',#303,#304,#305);
#303 = CARTESIAN_POINT('',(-0.755,0.4,4.5E-02));
#304 = DIRECTION('',(0.,-1.,0.));
#305 = DIRECTION('',(0.,0.,1.));
#306 = ORIENTED_EDGE('',*,*,#307,.F.);
#307 = EDGE_CURVE('',#215,#299,#308,.T.);
#308 = LINE('',#309,#310);
#309 = CARTESIAN_POINT('',(-0.755,-0.4,-2.775557561563E-17));
#310 = VECTOR('',#311,1.);
#311 = DIRECTION('',(0.,1.,0.));
#312 = ORIENTED_EDGE('',*,*,#224,.F.);
#313 = CYLINDRICAL_SURFACE('',#314,4.5E-02);
#314 = AXIS2_PLACEMENT_3D('',#315,#316,#317);
#315 = CARTESIAN_POINT('',(-0.755,-0.4,4.5E-02));
#316 = DIRECTION('',(0.,1.,0.));
#317 = DIRECTION('',(-1.,0.,0.));
#318 = ADVANCED_FACE('',(#319),#338,.T.);
#319 = FACE_BOUND('',#320,.T.);
#320 = EDGE_LOOP('',(#321,#322,#330,#337));
#321 = ORIENTED_EDGE('',*,*,#232,.T.);
#322 = ORIENTED_EDGE('',*,*,#323,.T.);
#323 = EDGE_CURVE('',#233,#324,#326,.T.);
#324 = VERTEX_POINT('',#325);
#325 = CARTESIAN_POINT('',(-0.755,0.4,0.45));
#326 = LINE('',#327,#328);
#327 = CARTESIAN_POINT('',(-0.755,-0.4,0.45));
#328 = VECTOR('',#329,1.);
#329 = DIRECTION('',(0.,1.,0.));
#330 = ORIENTED_EDGE('',*,*,#331,.F.);
#331 = EDGE_CURVE('',#193,#324,#332,.T.);
#332 = CIRCLE('',#333,4.5E-02);
#333 = AXIS2_PLACEMENT_3D('',#334,#335,#336);
#334 = CARTESIAN_POINT('',(-0.755,0.4,0.405));
#335 = DIRECTION('',(0.,1.,0.));
#336 = DIRECTION('',(0.,-0.,1.));
#337 = ORIENTED_EDGE('',*,*,#200,.F.);
#338 = CYLINDRICAL_SURFACE('',#339,4.5E-02);
#339 = AXIS2_PLACEMENT_3D('',#340,#341,#342);
#340 = CARTESIAN_POINT('',(-0.755,-0.4,0.405));
#341 = DIRECTION('',(0.,1.,0.));
#342 = DIRECTION('',(-1.,0.,0.));
#343 = ADVANCED_FACE('',(#344),#405,.T.);
#344 = FACE_BOUND('',#345,.T.);
#345 = EDGE_LOOP('',(#346,#354,#355,#356,#357,#365,#374,#382,#390,#398)
  );
#346 = ORIENTED_EDGE('',*,*,#347,.F.);
#347 = EDGE_CURVE('',#299,#348,#350,.T.);
#348 = VERTEX_POINT('',#349);
#349 = CARTESIAN_POINT('',(-0.545,0.4,-2.775557561563E-17));
#350 = LINE('',#351,#352);
#351 = CARTESIAN_POINT('',(-0.8,0.4,0.));
#352 = VECTOR('',#353,1.);
#353 = DIRECTION('',(1.,0.,0.));
#354 = ORIENTED_EDGE('',*,*,#298,.F.);
#355 = ORIENTED_EDGE('',*,*,#192,.T.);
#356 = ORIENTED_EDGE('',*,*,#331,.T.);
#357 = ORIENTED_EDGE('',*,*,#358,.T.);
#358 = EDGE_CURVE('',#324,#359,#361,.T.);
#359 = VERTEX_POINT('',#360);
#360 = CARTESIAN_POINT('',(-0.545,0.4,0.45));
#361 = LINE('',#362,#363);
#362 = CARTESIAN_POINT('',(-0.8,0.4,0.45));
#363 = VECTOR('',#364,1.);
#364 = DIRECTION('',(1.,0.,0.));
#365 = ORIENTED_EDGE('',*,*,#366,.F.);
#366 = EDGE_CURVE('',#367,#359,#369,.T.);
#367 = VERTEX_POINT('',#368);
#368 = CARTESIAN_POINT('',(-0.5,0.4,0.405));
#369 = CIRCLE('',#370,4.5E-02);
#370 = AXIS2_PLACEMENT_3D('',#371,#372,#373);
#371 = CARTESIAN_POINT('',(-0.545,0.4,0.405));
#372 = DIRECTION('',(0.,-1.,0.));
#373 = DIRECTION('',(0.,0.,1.));
#374 = ORIENTED_EDGE('',*,*,#375,.F.);
#375 = EDGE_CURVE('',#376,#367,#378,.T.);
#376 = VERTEX_POINT('',#377);
#377 = CARTESIAN_POINT('',(-0.755,0.4,0.405));
#378 = LINE('',#379,#380);
#379 = CARTESIAN_POINT('',(-0.755,0.4,0.405));
#380 = VECTOR('',#381,1.);
#381 = DIRECTION('',(1.,0.,0.));
#382 = ORIENTED_EDGE('',*,*,#383,.F.);
#383 = EDGE_CURVE('',#384,#376,#386,.T.);
#384 = VERTEX_POINT('',#385);
#385 = CARTESIAN_POINT('',(-0.755,0.4,4.5E-02));
#386 = LINE('',#387,#388);
#387 = CARTESIAN_POINT('',(-0.755,0.4,4.5E-02));
#388 = VECTOR('',#389,1.);
#389 = DIRECTION('',(0.,0.,1.));
#390 = ORIENTED_EDGE('',*,*,#391,.T.);
#391 = EDGE_CURVE('',#384,#392,#394,.T.);
#392 = VERTEX_POINT('',#393);
#393 = CARTESIAN_POINT('',(-0.5,0.4,4.5E-02));
#394 = LINE('',#395,#396);
#395 = CARTESIAN_POINT('',(-0.755,0.4,4.5E-02));
#396 = VECTOR('',#397,1.);
#397 = DIRECTION('',(1.,0.,0.));
#398 = ORIENTED_EDGE('',*,*,#399,.T.);
#399 = EDGE_CURVE('',#392,#348,#400,.T.);
#400 = CIRCLE('',#401,4.5E-02);
#401 = AXIS2_PLACEMENT_3D('',#402,#403,#404);
#402 = CARTESIAN_POINT('',(-0.545,0.4,4.5E-02));
#403 = DIRECTION('',(0.,1.,0.));
#404 = DIRECTION('',(0.,-0.,1.));
#405 = PLANE('',#406);
#406 = AXIS2_PLACEMENT_3D('',#407,#408,#409);
#407 = CARTESIAN_POINT('',(-0.8,0.4,0.));
#408 = DIRECTION('',(0.,1.,0.));
#409 = DIRECTION('',(0.,-0.,1.));
#410 = ADVANCED_FACE('',(#411),#422,.F.);
#411 = FACE_BOUND('',#412,.F.);
#412 = EDGE_LOOP('',(#413,#414,#415,#416));
#413 = ORIENTED_EDGE('',*,*,#347,.F.);
#414 = ORIENTED_EDGE('',*,*,#307,.F.);
#415 = ORIENTED_EDGE('',*,*,#214,.T.);
#416 = ORIENTED_EDGE('',*,*,#417,.T.);
#417 = EDGE_CURVE('',#217,#348,#418,.T.);
#418 = LINE('',#419,#420);
#419 = CARTESIAN_POINT('',(-0.545,-0.4,-2.775557561563E-17));
#420 = VECTOR('',#421,1.);
#421 = DIRECTION('',(0.,1.,0.));
#422 = PLANE('',#423);
#423 = AXIS2_PLACEMENT_3D('',#424,#425,#426);
#424 = CARTESIAN_POINT('',(-0.8,-0.4,0.));
#425 = DIRECTION('',(0.,0.,1.));
#426 = DIRECTION('',(1.,0.,-0.));
#427 = ADVANCED_FACE('',(#428),#439,.T.);
#428 = FACE_BOUND('',#429,.T.);
#429 = EDGE_LOOP('',(#430,#431,#432,#433));
#430 = ORIENTED_EDGE('',*,*,#282,.T.);
#431 = ORIENTED_EDGE('',*,*,#417,.T.);
#432 = ORIENTED_EDGE('',*,*,#399,.F.);
#433 = ORIENTED_EDGE('',*,*,#434,.F.);
#434 = EDGE_CURVE('',#275,#392,#435,.T.);
#435 = LINE('',#436,#437);
#436 = CARTESIAN_POINT('',(-0.5,-0.4,4.5E-02));
#437 = VECTOR('',#438,1.);
#438 = DIRECTION('',(0.,1.,0.));
#439 = CYLINDRICAL_SURFACE('',#440,4.5E-02);
#440 = AXIS2_PLACEMENT_3D('',#441,#442,#443);
#441 = CARTESIAN_POINT('',(-0.545,-0.4,4.5E-02));
#442 = DIRECTION('',(0.,1.,0.));
#443 = DIRECTION('',(1.,0.,0.));
#444 = ADVANCED_FACE('',(#445),#488,.F.);
#445 = FACE_BOUND('',#446,.F.);
#446 = EDGE_LOOP('',(#447,#448,#449,#450,#458,#466,#474,#482));
#447 = ORIENTED_EDGE('',*,*,#274,.F.);
#448 = ORIENTED_EDGE('',*,*,#266,.T.);
#449 = ORIENTED_EDGE('',*,*,#258,.T.);
#450 = ORIENTED_EDGE('',*,*,#451,.T.);
#451 = EDGE_CURVE('',#250,#452,#454,.T.);
#452 = VERTEX_POINT('',#453);
#453 = CARTESIAN_POINT('',(0.5,-0.4,0.405));
#454 = LINE('',#455,#456);
#455 = CARTESIAN_POINT('',(-0.5,-0.4,0.405));
#456 = VECTOR('',#457,1.);
#457 = DIRECTION('',(1.,0.,0.));
#458 = ORIENTED_EDGE('',*,*,#459,.T.);
#459 = EDGE_CURVE('',#452,#460,#462,.T.);
#460 = VERTEX_POINT('',#461);
#461 = CARTESIAN_POINT('',(0.755,-0.4,0.405));
#462 = LINE('',#463,#464);
#463 = CARTESIAN_POINT('',(-0.755,-0.4,0.405));
#464 = VECTOR('',#465,1.);
#465 = DIRECTION('',(1.,0.,0.));
#466 = ORIENTED_EDGE('',*,*,#467,.F.);
#467 = EDGE_CURVE('',#468,#460,#470,.T.);
#468 = VERTEX_POINT('',#469);
#469 = CARTESIAN_POINT('',(0.755,-0.4,4.5E-02));
#470 = LINE('',#471,#472);
#471 = CARTESIAN_POINT('',(0.755,-0.4,4.5E-02));
#472 = VECTOR('',#473,1.);
#473 = DIRECTION('',(0.,0.,1.));
#474 = ORIENTED_EDGE('',*,*,#475,.F.);
#475 = EDGE_CURVE('',#476,#468,#478,.T.);
#476 = VERTEX_POINT('',#477);
#477 = CARTESIAN_POINT('',(0.5,-0.4,4.5E-02));
#478 = LINE('',#479,#480);
#479 = CARTESIAN_POINT('',(-0.755,-0.4,4.5E-02));
#480 = VECTOR('',#481,1.);
#481 = DIRECTION('',(1.,0.,0.));
#482 = ORIENTED_EDGE('',*,*,#483,.F.);
#483 = EDGE_CURVE('',#275,#476,#484,.T.);
#484 = LINE('',#485,#486);
#485 = CARTESIAN_POINT('',(-0.755,-0.4,4.5E-02));
#486 = VECTOR('',#487,1.);
#487 = DIRECTION('',(1.,0.,0.));
#488 = PLANE('',#489);
#489 = AXIS2_PLACEMENT_3D('',#490,#491,#492);
#490 = CARTESIAN_POINT('',(-0.755,-0.4,4.5E-02));
#491 = DIRECTION('',(0.,1.,0.));
#492 = DIRECTION('',(0.,-0.,1.));
#493 = ADVANCED_FACE('',(#494),#505,.T.);
#494 = FACE_BOUND('',#495,.T.);
#495 = EDGE_LOOP('',(#496,#497,#498,#499));
#496 = ORIENTED_EDGE('',*,*,#358,.F.);
#497 = ORIENTED_EDGE('',*,*,#323,.F.);
#498 = ORIENTED_EDGE('',*,*,#241,.T.);
#499 = ORIENTED_EDGE('',*,*,#500,.T.);
#500 = EDGE_CURVE('',#242,#359,#501,.T.);
#501 = LINE('',#502,#503);
#502 = CARTESIAN_POINT('',(-0.545,-0.4,0.45));
#503 = VECTOR('',#504,1.);
#504 = DIRECTION('',(0.,1.,0.));
#505 = PLANE('',#506);
#506 = AXIS2_PLACEMENT_3D('',#507,#508,#509);
#507 = CARTESIAN_POINT('',(-0.8,-0.4,0.45));
#508 = DIRECTION('',(0.,0.,1.));
#509 = DIRECTION('',(1.,0.,-0.));
#510 = ADVANCED_FACE('',(#511),#522,.T.);
#511 = FACE_BOUND('',#512,.T.);
#512 = EDGE_LOOP('',(#513,#519,#520,#521));
#513 = ORIENTED_EDGE('',*,*,#514,.T.);
#514 = EDGE_CURVE('',#250,#367,#515,.T.);
#515 = LINE('',#516,#517);
#516 = CARTESIAN_POINT('',(-0.5,-0.4,0.405));
#517 = VECTOR('',#518,1.);
#518 = DIRECTION('',(0.,1.,0.));
#519 = ORIENTED_EDGE('',*,*,#366,.T.);
#520 = ORIENTED_EDGE('',*,*,#500,.F.);
#521 = ORIENTED_EDGE('',*,*,#249,.F.);
#522 = CYLINDRICAL_SURFACE('',#523,4.5E-02);
#523 = AXIS2_PLACEMENT_3D('',#524,#525,#526);
#524 = CARTESIAN_POINT('',(-0.545,-0.4,0.405));
#525 = DIRECTION('',(0.,1.,0.));
#526 = DIRECTION('',(1.,0.,0.));
#527 = ADVANCED_FACE('',(#528),#571,.T.);
#528 = FACE_BOUND('',#529,.T.);
#529 = EDGE_LOOP('',(#530,#531,#532,#533,#541,#549,#557,#565));
#530 = ORIENTED_EDGE('',*,*,#391,.F.);
#531 = ORIENTED_EDGE('',*,*,#383,.T.);
#532 = ORIENTED_EDGE('',*,*,#375,.T.);
#533 = ORIENTED_EDGE('',*,*,#534,.T.);
#534 = EDGE_CURVE('',#367,#535,#537,.T.);
#535 = VERTEX_POINT('',#536);
#536 = CARTESIAN_POINT('',(0.5,0.4,0.405));
#537 = LINE('',#538,#539);
#538 = CARTESIAN_POINT('',(-0.5,0.4,0.405));
#539 = VECTOR('',#540,1.);
#540 = DIRECTION('',(1.,0.,0.));
#541 = ORIENTED_EDGE('',*,*,#542,.T.);
#542 = EDGE_CURVE('',#535,#543,#545,.T.);
#543 = VERTEX_POINT('',#544);
#544 = CARTESIAN_POINT('',(0.755,0.4,0.405));
#545 = LINE('',#546,#547);
#546 = CARTESIAN_POINT('',(-0.755,0.4,0.405));
#547 = VECTOR('',#548,1.);
#548 = DIRECTION('',(1.,0.,0.));
#549 = ORIENTED_EDGE('',*,*,#550,.F.);
#550 = EDGE_CURVE('',#551,#543,#553,.T.);
#551 = VERTEX_POINT('',#552);
#552 = CARTESIAN_POINT('',(0.755,0.4,4.5E-02));
#553 = LINE('',#554,#555);
#554 = CARTESIAN_POINT('',(0.755,0.4,4.5E-02));
#555 = VECTOR('',#556,1.);
#556 = DIRECTION('',(0.,0.,1.));
#557 = ORIENTED_EDGE('',*,*,#558,.F.);
#558 = EDGE_CURVE('',#559,#551,#561,.T.);
#559 = VERTEX_POINT('',#560);
#560 = CARTESIAN_POINT('',(0.5,0.4,4.5E-02));
#561 = LINE('',#562,#563);
#562 = CARTESIAN_POINT('',(-0.755,0.4,4.5E-02));
#563 = VECTOR('',#564,1.);
#564 = DIRECTION('',(1.,0.,0.));
#565 = ORIENTED_EDGE('',*,*,#566,.F.);
#566 = EDGE_CURVE('',#392,#559,#567,.T.);
#567 = LINE('',#568,#569);
#568 = CARTESIAN_POINT('',(-0.755,0.4,4.5E-02));
#569 = VECTOR('',#570,1.);
#570 = DIRECTION('',(1.,0.,0.));
#571 = PLANE('',#572);
#572 = AXIS2_PLACEMENT_3D('',#573,#574,#575);
#573 = CARTESIAN_POINT('',(-0.755,0.4,4.5E-02));
#574 = DIRECTION('',(0.,1.,0.));
#575 = DIRECTION('',(0.,-0.,1.));
#576 = ADVANCED_FACE('',(#577),#588,.F.);
#577 = FACE_BOUND('',#578,.F.);
#578 = EDGE_LOOP('',(#579,#580,#581,#587));
#579 = ORIENTED_EDGE('',*,*,#434,.F.);
#580 = ORIENTED_EDGE('',*,*,#483,.T.);
#581 = ORIENTED_EDGE('',*,*,#582,.T.);
#582 = EDGE_CURVE('',#476,#559,#583,.T.);
#583 = LINE('',#584,#585);
#584 = CARTESIAN_POINT('',(0.5,-0.4,4.5E-02));
#585 = VECTOR('',#586,1.);
#586 = DIRECTION('',(0.,1.,0.));
#587 = ORIENTED_EDGE('',*,*,#566,.F.);
#588 = PLANE('',#589);
#589 = AXIS2_PLACEMENT_3D('',#590,#591,#592);
#590 = CARTESIAN_POINT('',(-0.755,-0.4,4.5E-02));
#591 = DIRECTION('',(0.,0.,1.));
#592 = DIRECTION('',(1.,0.,-0.));
#593 = ADVANCED_FACE('',(#594),#657,.F.);
#594 = FACE_BOUND('',#595,.F.);
#595 = EDGE_LOOP('',(#596,#606,#613,#614,#615,#616,#625,#633,#642,#650)
  );
#596 = ORIENTED_EDGE('',*,*,#597,.F.);
#597 = EDGE_CURVE('',#598,#600,#602,.T.);
#598 = VERTEX_POINT('',#599);
#599 = CARTESIAN_POINT('',(0.545,-0.4,-2.775557561563E-17));
#600 = VERTEX_POINT('',#601);
#601 = CARTESIAN_POINT('',(0.755,-0.4,-2.775557561563E-17));
#602 = LINE('',#603,#604);
#603 = CARTESIAN_POINT('',(0.5,-0.4,0.));
#604 = VECTOR('',#605,1.);
#605 = DIRECTION('',(1.,0.,0.));
#606 = ORIENTED_EDGE('',*,*,#607,.F.);
#607 = EDGE_CURVE('',#476,#598,#608,.T.);
#608 = CIRCLE('',#609,4.5E-02);
#609 = AXIS2_PLACEMENT_3D('',#610,#611,#612);
#610 = CARTESIAN_POINT('',(0.545,-0.4,4.5E-02));
#611 = DIRECTION('',(0.,-1.,0.));
#612 = DIRECTION('',(0.,0.,1.));
#613 = ORIENTED_EDGE('',*,*,#475,.T.);
#614 = ORIENTED_EDGE('',*,*,#467,.T.);
#615 = ORIENTED_EDGE('',*,*,#459,.F.);
#616 = ORIENTED_EDGE('',*,*,#617,.T.);
#617 = EDGE_CURVE('',#452,#618,#620,.T.);
#618 = VERTEX_POINT('',#619);
#619 = CARTESIAN_POINT('',(0.545,-0.4,0.45));
#620 = CIRCLE('',#621,4.5E-02);
#621 = AXIS2_PLACEMENT_3D('',#622,#623,#624);
#622 = CARTESIAN_POINT('',(0.545,-0.4,0.405));
#623 = DIRECTION('',(0.,1.,0.));
#624 = DIRECTION('',(0.,-0.,1.));
#625 = ORIENTED_EDGE('',*,*,#626,.T.);
#626 = EDGE_CURVE('',#618,#627,#629,.T.);
#627 = VERTEX_POINT('',#628);
#628 = CARTESIAN_POINT('',(0.755,-0.4,0.45));
#629 = LINE('',#630,#631);
#630 = CARTESIAN_POINT('',(0.5,-0.4,0.45));
#631 = VECTOR('',#632,1.);
#632 = DIRECTION('',(1.,0.,0.));
#633 = ORIENTED_EDGE('',*,*,#634,.F.);
#634 = EDGE_CURVE('',#635,#627,#637,.T.);
#635 = VERTEX_POINT('',#636);
#636 = CARTESIAN_POINT('',(0.8,-0.4,0.405));
#637 = CIRCLE('',#638,4.5E-02);
#638 = AXIS2_PLACEMENT_3D('',#639,#640,#641);
#639 = CARTESIAN_POINT('',(0.755,-0.4,0.405));
#640 = DIRECTION('',(0.,-1.,0.));
#641 = DIRECTION('',(0.,0.,1.));
#642 = ORIENTED_EDGE('',*,*,#643,.F.);
#643 = EDGE_CURVE('',#644,#635,#646,.T.);
#644 = VERTEX_POINT('',#645);
#645 = CARTESIAN_POINT('',(0.8,-0.4,4.5E-02));
#646 = LINE('',#647,#648);
#647 = CARTESIAN_POINT('',(0.8,-0.4,0.));
#648 = VECTOR('',#649,1.);
#649 = DIRECTION('',(0.,0.,1.));
#650 = ORIENTED_EDGE('',*,*,#651,.T.);
#651 = EDGE_CURVE('',#644,#600,#652,.T.);
#652 = CIRCLE('',#653,4.5E-02);
#653 = AXIS2_PLACEMENT_3D('',#654,#655,#656);
#654 = CARTESIAN_POINT('',(0.755,-0.4,4.5E-02));
#655 = DIRECTION('',(0.,1.,0.));
#656 = DIRECTION('',(0.,-0.,1.));
#657 = PLANE('',#658);
#658 = AXIS2_PLACEMENT_3D('',#659,#660,#661);
#659 = CARTESIAN_POINT('',(0.5,-0.4,0.));
#660 = DIRECTION('',(0.,1.,0.));
#661 = DIRECTION('',(0.,-0.,1.));
#662 = ADVANCED_FACE('',(#663),#688,.F.);
#663 = FACE_BOUND('',#664,.F.);
#664 = EDGE_LOOP('',(#665,#666,#674,#682));
#665 = ORIENTED_EDGE('',*,*,#451,.F.);
#666 = ORIENTED_EDGE('',*,*,#667,.T.);
#667 = EDGE_CURVE('',#250,#668,#670,.T.);
#668 = VERTEX_POINT('',#669);
#669 = CARTESIAN_POINT('',(-0.5,-0.4,0.45));
#670 = LINE('',#671,#672);
#671 = CARTESIAN_POINT('',(-0.5,-0.4,0.405));
#672 = VECTOR('',#673,1.);
#673 = DIRECTION('',(0.,0.,1.));
#674 = ORIENTED_EDGE('',*,*,#675,.T.);
#675 = EDGE_CURVE('',#668,#676,#678,.T.);
#676 = VERTEX_POINT('',#677);
#677 = CARTESIAN_POINT('',(0.5,-0.4,0.45));
#678 = LINE('',#679,#680);
#679 = CARTESIAN_POINT('',(-0.5,-0.4,0.45));
#680 = VECTOR('',#681,1.);
#681 = DIRECTION('',(1.,0.,0.));
#682 = ORIENTED_EDGE('',*,*,#683,.F.);
#683 = EDGE_CURVE('',#452,#676,#684,.T.);
#684 = LINE('',#685,#686);
#685 = CARTESIAN_POINT('',(0.5,-0.4,0.405));
#686 = VECTOR('',#687,1.);
#687 = DIRECTION('',(0.,0.,1.));
#688 = PLANE('',#689);
#689 = AXIS2_PLACEMENT_3D('',#690,#691,#692);
#690 = CARTESIAN_POINT('',(-0.5,-0.4,0.405));
#691 = DIRECTION('',(0.,1.,0.));
#692 = DIRECTION('',(0.,-0.,1.));
#693 = ADVANCED_FACE('',(#694),#712,.F.);
#694 = FACE_BOUND('',#695,.F.);
#695 = EDGE_LOOP('',(#696,#697,#698,#706));
#696 = ORIENTED_EDGE('',*,*,#667,.F.);
#697 = ORIENTED_EDGE('',*,*,#514,.T.);
#698 = ORIENTED_EDGE('',*,*,#699,.T.);
#699 = EDGE_CURVE('',#367,#700,#702,.T.);
#700 = VERTEX_POINT('',#701);
#701 = CARTESIAN_POINT('',(-0.5,0.4,0.45));
#702 = LINE('',#703,#704);
#703 = CARTESIAN_POINT('',(-0.5,0.4,0.405));
#704 = VECTOR('',#705,1.);
#705 = DIRECTION('',(0.,0.,1.));
#706 = ORIENTED_EDGE('',*,*,#707,.F.);
#707 = EDGE_CURVE('',#668,#700,#708,.T.);
#708 = LINE('',#709,#710);
#709 = CARTESIAN_POINT('',(-0.5,-0.4,0.45));
#710 = VECTOR('',#711,1.);
#711 = DIRECTION('',(0.,1.,0.));
#712 = PLANE('',#713);
#713 = AXIS2_PLACEMENT_3D('',#714,#715,#716);
#714 = CARTESIAN_POINT('',(-0.5,-0.4,0.405));
#715 = DIRECTION('',(1.,0.,0.));
#716 = DIRECTION('',(0.,0.,1.));
#717 = ADVANCED_FACE('',(#718),#781,.T.);
#718 = FACE_BOUND('',#719,.T.);
#719 = EDGE_LOOP('',(#720,#730,#737,#738,#739,#740,#749,#757,#766,#774)
  );
#720 = ORIENTED_EDGE('',*,*,#721,.F.);
#721 = EDGE_CURVE('',#722,#724,#726,.T.);
#722 = VERTEX_POINT('',#723);
#723 = CARTESIAN_POINT('',(0.545,0.4,-2.775557561563E-17));
#724 = VERTEX_POINT('',#725);
#725 = CARTESIAN_POINT('',(0.755,0.4,-2.775557561563E-17));
#726 = LINE('',#727,#728);
#727 = CARTESIAN_POINT('',(0.5,0.4,0.));
#728 = VECTOR('',#729,1.);
#729 = DIRECTION('',(1.,0.,0.));
#730 = ORIENTED_EDGE('',*,*,#731,.F.);
#731 = EDGE_CURVE('',#559,#722,#732,.T.);
#732 = CIRCLE('',#733,4.5E-02);
#733 = AXIS2_PLACEMENT_3D('',#734,#735,#736);
#734 = CARTESIAN_POINT('',(0.545,0.4,4.5E-02));
#735 = DIRECTION('',(0.,-1.,0.));
#736 = DIRECTION('',(0.,0.,1.));
#737 = ORIENTED_EDGE('',*,*,#558,.T.);
#738 = ORIENTED_EDGE('',*,*,#550,.T.);
#739 = ORIENTED_EDGE('',*,*,#542,.F.);
#740 = ORIENTED_EDGE('',*,*,#741,.T.);
#741 = EDGE_CURVE('',#535,#742,#744,.T.);
#742 = VERTEX_POINT('',#743);
#743 = CARTESIAN_POINT('',(0.545,0.4,0.45));
#744 = CIRCLE('',#745,4.5E-02);
#745 = AXIS2_PLACEMENT_3D('',#746,#747,#748);
#746 = CARTESIAN_POINT('',(0.545,0.4,0.405));
#747 = DIRECTION('',(0.,1.,0.));
#748 = DIRECTION('',(0.,-0.,1.));
#749 = ORIENTED_EDGE('',*,*,#750,.T.);
#750 = EDGE_CURVE('',#742,#751,#753,.T.);
#751 = VERTEX_POINT('',#752);
#752 = CARTESIAN_POINT('',(0.755,0.4,0.45));
#753 = LINE('',#754,#755);
#754 = CARTESIAN_POINT('',(0.5,0.4,0.45));
#755 = VECTOR('',#756,1.);
#756 = DIRECTION('',(1.,0.,0.));
#757 = ORIENTED_EDGE('',*,*,#758,.F.);
#758 = EDGE_CURVE('',#759,#751,#761,.T.);
#759 = VERTEX_POINT('',#760);
#760 = CARTESIAN_POINT('',(0.8,0.4,0.405));
#761 = CIRCLE('',#762,4.5E-02);
#762 = AXIS2_PLACEMENT_3D('',#763,#764,#765);
#763 = CARTESIAN_POINT('',(0.755,0.4,0.405));
#764 = DIRECTION('',(0.,-1.,0.));
#765 = DIRECTION('',(0.,0.,1.));
#766 = ORIENTED_EDGE('',*,*,#767,.F.);
#767 = EDGE_CURVE('',#768,#759,#770,.T.);
#768 = VERTEX_POINT('',#769);
#769 = CARTESIAN_POINT('',(0.8,0.4,4.5E-02));
#770 = LINE('',#771,#772);
#771 = CARTESIAN_POINT('',(0.8,0.4,0.));
#772 = VECTOR('',#773,1.);
#773 = DIRECTION('',(0.,0.,1.));
#774 = ORIENTED_EDGE('',*,*,#775,.T.);
#775 = EDGE_CURVE('',#768,#724,#776,.T.);
#776 = CIRCLE('',#777,4.5E-02);
#777 = AXIS2_PLACEMENT_3D('',#778,#779,#780);
#778 = CARTESIAN_POINT('',(0.755,0.4,4.5E-02));
#779 = DIRECTION('',(0.,1.,0.));
#780 = DIRECTION('',(0.,-0.,1.));
#781 = PLANE('',#782);
#782 = AXIS2_PLACEMENT_3D('',#783,#784,#785);
#783 = CARTESIAN_POINT('',(0.5,0.4,0.));
#784 = DIRECTION('',(0.,1.,0.));
#785 = DIRECTION('',(0.,-0.,1.));
#786 = ADVANCED_FACE('',(#787),#805,.T.);
#787 = FACE_BOUND('',#788,.T.);
#788 = EDGE_LOOP('',(#789,#790,#791,#799));
#789 = ORIENTED_EDGE('',*,*,#534,.F.);
#790 = ORIENTED_EDGE('',*,*,#699,.T.);
#791 = ORIENTED_EDGE('',*,*,#792,.T.);
#792 = EDGE_CURVE('',#700,#793,#795,.T.);
#793 = VERTEX_POINT('',#794);
#794 = CARTESIAN_POINT('',(0.5,0.4,0.45));
#795 = LINE('',#796,#797);
#796 = CARTESIAN_POINT('',(-0.5,0.4,0.45));
#797 = VECTOR('',#798,1.);
#798 = DIRECTION('',(1.,0.,0.));
#799 = ORIENTED_EDGE('',*,*,#800,.F.);
#800 = EDGE_CURVE('',#535,#793,#801,.T.);
#801 = LINE('',#802,#803);
#802 = CARTESIAN_POINT('',(0.5,0.4,0.405));
#803 = VECTOR('',#804,1.);
#804 = DIRECTION('',(0.,0.,1.));
#805 = PLANE('',#806);
#806 = AXIS2_PLACEMENT_3D('',#807,#808,#809);
#807 = CARTESIAN_POINT('',(-0.5,0.4,0.405));
#808 = DIRECTION('',(0.,1.,0.));
#809 = DIRECTION('',(0.,-0.,1.));
#810 = ADVANCED_FACE('',(#811),#822,.T.);
#811 = FACE_BOUND('',#812,.T.);
#812 = EDGE_LOOP('',(#813,#814,#815,#821));
#813 = ORIENTED_EDGE('',*,*,#582,.T.);
#814 = ORIENTED_EDGE('',*,*,#731,.T.);
#815 = ORIENTED_EDGE('',*,*,#816,.F.);
#816 = EDGE_CURVE('',#598,#722,#817,.T.);
#817 = LINE('',#818,#819);
#818 = CARTESIAN_POINT('',(0.545,-0.4,-2.775557561563E-17));
#819 = VECTOR('',#820,1.);
#820 = DIRECTION('',(0.,1.,0.));
#821 = ORIENTED_EDGE('',*,*,#607,.F.);
#822 = CYLINDRICAL_SURFACE('',#823,4.5E-02);
#823 = AXIS2_PLACEMENT_3D('',#824,#825,#826);
#824 = CARTESIAN_POINT('',(0.545,-0.4,4.5E-02));
#825 = DIRECTION('',(0.,1.,0.));
#826 = DIRECTION('',(-1.,0.,0.));
#827 = ADVANCED_FACE('',(#828),#839,.F.);
#828 = FACE_BOUND('',#829,.F.);
#829 = EDGE_LOOP('',(#830,#831,#832,#833));
#830 = ORIENTED_EDGE('',*,*,#721,.F.);
#831 = ORIENTED_EDGE('',*,*,#816,.F.);
#832 = ORIENTED_EDGE('',*,*,#597,.T.);
#833 = ORIENTED_EDGE('',*,*,#834,.T.);
#834 = EDGE_CURVE('',#600,#724,#835,.T.);
#835 = LINE('',#836,#837);
#836 = CARTESIAN_POINT('',(0.755,-0.4,-2.775557561563E-17));
#837 = VECTOR('',#838,1.);
#838 = DIRECTION('',(0.,1.,0.));
#839 = PLANE('',#840);
#840 = AXIS2_PLACEMENT_3D('',#841,#842,#843);
#841 = CARTESIAN_POINT('',(0.5,-0.4,0.));
#842 = DIRECTION('',(0.,0.,1.));
#843 = DIRECTION('',(1.,0.,-0.));
#844 = ADVANCED_FACE('',(#845),#856,.T.);
#845 = FACE_BOUND('',#846,.T.);
#846 = EDGE_LOOP('',(#847,#848,#849,#850));
#847 = ORIENTED_EDGE('',*,*,#651,.T.);
#848 = ORIENTED_EDGE('',*,*,#834,.T.);
#849 = ORIENTED_EDGE('',*,*,#775,.F.);
#850 = ORIENTED_EDGE('',*,*,#851,.F.);
#851 = EDGE_CURVE('',#644,#768,#852,.T.);
#852 = LINE('',#853,#854);
#853 = CARTESIAN_POINT('',(0.8,-0.4,4.5E-02));
#854 = VECTOR('',#855,1.);
#855 = DIRECTION('',(0.,1.,0.));
#856 = CYLINDRICAL_SURFACE('',#857,4.5E-02);
#857 = AXIS2_PLACEMENT_3D('',#858,#859,#860);
#858 = CARTESIAN_POINT('',(0.755,-0.4,4.5E-02));
#859 = DIRECTION('',(0.,1.,0.));
#860 = DIRECTION('',(1.,0.,0.));
#861 = ADVANCED_FACE('',(#862),#873,.T.);
#862 = FACE_BOUND('',#863,.T.);
#863 = EDGE_LOOP('',(#864,#865,#866,#867));
#864 = ORIENTED_EDGE('',*,*,#643,.F.);
#865 = ORIENTED_EDGE('',*,*,#851,.T.);
#866 = ORIENTED_EDGE('',*,*,#767,.T.);
#867 = ORIENTED_EDGE('',*,*,#868,.F.);
#868 = EDGE_CURVE('',#635,#759,#869,.T.);
#869 = LINE('',#870,#871);
#870 = CARTESIAN_POINT('',(0.8,-0.4,0.405));
#871 = VECTOR('',#872,1.);
#872 = DIRECTION('',(0.,1.,0.));
#873 = PLANE('',#874);
#874 = AXIS2_PLACEMENT_3D('',#875,#876,#877);
#875 = CARTESIAN_POINT('',(0.8,-0.4,0.));
#876 = DIRECTION('',(1.,0.,0.));
#877 = DIRECTION('',(0.,0.,1.));
#878 = ADVANCED_FACE('',(#879),#890,.T.);
#879 = FACE_BOUND('',#880,.T.);
#880 = EDGE_LOOP('',(#881,#882,#883,#889));
#881 = ORIENTED_EDGE('',*,*,#868,.T.);
#882 = ORIENTED_EDGE('',*,*,#758,.T.);
#883 = ORIENTED_EDGE('',*,*,#884,.F.);
#884 = EDGE_CURVE('',#627,#751,#885,.T.);
#885 = LINE('',#886,#887);
#886 = CARTESIAN_POINT('',(0.755,-0.4,0.45));
#887 = VECTOR('',#888,1.);
#888 = DIRECTION('',(0.,1.,0.));
#889 = ORIENTED_EDGE('',*,*,#634,.F.);
#890 = CYLINDRICAL_SURFACE('',#891,4.5E-02);
#891 = AXIS2_PLACEMENT_3D('',#892,#893,#894);
#892 = CARTESIAN_POINT('',(0.755,-0.4,0.405));
#893 = DIRECTION('',(0.,1.,0.));
#894 = DIRECTION('',(1.,0.,0.));
#895 = ADVANCED_FACE('',(#896),#907,.T.);
#896 = FACE_BOUND('',#897,.T.);
#897 = EDGE_LOOP('',(#898,#899,#905,#906));
#898 = ORIENTED_EDGE('',*,*,#750,.F.);
#899 = ORIENTED_EDGE('',*,*,#900,.F.);
#900 = EDGE_CURVE('',#618,#742,#901,.T.);
#901 = LINE('',#902,#903);
#902 = CARTESIAN_POINT('',(0.545,-0.4,0.45));
#903 = VECTOR('',#904,1.);
#904 = DIRECTION('',(0.,1.,0.));
#905 = ORIENTED_EDGE('',*,*,#626,.T.);
#906 = ORIENTED_EDGE('',*,*,#884,.T.);
#907 = PLANE('',#908);
#908 = AXIS2_PLACEMENT_3D('',#909,#910,#911);
#909 = CARTESIAN_POINT('',(0.5,-0.4,0.45));
#910 = DIRECTION('',(0.,0.,1.));
#911 = DIRECTION('',(1.,0.,-0.));
#912 = ADVANCED_FACE('',(#913),#924,.T.);
#913 = FACE_BOUND('',#914,.T.);
#914 = EDGE_LOOP('',(#915,#916,#917,#918));
#915 = ORIENTED_EDGE('',*,*,#617,.T.);
#916 = ORIENTED_EDGE('',*,*,#900,.T.);
#917 = ORIENTED_EDGE('',*,*,#741,.F.);
#918 = ORIENTED_EDGE('',*,*,#919,.F.);
#919 = EDGE_CURVE('',#452,#535,#920,.T.);
#920 = LINE('',#921,#922);
#921 = CARTESIAN_POINT('',(0.5,-0.4,0.405));
#922 = VECTOR('',#923,1.);
#923 = DIRECTION('',(0.,1.,0.));
#924 = CYLINDRICAL_SURFACE('',#925,4.5E-02);
#925 = AXIS2_PLACEMENT_3D('',#926,#927,#928);
#926 = CARTESIAN_POINT('',(0.545,-0.4,0.405));
#927 = DIRECTION('',(0.,1.,0.));
#928 = DIRECTION('',(-1.,0.,0.));
#929 = ADVANCED_FACE('',(#930),#941,.T.);
#930 = FACE_BOUND('',#931,.T.);
#931 = EDGE_LOOP('',(#932,#933,#934,#935));
#932 = ORIENTED_EDGE('',*,*,#683,.F.);
#933 = ORIENTED_EDGE('',*,*,#919,.T.);
#934 = ORIENTED_EDGE('',*,*,#800,.T.);
#935 = ORIENTED_EDGE('',*,*,#936,.F.);
#936 = EDGE_CURVE('',#676,#793,#937,.T.);
#937 = LINE('',#938,#939);
#938 = CARTESIAN_POINT('',(0.5,-0.4,0.45));
#939 = VECTOR('',#940,1.);
#940 = DIRECTION('',(0.,1.,0.));
#941 = PLANE('',#942);
#942 = AXIS2_PLACEMENT_3D('',#943,#944,#945);
#943 = CARTESIAN_POINT('',(0.5,-0.4,0.405));
#944 = DIRECTION('',(1.,0.,0.));
#945 = DIRECTION('',(0.,0.,1.));
#946 = ADVANCED_FACE('',(#947),#953,.T.);
#947 = FACE_BOUND('',#948,.T.);
#948 = EDGE_LOOP('',(#949,#950,#951,#952));
#949 = ORIENTED_EDGE('',*,*,#707,.F.);
#950 = ORIENTED_EDGE('',*,*,#675,.T.);
#951 = ORIENTED_EDGE('',*,*,#936,.T.);
#952 = ORIENTED_EDGE('',*,*,#792,.F.);
#953 = PLANE('',#954);
#954 = AXIS2_PLACEMENT_3D('',#955,#956,#957);
#955 = CARTESIAN_POINT('',(-0.5,-0.4,0.45));
#956 = DIRECTION('',(0.,0.,1.));
#957 = DIRECTION('',(1.,0.,-0.));
#958 = ( GEOMETRIC_REPRESENTATION_CONTEXT(3) 
GLOBAL_UNCERTAINTY_ASSIGNED_CONTEXT((#962)) GLOBAL_UNIT_ASSIGNED_CONTEXT
((#959,#960,#961)) REPRESENTATION_CONTEXT('Context #1',
  '3D Context with UNIT and UNCERTAINTY') );
#959 = ( LENGTH_UNIT() NAMED_UNIT(*) SI_UNIT(.MILLI.,.METRE.) );
#960 = ( NAMED_UNIT(*) PLANE_ANGLE_UNIT() SI_UNIT($,.RADIAN.) );
#961 = ( NAMED_UNIT(*) SI_UNIT($,.STERADIAN.) SOLID_ANGLE_UNIT() );
#962 = UNCERTAINTY_MEASURE_WITH_UNIT(LENGTH_MEASURE(1.E-07),#959,
  'distance_accuracy_value','confusion accuracy');
#963 = CONTEXT_DEPENDENT_SHAPE_REPRESENTATION(#964,#966);
#964 = ( REPRESENTATION_RELATIONSHIP('','',#167,#144) 
REPRESENTATION_RELATIONSHIP_WITH_TRANSFORMATION(#965) 
SHAPE_REPRESENTATION_RELATIONSHIP() );
#965 = ITEM_DEFINED_TRANSFORMATION('','',#11,#145);
#966 = PRODUCT_DEFINITION_SHAPE('Placement','Placement of an item',#967
  );
#967 = NEXT_ASSEMBLY_USAGE_OCCURRENCE('1','=>[0:1:1:3]','',#139,#162,$);
#968 = PRODUCT_RELATED_PRODUCT_CATEGORY('part',$,(#164));
#969 = CONTEXT_DEPENDENT_SHAPE_REPRESENTATION(#970,#972);
#970 = ( REPRESENTATION_RELATIONSHIP('','',#144,#10) 
REPRESENTATION_RELATIONSHIP_WITH_TRANSFORMATION(#971) 
SHAPE_REPRESENTATION_RELATIONSHIP() );
#971 = ITEM_DEFINED_TRANSFORMATION('','',#11,#19);
#972 = PRODUCT_DEFINITION_SHAPE('Placement','Placement of an item',#973
  );
#973 = NEXT_ASSEMBLY_USAGE_OCCURRENCE('3','R5','',#5,#139,$);
#974 = SHAPE_DEFINITION_REPRESENTATION(#975,#981);
#975 = PRODUCT_DEFINITION_SHAPE('','',#976);
#976 = PRODUCT_DEFINITION('design','',#977,#980);
#977 = PRODUCT_DEFINITION_FORMATION('','',#978);
#978 = PRODUCT('C_0603_1608Metric','C_0603_1608Metric','',(#979));
#979 = PRODUCT_CONTEXT('',#2,'mechanical');
#980 = PRODUCT_DEFINITION_CONTEXT('part definition',#2,'design');
#981 = SHAPE_REPRESENTATION('',(#11,#982),#986);
#982 = AXIS2_PLACEMENT_3D('',#983,#984,#985);
#983 = CARTESIAN_POINT('',(0.,0.,0.));
#984 = DIRECTION('',(0.,0.,1.));
#985 = DIRECTION('',(1.,0.,-0.));
#986 = ( GEOMETRIC_REPRESENTATION_CONTEXT(3) 
GLOBAL_UNCERTAINTY_ASSIGNED_CONTEXT((#990)) GLOBAL_UNIT_ASSIGNED_CONTEXT
((#987,#988,#989)) REPRESENTATION_CONTEXT('Context #1',
  '3D Context with UNIT and UNCERTAINTY') );
#987 = ( LENGTH_UNIT() NAMED_UNIT(*) SI_UNIT(.MILLI.,.METRE.) );
#988 = ( NAMED_UNIT(*) PLANE_ANGLE_UNIT() SI_UNIT($,.RADIAN.) );
#989 = ( NAMED_UNIT(*) SI_UNIT($,.STERADIAN.) SOLID_ANGLE_UNIT() );
#990 = UNCERTAINTY_MEASURE_WITH_UNIT(LENGTH_MEASURE(1.E-07),#987,
  'distance_accuracy_value','confusion accuracy');
#991 = CONTEXT_DEPENDENT_SHAPE_REPRESENTATION(#992,#994);
#992 = ( REPRESENTATION_RELATIONSHIP('','',#981,#10) 
REPRESENTATION_RELATIONSHIP_WITH_TRANSFORMATION(#993) 
SHAPE_REPRESENTATION_RELATIONSHIP() );
#993 = ITEM_DEFINED_TRANSFORMATION('','',#11,#23);
#994 = PRODUCT_DEFINITION_SHAPE('Placement','Placement of an item',#995
  );
#995 = NEXT_ASSEMBLY_USAGE_OCCURRENCE('5','C13','',#5,#976,$);
#996 = PRODUCT_RELATED_PRODUCT_CATEGORY('part',$,(#978));
#997 = SHAPE_DEFINITION_REPRESENTATION(#998,#1004);
#998 = PRODUCT_DEFINITION_SHAPE('','',#999);
#999 = PRODUCT_DEFINITION('design','',#1000,#1003);
#1000 = PRODUCT_DEFINITION_FORMATION('','',#1001);
#1001 = PRODUCT('C_0603_1608Metric','C_0603_1608Metric','',(#1002));
#1002 = PRODUCT_CONTEXT('',#2,'mechanical');
#1003 = PRODUCT_DEFINITION_CONTEXT('part definition',#2,'design');
#1004 = ADVANCED_BREP_SHAPE_REPRESENTATION('',(#11,#1005),#1859);
#1005 = MANIFOLD_SOLID_BREP('',#1006);
#1006 = CLOSED_SHELL('',(#1007,#1083,#1114,#1139,#1164,#1188,#1212,#1237
    ,#1262,#1279,#1365,#1397,#1421,#1446,#1470,#1495,#1519,#1544,#1561,
    #1647,#1678,#1703,#1728,#1752,#1776,#1801,#1826,#1843));
#1007 = ADVANCED_FACE('',(#1008),#1078,.F.);
#1008 = FACE_BOUND('',#1009,.F.);
#1009 = EDGE_LOOP('',(#1010,#1020,#1029,#1037,#1046,#1054,#1063,#1071));
#1010 = ORIENTED_EDGE('',*,*,#1011,.F.);
#1011 = EDGE_CURVE('',#1012,#1014,#1016,.T.);
#1012 = VERTEX_POINT('',#1013);
#1013 = CARTESIAN_POINT('',(-0.8,-0.4,3.E-02));
#1014 = VERTEX_POINT('',#1015);
#1015 = CARTESIAN_POINT('',(-0.8,-0.4,0.77));
#1016 = LINE('',#1017,#1018);
#1017 = CARTESIAN_POINT('',(-0.8,-0.4,0.));
#1018 = VECTOR('',#1019,1.);
#1019 = DIRECTION('',(0.,0.,1.));
#1020 = ORIENTED_EDGE('',*,*,#1021,.T.);
#1021 = EDGE_CURVE('',#1012,#1022,#1024,.T.);
#1022 = VERTEX_POINT('',#1023);
#1023 = CARTESIAN_POINT('',(-0.8,-0.37,0.));
#1024 = CIRCLE('',#1025,3.E-02);
#1025 = AXIS2_PLACEMENT_3D('',#1026,#1027,#1028);
#1026 = CARTESIAN_POINT('',(-0.8,-0.37,3.E-02));
#1027 = DIRECTION('',(1.,0.,-0.));
#1028 = DIRECTION('',(0.,0.,1.));
#1029 = ORIENTED_EDGE('',*,*,#1030,.T.);
#1030 = EDGE_CURVE('',#1022,#1031,#1033,.T.);
#1031 = VERTEX_POINT('',#1032);
#1032 = CARTESIAN_POINT('',(-0.8,0.37,0.));
#1033 = LINE('',#1034,#1035);
#1034 = CARTESIAN_POINT('',(-0.8,-0.4,0.));
#1035 = VECTOR('',#1036,1.);
#1036 = DIRECTION('',(0.,1.,0.));
#1037 = ORIENTED_EDGE('',*,*,#1038,.F.);
#1038 = EDGE_CURVE('',#1039,#1031,#1041,.T.);
#1039 = VERTEX_POINT('',#1040);
#1040 = CARTESIAN_POINT('',(-0.8,0.4,3.E-02));
#1041 = CIRCLE('',#1042,3.E-02);
#1042 = AXIS2_PLACEMENT_3D('',#1043,#1044,#1045);
#1043 = CARTESIAN_POINT('',(-0.8,0.37,3.E-02));
#1044 = DIRECTION('',(-1.,0.,0.));
#1045 = DIRECTION('',(0.,0.,1.));
#1046 = ORIENTED_EDGE('',*,*,#1047,.T.);
#1047 = EDGE_CURVE('',#1039,#1048,#1050,.T.);
#1048 = VERTEX_POINT('',#1049);
#1049 = CARTESIAN_POINT('',(-0.8,0.4,0.77));
#1050 = LINE('',#1051,#1052);
#1051 = CARTESIAN_POINT('',(-0.8,0.4,0.));
#1052 = VECTOR('',#1053,1.);
#1053 = DIRECTION('',(0.,0.,1.));
#1054 = ORIENTED_EDGE('',*,*,#1055,.T.);
#1055 = EDGE_CURVE('',#1048,#1056,#1058,.T.);
#1056 = VERTEX_POINT('',#1057);
#1057 = CARTESIAN_POINT('',(-0.8,0.37,0.8));
#1058 = CIRCLE('',#1059,3.E-02);
#1059 = AXIS2_PLACEMENT_3D('',#1060,#1061,#1062);
#1060 = CARTESIAN_POINT('',(-0.8,0.37,0.77));
#1061 = DIRECTION('',(1.,0.,-0.));
#1062 = DIRECTION('',(0.,0.,1.));
#1063 = ORIENTED_EDGE('',*,*,#1064,.F.);
#1064 = EDGE_CURVE('',#1065,#1056,#1067,.T.);
#1065 = VERTEX_POINT('',#1066);
#1066 = CARTESIAN_POINT('',(-0.8,-0.37,0.8));
#1067 = LINE('',#1068,#1069);
#1068 = CARTESIAN_POINT('',(-0.8,-0.4,0.8));
#1069 = VECTOR('',#1070,1.);
#1070 = DIRECTION('',(0.,1.,0.));
#1071 = ORIENTED_EDGE('',*,*,#1072,.F.);
#1072 = EDGE_CURVE('',#1014,#1065,#1073,.T.);
#1073 = CIRCLE('',#1074,3.E-02);
#1074 = AXIS2_PLACEMENT_3D('',#1075,#1076,#1077);
#1075 = CARTESIAN_POINT('',(-0.8,-0.37,0.77));
#1076 = DIRECTION('',(-1.,0.,0.));
#1077 = DIRECTION('',(0.,0.,1.));
#1078 = PLANE('',#1079);
#1079 = AXIS2_PLACEMENT_3D('',#1080,#1081,#1082);
#1080 = CARTESIAN_POINT('',(-0.8,-0.4,0.));
#1081 = DIRECTION('',(1.,0.,0.));
#1082 = DIRECTION('',(0.,0.,1.));
#1083 = ADVANCED_FACE('',(#1084),#1109,.F.);
#1084 = FACE_BOUND('',#1085,.F.);
#1085 = EDGE_LOOP('',(#1086,#1096,#1102,#1103));
#1086 = ORIENTED_EDGE('',*,*,#1087,.F.);
#1087 = EDGE_CURVE('',#1088,#1090,#1092,.T.);
#1088 = VERTEX_POINT('',#1089);
#1089 = CARTESIAN_POINT('',(-0.5,-0.4,3.E-02));
#1090 = VERTEX_POINT('',#1091);
#1091 = CARTESIAN_POINT('',(-0.5,-0.4,0.77));
#1092 = LINE('',#1093,#1094);
#1093 = CARTESIAN_POINT('',(-0.5,-0.4,0.));
#1094 = VECTOR('',#1095,1.);
#1095 = DIRECTION('',(0.,0.,1.));
#1096 = ORIENTED_EDGE('',*,*,#1097,.F.);
#1097 = EDGE_CURVE('',#1012,#1088,#1098,.T.);
#1098 = LINE('',#1099,#1100);
#1099 = CARTESIAN_POINT('',(-0.8,-0.4,3.E-02));
#1100 = VECTOR('',#1101,1.);
#1101 = DIRECTION('',(1.,0.,0.));
#1102 = ORIENTED_EDGE('',*,*,#1011,.T.);
#1103 = ORIENTED_EDGE('',*,*,#1104,.T.);
#1104 = EDGE_CURVE('',#1014,#1090,#1105,.T.);
#1105 = LINE('',#1106,#1107);
#1106 = CARTESIAN_POINT('',(-0.8,-0.4,0.77));
#1107 = VECTOR('',#1108,1.);
#1108 = DIRECTION('',(1.,0.,0.));
#1109 = PLANE('',#1110);
#1110 = AXIS2_PLACEMENT_3D('',#1111,#1112,#1113);
#1111 = CARTESIAN_POINT('',(-0.8,-0.4,0.));
#1112 = DIRECTION('',(0.,1.,0.));
#1113 = DIRECTION('',(0.,-0.,1.));
#1114 = ADVANCED_FACE('',(#1115),#1134,.T.);
#1115 = FACE_BOUND('',#1116,.T.);
#1116 = EDGE_LOOP('',(#1117,#1118,#1126,#1133));
#1117 = ORIENTED_EDGE('',*,*,#1021,.T.);
#1118 = ORIENTED_EDGE('',*,*,#1119,.T.);
#1119 = EDGE_CURVE('',#1022,#1120,#1122,.T.);
#1120 = VERTEX_POINT('',#1121);
#1121 = CARTESIAN_POINT('',(-0.5,-0.37,0.));
#1122 = LINE('',#1123,#1124);
#1123 = CARTESIAN_POINT('',(-0.8,-0.37,0.));
#1124 = VECTOR('',#1125,1.);
#1125 = DIRECTION('',(1.,0.,0.));
#1126 = ORIENTED_EDGE('',*,*,#1127,.F.);
#1127 = EDGE_CURVE('',#1088,#1120,#1128,.T.);
#1128 = CIRCLE('',#1129,3.E-02);
#1129 = AXIS2_PLACEMENT_3D('',#1130,#1131,#1132);
#1130 = CARTESIAN_POINT('',(-0.5,-0.37,3.E-02));
#1131 = DIRECTION('',(1.,0.,-0.));
#1132 = DIRECTION('',(0.,0.,1.));
#1133 = ORIENTED_EDGE('',*,*,#1097,.F.);
#1134 = CYLINDRICAL_SURFACE('',#1135,3.E-02);
#1135 = AXIS2_PLACEMENT_3D('',#1136,#1137,#1138);
#1136 = CARTESIAN_POINT('',(-0.8,-0.37,3.E-02));
#1137 = DIRECTION('',(1.,0.,0.));
#1138 = DIRECTION('',(0.,-1.,0.));
#1139 = ADVANCED_FACE('',(#1140),#1159,.T.);
#1140 = FACE_BOUND('',#1141,.T.);
#1141 = EDGE_LOOP('',(#1142,#1143,#1152,#1158));
#1142 = ORIENTED_EDGE('',*,*,#1104,.T.);
#1143 = ORIENTED_EDGE('',*,*,#1144,.T.);
#1144 = EDGE_CURVE('',#1090,#1145,#1147,.T.);
#1145 = VERTEX_POINT('',#1146);
#1146 = CARTESIAN_POINT('',(-0.5,-0.37,0.8));
#1147 = CIRCLE('',#1148,3.E-02);
#1148 = AXIS2_PLACEMENT_3D('',#1149,#1150,#1151);
#1149 = CARTESIAN_POINT('',(-0.5,-0.37,0.77));
#1150 = DIRECTION('',(-1.,0.,0.));
#1151 = DIRECTION('',(0.,0.,1.));
#1152 = ORIENTED_EDGE('',*,*,#1153,.F.);
#1153 = EDGE_CURVE('',#1065,#1145,#1154,.T.);
#1154 = LINE('',#1155,#1156);
#1155 = CARTESIAN_POINT('',(-0.8,-0.37,0.8));
#1156 = VECTOR('',#1157,1.);
#1157 = DIRECTION('',(1.,0.,0.));
#1158 = ORIENTED_EDGE('',*,*,#1072,.F.);
#1159 = CYLINDRICAL_SURFACE('',#1160,3.E-02);
#1160 = AXIS2_PLACEMENT_3D('',#1161,#1162,#1163);
#1161 = CARTESIAN_POINT('',(-0.8,-0.37,0.77));
#1162 = DIRECTION('',(1.,0.,0.));
#1163 = DIRECTION('',(0.,-1.,0.));
#1164 = ADVANCED_FACE('',(#1165),#1183,.F.);
#1165 = FACE_BOUND('',#1166,.F.);
#1166 = EDGE_LOOP('',(#1167,#1168,#1169,#1177));
#1167 = ORIENTED_EDGE('',*,*,#1030,.F.);
#1168 = ORIENTED_EDGE('',*,*,#1119,.T.);
#1169 = ORIENTED_EDGE('',*,*,#1170,.T.);
#1170 = EDGE_CURVE('',#1120,#1171,#1173,.T.);
#1171 = VERTEX_POINT('',#1172);
#1172 = CARTESIAN_POINT('',(-0.5,0.37,0.));
#1173 = LINE('',#1174,#1175);
#1174 = CARTESIAN_POINT('',(-0.5,-0.4,0.));
#1175 = VECTOR('',#1176,1.);
#1176 = DIRECTION('',(0.,1.,0.));
#1177 = ORIENTED_EDGE('',*,*,#1178,.F.);
#1178 = EDGE_CURVE('',#1031,#1171,#1179,.T.);
#1179 = LINE('',#1180,#1181);
#1180 = CARTESIAN_POINT('',(-0.8,0.37,0.));
#1181 = VECTOR('',#1182,1.);
#1182 = DIRECTION('',(1.,0.,0.));
#1183 = PLANE('',#1184);
#1184 = AXIS2_PLACEMENT_3D('',#1185,#1186,#1187);
#1185 = CARTESIAN_POINT('',(-0.8,-0.4,0.));
#1186 = DIRECTION('',(0.,0.,1.));
#1187 = DIRECTION('',(1.,0.,-0.));
#1188 = ADVANCED_FACE('',(#1189),#1207,.T.);
#1189 = FACE_BOUND('',#1190,.T.);
#1190 = EDGE_LOOP('',(#1191,#1192,#1193,#1201));
#1191 = ORIENTED_EDGE('',*,*,#1064,.F.);
#1192 = ORIENTED_EDGE('',*,*,#1153,.T.);
#1193 = ORIENTED_EDGE('',*,*,#1194,.T.);
#1194 = EDGE_CURVE('',#1145,#1195,#1197,.T.);
#1195 = VERTEX_POINT('',#1196);
#1196 = CARTESIAN_POINT('',(-0.5,0.37,0.8));
#1197 = LINE('',#1198,#1199);
#1198 = CARTESIAN_POINT('',(-0.5,-0.4,0.8));
#1199 = VECTOR('',#1200,1.);
#1200 = DIRECTION('',(0.,1.,0.));
#1201 = ORIENTED_EDGE('',*,*,#1202,.F.);
#1202 = EDGE_CURVE('',#1056,#1195,#1203,.T.);
#1203 = LINE('',#1204,#1205);
#1204 = CARTESIAN_POINT('',(-0.8,0.37,0.8));
#1205 = VECTOR('',#1206,1.);
#1206 = DIRECTION('',(1.,0.,0.));
#1207 = PLANE('',#1208);
#1208 = AXIS2_PLACEMENT_3D('',#1209,#1210,#1211);
#1209 = CARTESIAN_POINT('',(-0.8,-0.4,0.8));
#1210 = DIRECTION('',(0.,0.,1.));
#1211 = DIRECTION('',(1.,0.,-0.));
#1212 = ADVANCED_FACE('',(#1213),#1232,.T.);
#1213 = FACE_BOUND('',#1214,.T.);
#1214 = EDGE_LOOP('',(#1215,#1223,#1230,#1231));
#1215 = ORIENTED_EDGE('',*,*,#1216,.T.);
#1216 = EDGE_CURVE('',#1039,#1217,#1219,.T.);
#1217 = VERTEX_POINT('',#1218);
#1218 = CARTESIAN_POINT('',(-0.5,0.4,3.E-02));
#1219 = LINE('',#1220,#1221);
#1220 = CARTESIAN_POINT('',(-0.8,0.4,3.E-02));
#1221 = VECTOR('',#1222,1.);
#1222 = DIRECTION('',(1.,0.,0.));
#1223 = ORIENTED_EDGE('',*,*,#1224,.T.);
#1224 = EDGE_CURVE('',#1217,#1171,#1225,.T.);
#1225 = CIRCLE('',#1226,3.E-02);
#1226 = AXIS2_PLACEMENT_3D('',#1227,#1228,#1229);
#1227 = CARTESIAN_POINT('',(-0.5,0.37,3.E-02));
#1228 = DIRECTION('',(-1.,0.,0.));
#1229 = DIRECTION('',(0.,0.,1.));
#1230 = ORIENTED_EDGE('',*,*,#1178,.F.);
#1231 = ORIENTED_EDGE('',*,*,#1038,.F.);
#1232 = CYLINDRICAL_SURFACE('',#1233,3.E-02);
#1233 = AXIS2_PLACEMENT_3D('',#1234,#1235,#1236);
#1234 = CARTESIAN_POINT('',(-0.8,0.37,3.E-02));
#1235 = DIRECTION('',(1.,0.,0.));
#1236 = DIRECTION('',(-0.,1.,0.));
#1237 = ADVANCED_FACE('',(#1238),#1257,.T.);
#1238 = FACE_BOUND('',#1239,.T.);
#1239 = EDGE_LOOP('',(#1240,#1241,#1242,#1251));
#1240 = ORIENTED_EDGE('',*,*,#1055,.T.);
#1241 = ORIENTED_EDGE('',*,*,#1202,.T.);
#1242 = ORIENTED_EDGE('',*,*,#1243,.F.);
#1243 = EDGE_CURVE('',#1244,#1195,#1246,.T.);
#1244 = VERTEX_POINT('',#1245);
#1245 = CARTESIAN_POINT('',(-0.5,0.4,0.77));
#1246 = CIRCLE('',#1247,3.E-02);
#1247 = AXIS2_PLACEMENT_3D('',#1248,#1249,#1250);
#1248 = CARTESIAN_POINT('',(-0.5,0.37,0.77));
#1249 = DIRECTION('',(1.,0.,-0.));
#1250 = DIRECTION('',(0.,0.,1.));
#1251 = ORIENTED_EDGE('',*,*,#1252,.F.);
#1252 = EDGE_CURVE('',#1048,#1244,#1253,.T.);
#1253 = LINE('',#1254,#1255);
#1254 = CARTESIAN_POINT('',(-0.8,0.4,0.77));
#1255 = VECTOR('',#1256,1.);
#1256 = DIRECTION('',(1.,0.,0.));
#1257 = CYLINDRICAL_SURFACE('',#1258,3.E-02);
#1258 = AXIS2_PLACEMENT_3D('',#1259,#1260,#1261);
#1259 = CARTESIAN_POINT('',(-0.8,0.37,0.77));
#1260 = DIRECTION('',(1.,0.,0.));
#1261 = DIRECTION('',(-0.,1.,0.));
#1262 = ADVANCED_FACE('',(#1263),#1274,.T.);
#1263 = FACE_BOUND('',#1264,.T.);
#1264 = EDGE_LOOP('',(#1265,#1271,#1272,#1273));
#1265 = ORIENTED_EDGE('',*,*,#1266,.F.);
#1266 = EDGE_CURVE('',#1217,#1244,#1267,.T.);
#1267 = LINE('',#1268,#1269);
#1268 = CARTESIAN_POINT('',(-0.5,0.4,0.));
#1269 = VECTOR('',#1270,1.);
#1270 = DIRECTION('',(0.,0.,1.));
#1271 = ORIENTED_EDGE('',*,*,#1216,.F.);
#1272 = ORIENTED_EDGE('',*,*,#1047,.T.);
#1273 = ORIENTED_EDGE('',*,*,#1252,.T.);
#1274 = PLANE('',#1275);
#1275 = AXIS2_PLACEMENT_3D('',#1276,#1277,#1278);
#1276 = CARTESIAN_POINT('',(-0.8,0.4,0.));
#1277 = DIRECTION('',(0.,1.,0.));
#1278 = DIRECTION('',(0.,-0.,1.));
#1279 = ADVANCED_FACE('',(#1280,#1290),#1360,.T.);
#1280 = FACE_BOUND('',#1281,.T.);
#1281 = EDGE_LOOP('',(#1282,#1283,#1284,#1285,#1286,#1287,#1288,#1289));
#1282 = ORIENTED_EDGE('',*,*,#1087,.F.);
#1283 = ORIENTED_EDGE('',*,*,#1127,.T.);
#1284 = ORIENTED_EDGE('',*,*,#1170,.T.);
#1285 = ORIENTED_EDGE('',*,*,#1224,.F.);
#1286 = ORIENTED_EDGE('',*,*,#1266,.T.);
#1287 = ORIENTED_EDGE('',*,*,#1243,.T.);
#1288 = ORIENTED_EDGE('',*,*,#1194,.F.);
#1289 = ORIENTED_EDGE('',*,*,#1144,.F.);
#1290 = FACE_BOUND('',#1291,.T.);
#1291 = EDGE_LOOP('',(#1292,#1303,#1311,#1320,#1328,#1337,#1345,#1354));
#1292 = ORIENTED_EDGE('',*,*,#1293,.F.);
#1293 = EDGE_CURVE('',#1294,#1296,#1298,.T.);
#1294 = VERTEX_POINT('',#1295);
#1295 = CARTESIAN_POINT('',(-0.5,-0.37,6.E-02));
#1296 = VERTEX_POINT('',#1297);
#1297 = CARTESIAN_POINT('',(-0.5,-0.34,3.E-02));
#1298 = CIRCLE('',#1299,3.E-02);
#1299 = AXIS2_PLACEMENT_3D('',#1300,#1301,#1302);
#1300 = CARTESIAN_POINT('',(-0.5,-0.34,6.E-02));
#1301 = DIRECTION('',(1.,0.,-0.));
#1302 = DIRECTION('',(0.,0.,1.));
#1303 = ORIENTED_EDGE('',*,*,#1304,.T.);
#1304 = EDGE_CURVE('',#1294,#1305,#1307,.T.);
#1305 = VERTEX_POINT('',#1306);
#1306 = CARTESIAN_POINT('',(-0.5,-0.37,0.74));
#1307 = LINE('',#1308,#1309);
#1308 = CARTESIAN_POINT('',(-0.5,-0.37,3.E-02));
#1309 = VECTOR('',#1310,1.);
#1310 = DIRECTION('',(0.,0.,1.));
#1311 = ORIENTED_EDGE('',*,*,#1312,.T.);
#1312 = EDGE_CURVE('',#1305,#1313,#1315,.T.);
#1313 = VERTEX_POINT('',#1314);
#1314 = CARTESIAN_POINT('',(-0.5,-0.34,0.77));
#1315 = CIRCLE('',#1316,3.E-02);
#1316 = AXIS2_PLACEMENT_3D('',#1317,#1318,#1319);
#1317 = CARTESIAN_POINT('',(-0.5,-0.34,0.74));
#1318 = DIRECTION('',(-1.,0.,0.));
#1319 = DIRECTION('',(0.,0.,1.));
#1320 = ORIENTED_EDGE('',*,*,#1321,.T.);
#1321 = EDGE_CURVE('',#1313,#1322,#1324,.T.);
#1322 = VERTEX_POINT('',#1323);
#1323 = CARTESIAN_POINT('',(-0.5,0.34,0.77));
#1324 = LINE('',#1325,#1326);
#1325 = CARTESIAN_POINT('',(-0.5,-0.37,0.77));
#1326 = VECTOR('',#1327,1.);
#1327 = DIRECTION('',(0.,1.,0.));
#1328 = ORIENTED_EDGE('',*,*,#1329,.F.);
#1329 = EDGE_CURVE('',#1330,#1322,#1332,.T.);
#1330 = VERTEX_POINT('',#1331);
#1331 = CARTESIAN_POINT('',(-0.5,0.37,0.74));
#1332 = CIRCLE('',#1333,3.E-02);
#1333 = AXIS2_PLACEMENT_3D('',#1334,#1335,#1336);
#1334 = CARTESIAN_POINT('',(-0.5,0.34,0.74));
#1335 = DIRECTION('',(1.,0.,-0.));
#1336 = DIRECTION('',(0.,0.,1.));
#1337 = ORIENTED_EDGE('',*,*,#1338,.F.);
#1338 = EDGE_CURVE('',#1339,#1330,#1341,.T.);
#1339 = VERTEX_POINT('',#1340);
#1340 = CARTESIAN_POINT('',(-0.5,0.37,6.E-02));
#1341 = LINE('',#1342,#1343);
#1342 = CARTESIAN_POINT('',(-0.5,0.37,3.E-02));
#1343 = VECTOR('',#1344,1.);
#1344 = DIRECTION('',(0.,0.,1.));
#1345 = ORIENTED_EDGE('',*,*,#1346,.T.);
#1346 = EDGE_CURVE('',#1339,#1347,#1349,.T.);
#1347 = VERTEX_POINT('',#1348);
#1348 = CARTESIAN_POINT('',(-0.5,0.34,3.E-02));
#1349 = CIRCLE('',#1350,3.E-02);
#1350 = AXIS2_PLACEMENT_3D('',#1351,#1352,#1353);
#1351 = CARTESIAN_POINT('',(-0.5,0.34,6.E-02));
#1352 = DIRECTION('',(-1.,0.,0.));
#1353 = DIRECTION('',(0.,0.,1.));
#1354 = ORIENTED_EDGE('',*,*,#1355,.F.);
#1355 = EDGE_CURVE('',#1296,#1347,#1356,.T.);
#1356 = LINE('',#1357,#1358);
#1357 = CARTESIAN_POINT('',(-0.5,-0.37,3.E-02));
#1358 = VECTOR('',#1359,1.);
#1359 = DIRECTION('',(0.,1.,0.));
#1360 = PLANE('',#1361);
#1361 = AXIS2_PLACEMENT_3D('',#1362,#1363,#1364);
#1362 = CARTESIAN_POINT('',(-0.5,-0.4,0.));
#1363 = DIRECTION('',(1.,0.,0.));
#1364 = DIRECTION('',(0.,0.,1.));
#1365 = ADVANCED_FACE('',(#1366),#1392,.T.);
#1366 = FACE_BOUND('',#1367,.T.);
#1367 = EDGE_LOOP('',(#1368,#1369,#1377,#1386));
#1368 = ORIENTED_EDGE('',*,*,#1293,.T.);
#1369 = ORIENTED_EDGE('',*,*,#1370,.T.);
#1370 = EDGE_CURVE('',#1296,#1371,#1373,.T.);
#1371 = VERTEX_POINT('',#1372);
#1372 = CARTESIAN_POINT('',(0.5,-0.34,3.E-02));
#1373 = LINE('',#1374,#1375);
#1374 = CARTESIAN_POINT('',(-0.5,-0.34,3.E-02));
#1375 = VECTOR('',#1376,1.);
#1376 = DIRECTION('',(1.,0.,0.));
#1377 = ORIENTED_EDGE('',*,*,#1378,.F.);
#1378 = EDGE_CURVE('',#1379,#1371,#1381,.T.);
#1379 = VERTEX_POINT('',#1380);
#1380 = CARTESIAN_POINT('',(0.5,-0.37,6.E-02));
#1381 = CIRCLE('',#1382,3.E-02);
#1382 = AXIS2_PLACEMENT_3D('',#1383,#1384,#1385);
#1383 = CARTESIAN_POINT('',(0.5,-0.34,6.E-02));
#1384 = DIRECTION('',(1.,0.,-0.));
#1385 = DIRECTION('',(0.,0.,1.));
#1386 = ORIENTED_EDGE('',*,*,#1387,.F.);
#1387 = EDGE_CURVE('',#1294,#1379,#1388,.T.);
#1388 = LINE('',#1389,#1390);
#1389 = CARTESIAN_POINT('',(-0.5,-0.37,6.E-02));
#1390 = VECTOR('',#1391,1.);
#1391 = DIRECTION('',(1.,0.,0.));
#1392 = CYLINDRICAL_SURFACE('',#1393,3.E-02);
#1393 = AXIS2_PLACEMENT_3D('',#1394,#1395,#1396);
#1394 = CARTESIAN_POINT('',(-0.5,-0.34,6.E-02));
#1395 = DIRECTION('',(1.,0.,0.));
#1396 = DIRECTION('',(0.,-1.,0.));
#1397 = ADVANCED_FACE('',(#1398),#1416,.F.);
#1398 = FACE_BOUND('',#1399,.F.);
#1399 = EDGE_LOOP('',(#1400,#1401,#1402,#1410));
#1400 = ORIENTED_EDGE('',*,*,#1355,.F.);
#1401 = ORIENTED_EDGE('',*,*,#1370,.T.);
#1402 = ORIENTED_EDGE('',*,*,#1403,.T.);
#1403 = EDGE_CURVE('',#1371,#1404,#1406,.T.);
#1404 = VERTEX_POINT('',#1405);
#1405 = CARTESIAN_POINT('',(0.5,0.34,3.E-02));
#1406 = LINE('',#1407,#1408);
#1407 = CARTESIAN_POINT('',(0.5,-0.37,3.E-02));
#1408 = VECTOR('',#1409,1.);
#1409 = DIRECTION('',(0.,1.,0.));
#1410 = ORIENTED_EDGE('',*,*,#1411,.F.);
#1411 = EDGE_CURVE('',#1347,#1404,#1412,.T.);
#1412 = LINE('',#1413,#1414);
#1413 = CARTESIAN_POINT('',(-0.5,0.34,3.E-02));
#1414 = VECTOR('',#1415,1.);
#1415 = DIRECTION('',(1.,0.,0.));
#1416 = PLANE('',#1417);
#1417 = AXIS2_PLACEMENT_3D('',#1418,#1419,#1420);
#1418 = CARTESIAN_POINT('',(-0.5,-0.37,3.E-02));
#1419 = DIRECTION('',(0.,0.,1.));
#1420 = DIRECTION('',(1.,0.,-0.));
#1421 = ADVANCED_FACE('',(#1422),#1441,.T.);
#1422 = FACE_BOUND('',#1423,.T.);
#1423 = EDGE_LOOP('',(#1424,#1432,#1439,#1440));
#1424 = ORIENTED_EDGE('',*,*,#1425,.T.);
#1425 = EDGE_CURVE('',#1339,#1426,#1428,.T.);
#1426 = VERTEX_POINT('',#1427);
#1427 = CARTESIAN_POINT('',(0.5,0.37,6.E-02));
#1428 = LINE('',#1429,#1430);
#1429 = CARTESIAN_POINT('',(-0.5,0.37,6.E-02));
#1430 = VECTOR('',#1431,1.);
#1431 = DIRECTION('',(1.,0.,0.));
#1432 = ORIENTED_EDGE('',*,*,#1433,.T.);
#1433 = EDGE_CURVE('',#1426,#1404,#1434,.T.);
#1434 = CIRCLE('',#1435,3.E-02);
#1435 = AXIS2_PLACEMENT_3D('',#1436,#1437,#1438);
#1436 = CARTESIAN_POINT('',(0.5,0.34,6.E-02));
#1437 = DIRECTION('',(-1.,0.,0.));
#1438 = DIRECTION('',(0.,0.,1.));
#1439 = ORIENTED_EDGE('',*,*,#1411,.F.);
#1440 = ORIENTED_EDGE('',*,*,#1346,.F.);
#1441 = CYLINDRICAL_SURFACE('',#1442,3.E-02);
#1442 = AXIS2_PLACEMENT_3D('',#1443,#1444,#1445);
#1443 = CARTESIAN_POINT('',(-0.5,0.34,6.E-02));
#1444 = DIRECTION('',(1.,0.,0.));
#1445 = DIRECTION('',(-0.,1.,0.));
#1446 = ADVANCED_FACE('',(#1447),#1465,.T.);
#1447 = FACE_BOUND('',#1448,.T.);
#1448 = EDGE_LOOP('',(#1449,#1457,#1458,#1459));
#1449 = ORIENTED_EDGE('',*,*,#1450,.F.);
#1450 = EDGE_CURVE('',#1426,#1451,#1453,.T.);
#1451 = VERTEX_POINT('',#1452);
#1452 = CARTESIAN_POINT('',(0.5,0.37,0.74));
#1453 = LINE('',#1454,#1455);
#1454 = CARTESIAN_POINT('',(0.5,0.37,3.E-02));
#1455 = VECTOR('',#1456,1.);
#1456 = DIRECTION('',(0.,0.,1.));
#1457 = ORIENTED_EDGE('',*,*,#1425,.F.);
#1458 = ORIENTED_EDGE('',*,*,#1338,.T.);
#1459 = ORIENTED_EDGE('',*,*,#1460,.T.);
#1460 = EDGE_CURVE('',#1330,#1451,#1461,.T.);
#1461 = LINE('',#1462,#1463);
#1462 = CARTESIAN_POINT('',(-0.5,0.37,0.74));
#1463 = VECTOR('',#1464,1.);
#1464 = DIRECTION('',(1.,0.,0.));
#1465 = PLANE('',#1466);
#1466 = AXIS2_PLACEMENT_3D('',#1467,#1468,#1469);
#1467 = CARTESIAN_POINT('',(-0.5,0.37,3.E-02));
#1468 = DIRECTION('',(0.,1.,0.));
#1469 = DIRECTION('',(0.,-0.,1.));
#1470 = ADVANCED_FACE('',(#1471),#1490,.T.);
#1471 = FACE_BOUND('',#1472,.T.);
#1472 = EDGE_LOOP('',(#1473,#1474,#1482,#1489));
#1473 = ORIENTED_EDGE('',*,*,#1329,.T.);
#1474 = ORIENTED_EDGE('',*,*,#1475,.T.);
#1475 = EDGE_CURVE('',#1322,#1476,#1478,.T.);
#1476 = VERTEX_POINT('',#1477);
#1477 = CARTESIAN_POINT('',(0.5,0.34,0.77));
#1478 = LINE('',#1479,#1480);
#1479 = CARTESIAN_POINT('',(-0.5,0.34,0.77));
#1480 = VECTOR('',#1481,1.);
#1481 = DIRECTION('',(1.,0.,0.));
#1482 = ORIENTED_EDGE('',*,*,#1483,.F.);
#1483 = EDGE_CURVE('',#1451,#1476,#1484,.T.);
#1484 = CIRCLE('',#1485,3.E-02);
#1485 = AXIS2_PLACEMENT_3D('',#1486,#1487,#1488);
#1486 = CARTESIAN_POINT('',(0.5,0.34,0.74));
#1487 = DIRECTION('',(1.,0.,-0.));
#1488 = DIRECTION('',(0.,0.,1.));
#1489 = ORIENTED_EDGE('',*,*,#1460,.F.);
#1490 = CYLINDRICAL_SURFACE('',#1491,3.E-02);
#1491 = AXIS2_PLACEMENT_3D('',#1492,#1493,#1494);
#1492 = CARTESIAN_POINT('',(-0.5,0.34,0.74));
#1493 = DIRECTION('',(1.,0.,0.));
#1494 = DIRECTION('',(-0.,1.,0.));
#1495 = ADVANCED_FACE('',(#1496),#1514,.T.);
#1496 = FACE_BOUND('',#1497,.T.);
#1497 = EDGE_LOOP('',(#1498,#1499,#1507,#1513));
#1498 = ORIENTED_EDGE('',*,*,#1321,.F.);
#1499 = ORIENTED_EDGE('',*,*,#1500,.T.);
#1500 = EDGE_CURVE('',#1313,#1501,#1503,.T.);
#1501 = VERTEX_POINT('',#1502);
#1502 = CARTESIAN_POINT('',(0.5,-0.34,0.77));
#1503 = LINE('',#1504,#1505);
#1504 = CARTESIAN_POINT('',(-0.5,-0.34,0.77));
#1505 = VECTOR('',#1506,1.);
#1506 = DIRECTION('',(1.,0.,0.));
#1507 = ORIENTED_EDGE('',*,*,#1508,.T.);
#1508 = EDGE_CURVE('',#1501,#1476,#1509,.T.);
#1509 = LINE('',#1510,#1511);
#1510 = CARTESIAN_POINT('',(0.5,-0.37,0.77));
#1511 = VECTOR('',#1512,1.);
#1512 = DIRECTION('',(0.,1.,0.));
#1513 = ORIENTED_EDGE('',*,*,#1475,.F.);
#1514 = PLANE('',#1515);
#1515 = AXIS2_PLACEMENT_3D('',#1516,#1517,#1518);
#1516 = CARTESIAN_POINT('',(-0.5,-0.37,0.77));
#1517 = DIRECTION('',(0.,0.,1.));
#1518 = DIRECTION('',(1.,0.,-0.));
#1519 = ADVANCED_FACE('',(#1520),#1539,.T.);
#1520 = FACE_BOUND('',#1521,.T.);
#1521 = EDGE_LOOP('',(#1522,#1530,#1537,#1538));
#1522 = ORIENTED_EDGE('',*,*,#1523,.T.);
#1523 = EDGE_CURVE('',#1305,#1524,#1526,.T.);
#1524 = VERTEX_POINT('',#1525);
#1525 = CARTESIAN_POINT('',(0.5,-0.37,0.74));
#1526 = LINE('',#1527,#1528);
#1527 = CARTESIAN_POINT('',(-0.5,-0.37,0.74));
#1528 = VECTOR('',#1529,1.);
#1529 = DIRECTION('',(1.,0.,0.));
#1530 = ORIENTED_EDGE('',*,*,#1531,.T.);
#1531 = EDGE_CURVE('',#1524,#1501,#1532,.T.);
#1532 = CIRCLE('',#1533,3.E-02);
#1533 = AXIS2_PLACEMENT_3D('',#1534,#1535,#1536);
#1534 = CARTESIAN_POINT('',(0.5,-0.34,0.74));
#1535 = DIRECTION('',(-1.,0.,0.));
#1536 = DIRECTION('',(0.,0.,1.));
#1537 = ORIENTED_EDGE('',*,*,#1500,.F.);
#1538 = ORIENTED_EDGE('',*,*,#1312,.F.);
#1539 = CYLINDRICAL_SURFACE('',#1540,3.E-02);
#1540 = AXIS2_PLACEMENT_3D('',#1541,#1542,#1543);
#1541 = CARTESIAN_POINT('',(-0.5,-0.34,0.74));
#1542 = DIRECTION('',(1.,0.,0.));
#1543 = DIRECTION('',(0.,-1.,0.));
#1544 = ADVANCED_FACE('',(#1545),#1556,.F.);
#1545 = FACE_BOUND('',#1546,.F.);
#1546 = EDGE_LOOP('',(#1547,#1553,#1554,#1555));
#1547 = ORIENTED_EDGE('',*,*,#1548,.F.);
#1548 = EDGE_CURVE('',#1379,#1524,#1549,.T.);
#1549 = LINE('',#1550,#1551);
#1550 = CARTESIAN_POINT('',(0.5,-0.37,3.E-02));
#1551 = VECTOR('',#1552,1.);
#1552 = DIRECTION('',(0.,0.,1.));
#1553 = ORIENTED_EDGE('',*,*,#1387,.F.);
#1554 = ORIENTED_EDGE('',*,*,#1304,.T.);
#1555 = ORIENTED_EDGE('',*,*,#1523,.T.);
#1556 = PLANE('',#1557);
#1557 = AXIS2_PLACEMENT_3D('',#1558,#1559,#1560);
#1558 = CARTESIAN_POINT('',(-0.5,-0.37,3.E-02));
#1559 = DIRECTION('',(0.,1.,0.));
#1560 = DIRECTION('',(0.,-0.,1.));
#1561 = ADVANCED_FACE('',(#1562,#1632),#1642,.F.);
#1562 = FACE_BOUND('',#1563,.F.);
#1563 = EDGE_LOOP('',(#1564,#1574,#1583,#1591,#1600,#1608,#1617,#1625));
#1564 = ORIENTED_EDGE('',*,*,#1565,.F.);
#1565 = EDGE_CURVE('',#1566,#1568,#1570,.T.);
#1566 = VERTEX_POINT('',#1567);
#1567 = CARTESIAN_POINT('',(0.5,-0.4,3.E-02));
#1568 = VERTEX_POINT('',#1569);
#1569 = CARTESIAN_POINT('',(0.5,-0.4,0.77));
#1570 = LINE('',#1571,#1572);
#1571 = CARTESIAN_POINT('',(0.5,-0.4,0.));
#1572 = VECTOR('',#1573,1.);
#1573 = DIRECTION('',(0.,0.,1.));
#1574 = ORIENTED_EDGE('',*,*,#1575,.T.);
#1575 = EDGE_CURVE('',#1566,#1576,#1578,.T.);
#1576 = VERTEX_POINT('',#1577);
#1577 = CARTESIAN_POINT('',(0.5,-0.37,0.));
#1578 = CIRCLE('',#1579,3.E-02);
#1579 = AXIS2_PLACEMENT_3D('',#1580,#1581,#1582);
#1580 = CARTESIAN_POINT('',(0.5,-0.37,3.E-02));
#1581 = DIRECTION('',(1.,0.,-0.));
#1582 = DIRECTION('',(0.,0.,1.));
#1583 = ORIENTED_EDGE('',*,*,#1584,.T.);
#1584 = EDGE_CURVE('',#1576,#1585,#1587,.T.);
#1585 = VERTEX_POINT('',#1586);
#1586 = CARTESIAN_POINT('',(0.5,0.37,0.));
#1587 = LINE('',#1588,#1589);
#1588 = CARTESIAN_POINT('',(0.5,-0.4,0.));
#1589 = VECTOR('',#1590,1.);
#1590 = DIRECTION('',(0.,1.,0.));
#1591 = ORIENTED_EDGE('',*,*,#1592,.F.);
#1592 = EDGE_CURVE('',#1593,#1585,#1595,.T.);
#1593 = VERTEX_POINT('',#1594);
#1594 = CARTESIAN_POINT('',(0.5,0.4,3.E-02));
#1595 = CIRCLE('',#1596,3.E-02);
#1596 = AXIS2_PLACEMENT_3D('',#1597,#1598,#1599);
#1597 = CARTESIAN_POINT('',(0.5,0.37,3.E-02));
#1598 = DIRECTION('',(-1.,0.,0.));
#1599 = DIRECTION('',(0.,0.,1.));
#1600 = ORIENTED_EDGE('',*,*,#1601,.T.);
#1601 = EDGE_CURVE('',#1593,#1602,#1604,.T.);
#1602 = VERTEX_POINT('',#1603);
#1603 = CARTESIAN_POINT('',(0.5,0.4,0.77));
#1604 = LINE('',#1605,#1606);
#1605 = CARTESIAN_POINT('',(0.5,0.4,0.));
#1606 = VECTOR('',#1607,1.);
#1607 = DIRECTION('',(0.,0.,1.));
#1608 = ORIENTED_EDGE('',*,*,#1609,.T.);
#1609 = EDGE_CURVE('',#1602,#1610,#1612,.T.);
#1610 = VERTEX_POINT('',#1611);
#1611 = CARTESIAN_POINT('',(0.5,0.37,0.8));
#1612 = CIRCLE('',#1613,3.E-02);
#1613 = AXIS2_PLACEMENT_3D('',#1614,#1615,#1616);
#1614 = CARTESIAN_POINT('',(0.5,0.37,0.77));
#1615 = DIRECTION('',(1.,0.,-0.));
#1616 = DIRECTION('',(0.,0.,1.));
#1617 = ORIENTED_EDGE('',*,*,#1618,.F.);
#1618 = EDGE_CURVE('',#1619,#1610,#1621,.T.);
#1619 = VERTEX_POINT('',#1620);
#1620 = CARTESIAN_POINT('',(0.5,-0.37,0.8));
#1621 = LINE('',#1622,#1623);
#1622 = CARTESIAN_POINT('',(0.5,-0.4,0.8));
#1623 = VECTOR('',#1624,1.);
#1624 = DIRECTION('',(0.,1.,0.));
#1625 = ORIENTED_EDGE('',*,*,#1626,.F.);
#1626 = EDGE_CURVE('',#1568,#1619,#1627,.T.);
#1627 = CIRCLE('',#1628,3.E-02);
#1628 = AXIS2_PLACEMENT_3D('',#1629,#1630,#1631);
#1629 = CARTESIAN_POINT('',(0.5,-0.37,0.77));
#1630 = DIRECTION('',(-1.,0.,0.));
#1631 = DIRECTION('',(0.,0.,1.));
#1632 = FACE_BOUND('',#1633,.F.);
#1633 = EDGE_LOOP('',(#1634,#1635,#1636,#1637,#1638,#1639,#1640,#1641));
#1634 = ORIENTED_EDGE('',*,*,#1378,.F.);
#1635 = ORIENTED_EDGE('',*,*,#1548,.T.);
#1636 = ORIENTED_EDGE('',*,*,#1531,.T.);
#1637 = ORIENTED_EDGE('',*,*,#1508,.T.);
#1638 = ORIENTED_EDGE('',*,*,#1483,.F.);
#1639 = ORIENTED_EDGE('',*,*,#1450,.F.);
#1640 = ORIENTED_EDGE('',*,*,#1433,.T.);
#1641 = ORIENTED_EDGE('',*,*,#1403,.F.);
#1642 = PLANE('',#1643);
#1643 = AXIS2_PLACEMENT_3D('',#1644,#1645,#1646);
#1644 = CARTESIAN_POINT('',(0.5,-0.4,0.));
#1645 = DIRECTION('',(1.,0.,0.));
#1646 = DIRECTION('',(0.,0.,1.));
#1647 = ADVANCED_FACE('',(#1648),#1673,.F.);
#1648 = FACE_BOUND('',#1649,.F.);
#1649 = EDGE_LOOP('',(#1650,#1660,#1666,#1667));
#1650 = ORIENTED_EDGE('',*,*,#1651,.F.);
#1651 = EDGE_CURVE('',#1652,#1654,#1656,.T.);
#1652 = VERTEX_POINT('',#1653);
#1653 = CARTESIAN_POINT('',(0.8,-0.4,3.E-02));
#1654 = VERTEX_POINT('',#1655);
#1655 = CARTESIAN_POINT('',(0.8,-0.4,0.77));
#1656 = LINE('',#1657,#1658);
#1657 = CARTESIAN_POINT('',(0.8,-0.4,0.));
#1658 = VECTOR('',#1659,1.);
#1659 = DIRECTION('',(0.,0.,1.));
#1660 = ORIENTED_EDGE('',*,*,#1661,.F.);
#1661 = EDGE_CURVE('',#1566,#1652,#1662,.T.);
#1662 = LINE('',#1663,#1664);
#1663 = CARTESIAN_POINT('',(0.5,-0.4,3.E-02));
#1664 = VECTOR('',#1665,1.);
#1665 = DIRECTION('',(1.,0.,0.));
#1666 = ORIENTED_EDGE('',*,*,#1565,.T.);
#1667 = ORIENTED_EDGE('',*,*,#1668,.T.);
#1668 = EDGE_CURVE('',#1568,#1654,#1669,.T.);
#1669 = LINE('',#1670,#1671);
#1670 = CARTESIAN_POINT('',(0.5,-0.4,0.77));
#1671 = VECTOR('',#1672,1.);
#1672 = DIRECTION('',(1.,0.,0.));
#1673 = PLANE('',#1674);
#1674 = AXIS2_PLACEMENT_3D('',#1675,#1676,#1677);
#1675 = CARTESIAN_POINT('',(0.5,-0.4,0.));
#1676 = DIRECTION('',(0.,1.,0.));
#1677 = DIRECTION('',(0.,-0.,1.));
#1678 = ADVANCED_FACE('',(#1679),#1698,.T.);
#1679 = FACE_BOUND('',#1680,.T.);
#1680 = EDGE_LOOP('',(#1681,#1682,#1690,#1697));
#1681 = ORIENTED_EDGE('',*,*,#1575,.T.);
#1682 = ORIENTED_EDGE('',*,*,#1683,.T.);
#1683 = EDGE_CURVE('',#1576,#1684,#1686,.T.);
#1684 = VERTEX_POINT('',#1685);
#1685 = CARTESIAN_POINT('',(0.8,-0.37,0.));
#1686 = LINE('',#1687,#1688);
#1687 = CARTESIAN_POINT('',(0.5,-0.37,0.));
#1688 = VECTOR('',#1689,1.);
#1689 = DIRECTION('',(1.,0.,0.));
#1690 = ORIENTED_EDGE('',*,*,#1691,.F.);
#1691 = EDGE_CURVE('',#1652,#1684,#1692,.T.);
#1692 = CIRCLE('',#1693,3.E-02);
#1693 = AXIS2_PLACEMENT_3D('',#1694,#1695,#1696);
#1694 = CARTESIAN_POINT('',(0.8,-0.37,3.E-02));
#1695 = DIRECTION('',(1.,0.,-0.));
#1696 = DIRECTION('',(0.,0.,1.));
#1697 = ORIENTED_EDGE('',*,*,#1661,.F.);
#1698 = CYLINDRICAL_SURFACE('',#1699,3.E-02);
#1699 = AXIS2_PLACEMENT_3D('',#1700,#1701,#1702);
#1700 = CARTESIAN_POINT('',(0.5,-0.37,3.E-02));
#1701 = DIRECTION('',(1.,0.,0.));
#1702 = DIRECTION('',(0.,-1.,0.));
#1703 = ADVANCED_FACE('',(#1704),#1723,.T.);
#1704 = FACE_BOUND('',#1705,.T.);
#1705 = EDGE_LOOP('',(#1706,#1707,#1716,#1722));
#1706 = ORIENTED_EDGE('',*,*,#1668,.T.);
#1707 = ORIENTED_EDGE('',*,*,#1708,.T.);
#1708 = EDGE_CURVE('',#1654,#1709,#1711,.T.);
#1709 = VERTEX_POINT('',#1710);
#1710 = CARTESIAN_POINT('',(0.8,-0.37,0.8));
#1711 = CIRCLE('',#1712,3.E-02);
#1712 = AXIS2_PLACEMENT_3D('',#1713,#1714,#1715);
#1713 = CARTESIAN_POINT('',(0.8,-0.37,0.77));
#1714 = DIRECTION('',(-1.,0.,0.));
#1715 = DIRECTION('',(0.,0.,1.));
#1716 = ORIENTED_EDGE('',*,*,#1717,.F.);
#1717 = EDGE_CURVE('',#1619,#1709,#1718,.T.);
#1718 = LINE('',#1719,#1720);
#1719 = CARTESIAN_POINT('',(0.5,-0.37,0.8));
#1720 = VECTOR('',#1721,1.);
#1721 = DIRECTION('',(1.,0.,0.));
#1722 = ORIENTED_EDGE('',*,*,#1626,.F.);
#1723 = CYLINDRICAL_SURFACE('',#1724,3.E-02);
#1724 = AXIS2_PLACEMENT_3D('',#1725,#1726,#1727);
#1725 = CARTESIAN_POINT('',(0.5,-0.37,0.77));
#1726 = DIRECTION('',(1.,0.,0.));
#1727 = DIRECTION('',(0.,-1.,0.));
#1728 = ADVANCED_FACE('',(#1729),#1747,.F.);
#1729 = FACE_BOUND('',#1730,.F.);
#1730 = EDGE_LOOP('',(#1731,#1732,#1733,#1741));
#1731 = ORIENTED_EDGE('',*,*,#1584,.F.);
#1732 = ORIENTED_EDGE('',*,*,#1683,.T.);
#1733 = ORIENTED_EDGE('',*,*,#1734,.T.);
#1734 = EDGE_CURVE('',#1684,#1735,#1737,.T.);
#1735 = VERTEX_POINT('',#1736);
#1736 = CARTESIAN_POINT('',(0.8,0.37,0.));
#1737 = LINE('',#1738,#1739);
#1738 = CARTESIAN_POINT('',(0.8,-0.4,0.));
#1739 = VECTOR('',#1740,1.);
#1740 = DIRECTION('',(0.,1.,0.));
#1741 = ORIENTED_EDGE('',*,*,#1742,.F.);
#1742 = EDGE_CURVE('',#1585,#1735,#1743,.T.);
#1743 = LINE('',#1744,#1745);
#1744 = CARTESIAN_POINT('',(0.5,0.37,0.));
#1745 = VECTOR('',#1746,1.);
#1746 = DIRECTION('',(1.,0.,0.));
#1747 = PLANE('',#1748);
#1748 = AXIS2_PLACEMENT_3D('',#1749,#1750,#1751);
#1749 = CARTESIAN_POINT('',(0.5,-0.4,0.));
#1750 = DIRECTION('',(0.,0.,1.));
#1751 = DIRECTION('',(1.,0.,-0.));
#1752 = ADVANCED_FACE('',(#1753),#1771,.T.);
#1753 = FACE_BOUND('',#1754,.T.);
#1754 = EDGE_LOOP('',(#1755,#1756,#1757,#1765));
#1755 = ORIENTED_EDGE('',*,*,#1618,.F.);
#1756 = ORIENTED_EDGE('',*,*,#1717,.T.);
#1757 = ORIENTED_EDGE('',*,*,#1758,.T.);
#1758 = EDGE_CURVE('',#1709,#1759,#1761,.T.);
#1759 = VERTEX_POINT('',#1760);
#1760 = CARTESIAN_POINT('',(0.8,0.37,0.8));
#1761 = LINE('',#1762,#1763);
#1762 = CARTESIAN_POINT('',(0.8,-0.4,0.8));
#1763 = VECTOR('',#1764,1.);
#1764 = DIRECTION('',(0.,1.,0.));
#1765 = ORIENTED_EDGE('',*,*,#1766,.F.);
#1766 = EDGE_CURVE('',#1610,#1759,#1767,.T.);
#1767 = LINE('',#1768,#1769);
#1768 = CARTESIAN_POINT('',(0.5,0.37,0.8));
#1769 = VECTOR('',#1770,1.);
#1770 = DIRECTION('',(1.,0.,0.));
#1771 = PLANE('',#1772);
#1772 = AXIS2_PLACEMENT_3D('',#1773,#1774,#1775);
#1773 = CARTESIAN_POINT('',(0.5,-0.4,0.8));
#1774 = DIRECTION('',(0.,0.,1.));
#1775 = DIRECTION('',(1.,0.,-0.));
#1776 = ADVANCED_FACE('',(#1777),#1796,.T.);
#1777 = FACE_BOUND('',#1778,.T.);
#1778 = EDGE_LOOP('',(#1779,#1787,#1794,#1795));
#1779 = ORIENTED_EDGE('',*,*,#1780,.T.);
#1780 = EDGE_CURVE('',#1593,#1781,#1783,.T.);
#1781 = VERTEX_POINT('',#1782);
#1782 = CARTESIAN_POINT('',(0.8,0.4,3.E-02));
#1783 = LINE('',#1784,#1785);
#1784 = CARTESIAN_POINT('',(0.5,0.4,3.E-02));
#1785 = VECTOR('',#1786,1.);
#1786 = DIRECTION('',(1.,0.,0.));
#1787 = ORIENTED_EDGE('',*,*,#1788,.T.);
#1788 = EDGE_CURVE('',#1781,#1735,#1789,.T.);
#1789 = CIRCLE('',#1790,3.E-02);
#1790 = AXIS2_PLACEMENT_3D('',#1791,#1792,#1793);
#1791 = CARTESIAN_POINT('',(0.8,0.37,3.E-02));
#1792 = DIRECTION('',(-1.,0.,0.));
#1793 = DIRECTION('',(0.,0.,1.));
#1794 = ORIENTED_EDGE('',*,*,#1742,.F.);
#1795 = ORIENTED_EDGE('',*,*,#1592,.F.);
#1796 = CYLINDRICAL_SURFACE('',#1797,3.E-02);
#1797 = AXIS2_PLACEMENT_3D('',#1798,#1799,#1800);
#1798 = CARTESIAN_POINT('',(0.5,0.37,3.E-02));
#1799 = DIRECTION('',(1.,0.,0.));
#1800 = DIRECTION('',(-0.,1.,0.));
#1801 = ADVANCED_FACE('',(#1802),#1821,.T.);
#1802 = FACE_BOUND('',#1803,.T.);
#1803 = EDGE_LOOP('',(#1804,#1805,#1806,#1815));
#1804 = ORIENTED_EDGE('',*,*,#1609,.T.);
#1805 = ORIENTED_EDGE('',*,*,#1766,.T.);
#1806 = ORIENTED_EDGE('',*,*,#1807,.F.);
#1807 = EDGE_CURVE('',#1808,#1759,#1810,.T.);
#1808 = VERTEX_POINT('',#1809);
#1809 = CARTESIAN_POINT('',(0.8,0.4,0.77));
#1810 = CIRCLE('',#1811,3.E-02);
#1811 = AXIS2_PLACEMENT_3D('',#1812,#1813,#1814);
#1812 = CARTESIAN_POINT('',(0.8,0.37,0.77));
#1813 = DIRECTION('',(1.,0.,-0.));
#1814 = DIRECTION('',(0.,0.,1.));
#1815 = ORIENTED_EDGE('',*,*,#1816,.F.);
#1816 = EDGE_CURVE('',#1602,#1808,#1817,.T.);
#1817 = LINE('',#1818,#1819);
#1818 = CARTESIAN_POINT('',(0.5,0.4,0.77));
#1819 = VECTOR('',#1820,1.);
#1820 = DIRECTION('',(1.,0.,0.));
#1821 = CYLINDRICAL_SURFACE('',#1822,3.E-02);
#1822 = AXIS2_PLACEMENT_3D('',#1823,#1824,#1825);
#1823 = CARTESIAN_POINT('',(0.5,0.37,0.77));
#1824 = DIRECTION('',(1.,0.,0.));
#1825 = DIRECTION('',(-0.,1.,0.));
#1826 = ADVANCED_FACE('',(#1827),#1838,.T.);
#1827 = FACE_BOUND('',#1828,.T.);
#1828 = EDGE_LOOP('',(#1829,#1835,#1836,#1837));
#1829 = ORIENTED_EDGE('',*,*,#1830,.F.);
#1830 = EDGE_CURVE('',#1781,#1808,#1831,.T.);
#1831 = LINE('',#1832,#1833);
#1832 = CARTESIAN_POINT('',(0.8,0.4,0.));
#1833 = VECTOR('',#1834,1.);
#1834 = DIRECTION('',(0.,0.,1.));
#1835 = ORIENTED_EDGE('',*,*,#1780,.F.);
#1836 = ORIENTED_EDGE('',*,*,#1601,.T.);
#1837 = ORIENTED_EDGE('',*,*,#1816,.T.);
#1838 = PLANE('',#1839);
#1839 = AXIS2_PLACEMENT_3D('',#1840,#1841,#1842);
#1840 = CARTESIAN_POINT('',(0.5,0.4,0.));
#1841 = DIRECTION('',(0.,1.,0.));
#1842 = DIRECTION('',(0.,-0.,1.));
#1843 = ADVANCED_FACE('',(#1844),#1854,.T.);
#1844 = FACE_BOUND('',#1845,.T.);
#1845 = EDGE_LOOP('',(#1846,#1847,#1848,#1849,#1850,#1851,#1852,#1853));
#1846 = ORIENTED_EDGE('',*,*,#1651,.F.);
#1847 = ORIENTED_EDGE('',*,*,#1691,.T.);
#1848 = ORIENTED_EDGE('',*,*,#1734,.T.);
#1849 = ORIENTED_EDGE('',*,*,#1788,.F.);
#1850 = ORIENTED_EDGE('',*,*,#1830,.T.);
#1851 = ORIENTED_EDGE('',*,*,#1807,.T.);
#1852 = ORIENTED_EDGE('',*,*,#1758,.F.);
#1853 = ORIENTED_EDGE('',*,*,#1708,.F.);
#1854 = PLANE('',#1855);
#1855 = AXIS2_PLACEMENT_3D('',#1856,#1857,#1858);
#1856 = CARTESIAN_POINT('',(0.8,-0.4,0.));
#1857 = DIRECTION('',(1.,0.,0.));
#1858 = DIRECTION('',(0.,0.,1.));
#1859 = ( GEOMETRIC_REPRESENTATION_CONTEXT(3) 
GLOBAL_UNCERTAINTY_ASSIGNED_CONTEXT((#1863)) 
GLOBAL_UNIT_ASSIGNED_CONTEXT((#1860,#1861,#1862)) REPRESENTATION_CONTEXT
('Context #1','3D Context with UNIT and UNCERTAINTY') );
#1860 = ( LENGTH_UNIT() NAMED_UNIT(*) SI_UNIT(.MILLI.,.METRE.) );
#1861 = ( NAMED_UNIT(*) PLANE_ANGLE_UNIT() SI_UNIT($,.RADIAN.) );
#1862 = ( NAMED_UNIT(*) SI_UNIT($,.STERADIAN.) SOLID_ANGLE_UNIT() );
#1863 = UNCERTAINTY_MEASURE_WITH_UNIT(LENGTH_MEASURE(1.E-07),#1860,
  'distance_accuracy_value','confusion accuracy');
#1864 = CONTEXT_DEPENDENT_SHAPE_REPRESENTATION(#1865,#1867);
#1865 = ( REPRESENTATION_RELATIONSHIP('','',#1004,#981) 
REPRESENTATION_RELATIONSHIP_WITH_TRANSFORMATION(#1866) 
SHAPE_REPRESENTATION_RELATIONSHIP() );
#1866 = ITEM_DEFINED_TRANSFORMATION('','',#11,#982);
#1867 = PRODUCT_DEFINITION_SHAPE('Placement','Placement of an item',
  #1868);
#1868 = NEXT_ASSEMBLY_USAGE_OCCURRENCE('4','=>[0:1:1:5]','',#976,#999,$
  );
#1869 = PRODUCT_RELATED_PRODUCT_CATEGORY('part',$,(#1001));
#1870 = CONTEXT_DEPENDENT_SHAPE_REPRESENTATION(#1871,#1873);
#1871 = ( REPRESENTATION_RELATIONSHIP('','',#144,#10) 
REPRESENTATION_RELATIONSHIP_WITH_TRANSFORMATION(#1872) 
SHAPE_REPRESENTATION_RELATIONSHIP() );
#1872 = ITEM_DEFINED_TRANSFORMATION('','',#11,#27);
#1873 = PRODUCT_DEFINITION_SHAPE('Placement','Placement of an item',
  #1874);
#1874 = NEXT_ASSEMBLY_USAGE_OCCURRENCE('6','R14','',#5,#139,$);
#1875 = CONTEXT_DEPENDENT_SHAPE_REPRESENTATION(#1876,#1878);
#1876 = ( REPRESENTATION_RELATIONSHIP('','',#144,#10) 
REPRESENTATION_RELATIONSHIP_WITH_TRANSFORMATION(#1877) 
SHAPE_REPRESENTATION_RELATIONSHIP() );
#1877 = ITEM_DEFINED_TRANSFORMATION('','',#11,#31);
#1878 = PRODUCT_DEFINITION_SHAPE('Placement','Placement of an item',
  #1879);
#1879 = NEXT_ASSEMBLY_USAGE_OCCURRENCE('7','R1','',#5,#139,$);
#1880 = SHAPE_DEFINITION_REPRESENTATION(#1881,#1887);
#1881 = PRODUCT_DEFINITION_SHAPE('','',#1882);
#1882 = PRODUCT_DEFINITION('design','',#1883,#1886);
#1883 = PRODUCT_DEFINITION_FORMATION('','',#1884);
#1884 = PRODUCT('C_0805_2012Metric','C_0805_2012Metric','',(#1885));
#1885 = PRODUCT_CONTEXT('',#2,'mechanical');
#1886 = PRODUCT_DEFINITION_CONTEXT('part definition',#2,'design');
#1887 = SHAPE_REPRESENTATION('',(#11,#1888),#1892);
#1888 = AXIS2_PLACEMENT_3D('',#1889,#1890,#1891);
#1889 = CARTESIAN_POINT('',(0.,0.,0.));
#1890 = DIRECTION('',(0.,0.,1.));
#1891 = DIRECTION('',(1.,0.,-0.));
#1892 = ( GEOMETRIC_REPRESENTATION_CONTEXT(3) 
GLOBAL_UNCERTAINTY_ASSIGNED_CONTEXT((#1896)) 
GLOBAL_UNIT_ASSIGNED_CONTEXT((#1893,#1894,#1895)) REPRESENTATION_CONTEXT
('Context #1','3D Context with UNIT and UNCERTAINTY') );
#1893 = ( LENGTH_UNIT() NAMED_UNIT(*) SI_UNIT(.MILLI.,.METRE.) );
#1894 = ( NAMED_UNIT(*) PLANE_ANGLE_UNIT() SI_UNIT($,.RADIAN.) );
#1895 = ( NAMED_UNIT(*) SI_UNIT($,.STERADIAN.) SOLID_ANGLE_UNIT() );
#1896 = UNCERTAINTY_MEASURE_WITH_UNIT(LENGTH_MEASURE(1.E-07),#1893,
  'distance_accuracy_value','confusion accuracy');
#1897 = CONTEXT_DEPENDENT_SHAPE_REPRESENTATION(#1898,#1900);
#1898 = ( REPRESENTATION_RELATIONSHIP('','',#1887,#10) 
REPRESENTATION_RELATIONSHIP_WITH_TRANSFORMATION(#1899) 
SHAPE_REPRESENTATION_RELATIONSHIP() );
#1899 = ITEM_DEFINED_TRANSFORMATION('','',#11,#35);
#1900 = PRODUCT_DEFINITION_SHAPE('Placement','Placement of an item',
  #1901);
#1901 = NEXT_ASSEMBLY_USAGE_OCCURRENCE('9','C1','',#5,#1882,$);
#1902 = PRODUCT_RELATED_PRODUCT_CATEGORY('part',$,(#1884));
#1903 = SHAPE_DEFINITION_REPRESENTATION(#1904,#1910);
#1904 = PRODUCT_DEFINITION_SHAPE('','',#1905);
#1905 = PRODUCT_DEFINITION('design','',#1906,#1909);
#1906 = PRODUCT_DEFINITION_FORMATION('','',#1907);
#1907 = PRODUCT('C_0805_2012Metric','C_0805_2012Metric','',(#1908));
#1908 = PRODUCT_CONTEXT('',#2,'mechanical');
#1909 = PRODUCT_DEFINITION_CONTEXT('part definition',#2,'design');
#1910 = ADVANCED_BREP_SHAPE_REPRESENTATION('',(#11,#1911),#2765);
#1911 = MANIFOLD_SOLID_BREP('',#1912);
#1912 = CLOSED_SHELL('',(#1913,#1989,#2020,#2045,#2070,#2094,#2118,#2143
    ,#2168,#2185,#2271,#2303,#2327,#2352,#2376,#2401,#2425,#2450,#2467,
    #2553,#2584,#2609,#2634,#2658,#2682,#2707,#2732,#2749));
#1913 = ADVANCED_FACE('',(#1914),#1984,.F.);
#1914 = FACE_BOUND('',#1915,.F.);
#1915 = EDGE_LOOP('',(#1916,#1926,#1935,#1943,#1952,#1960,#1969,#1977));
#1916 = ORIENTED_EDGE('',*,*,#1917,.F.);
#1917 = EDGE_CURVE('',#1918,#1920,#1922,.T.);
#1918 = VERTEX_POINT('',#1919);
#1919 = CARTESIAN_POINT('',(-1.,-0.625,4.E-02));
#1920 = VERTEX_POINT('',#1921);
#1921 = CARTESIAN_POINT('',(-1.,-0.625,1.21));
#1922 = LINE('',#1923,#1924);
#1923 = CARTESIAN_POINT('',(-1.,-0.625,0.));
#1924 = VECTOR('',#1925,1.);
#1925 = DIRECTION('',(0.,0.,1.));
#1926 = ORIENTED_EDGE('',*,*,#1927,.T.);
#1927 = EDGE_CURVE('',#1918,#1928,#1930,.T.);
#1928 = VERTEX_POINT('',#1929);
#1929 = CARTESIAN_POINT('',(-1.,-0.585,0.));
#1930 = CIRCLE('',#1931,4.E-02);
#1931 = AXIS2_PLACEMENT_3D('',#1932,#1933,#1934);
#1932 = CARTESIAN_POINT('',(-1.,-0.585,4.E-02));
#1933 = DIRECTION('',(1.,0.,-0.));
#1934 = DIRECTION('',(0.,0.,1.));
#1935 = ORIENTED_EDGE('',*,*,#1936,.T.);
#1936 = EDGE_CURVE('',#1928,#1937,#1939,.T.);
#1937 = VERTEX_POINT('',#1938);
#1938 = CARTESIAN_POINT('',(-1.,0.585,0.));
#1939 = LINE('',#1940,#1941);
#1940 = CARTESIAN_POINT('',(-1.,-0.625,0.));
#1941 = VECTOR('',#1942,1.);
#1942 = DIRECTION('',(0.,1.,0.));
#1943 = ORIENTED_EDGE('',*,*,#1944,.F.);
#1944 = EDGE_CURVE('',#1945,#1937,#1947,.T.);
#1945 = VERTEX_POINT('',#1946);
#1946 = CARTESIAN_POINT('',(-1.,0.625,4.E-02));
#1947 = CIRCLE('',#1948,4.E-02);
#1948 = AXIS2_PLACEMENT_3D('',#1949,#1950,#1951);
#1949 = CARTESIAN_POINT('',(-1.,0.585,4.E-02));
#1950 = DIRECTION('',(-1.,0.,0.));
#1951 = DIRECTION('',(0.,0.,1.));
#1952 = ORIENTED_EDGE('',*,*,#1953,.T.);
#1953 = EDGE_CURVE('',#1945,#1954,#1956,.T.);
#1954 = VERTEX_POINT('',#1955);
#1955 = CARTESIAN_POINT('',(-1.,0.625,1.21));
#1956 = LINE('',#1957,#1958);
#1957 = CARTESIAN_POINT('',(-1.,0.625,0.));
#1958 = VECTOR('',#1959,1.);
#1959 = DIRECTION('',(0.,0.,1.));
#1960 = ORIENTED_EDGE('',*,*,#1961,.T.);
#1961 = EDGE_CURVE('',#1954,#1962,#1964,.T.);
#1962 = VERTEX_POINT('',#1963);
#1963 = CARTESIAN_POINT('',(-1.,0.585,1.25));
#1964 = CIRCLE('',#1965,4.E-02);
#1965 = AXIS2_PLACEMENT_3D('',#1966,#1967,#1968);
#1966 = CARTESIAN_POINT('',(-1.,0.585,1.21));
#1967 = DIRECTION('',(1.,0.,-0.));
#1968 = DIRECTION('',(0.,0.,1.));
#1969 = ORIENTED_EDGE('',*,*,#1970,.F.);
#1970 = EDGE_CURVE('',#1971,#1962,#1973,.T.);
#1971 = VERTEX_POINT('',#1972);
#1972 = CARTESIAN_POINT('',(-1.,-0.585,1.25));
#1973 = LINE('',#1974,#1975);
#1974 = CARTESIAN_POINT('',(-1.,-0.625,1.25));
#1975 = VECTOR('',#1976,1.);
#1976 = DIRECTION('',(0.,1.,0.));
#1977 = ORIENTED_EDGE('',*,*,#1978,.F.);
#1978 = EDGE_CURVE('',#1920,#1971,#1979,.T.);
#1979 = CIRCLE('',#1980,4.E-02);
#1980 = AXIS2_PLACEMENT_3D('',#1981,#1982,#1983);
#1981 = CARTESIAN_POINT('',(-1.,-0.585,1.21));
#1982 = DIRECTION('',(-1.,0.,0.));
#1983 = DIRECTION('',(0.,0.,1.));
#1984 = PLANE('',#1985);
#1985 = AXIS2_PLACEMENT_3D('',#1986,#1987,#1988);
#1986 = CARTESIAN_POINT('',(-1.,-0.625,0.));
#1987 = DIRECTION('',(1.,0.,0.));
#1988 = DIRECTION('',(0.,0.,1.));
#1989 = ADVANCED_FACE('',(#1990),#2015,.F.);
#1990 = FACE_BOUND('',#1991,.F.);
#1991 = EDGE_LOOP('',(#1992,#2002,#2008,#2009));
#1992 = ORIENTED_EDGE('',*,*,#1993,.F.);
#1993 = EDGE_CURVE('',#1994,#1996,#1998,.T.);
#1994 = VERTEX_POINT('',#1995);
#1995 = CARTESIAN_POINT('',(-0.6,-0.625,4.E-02));
#1996 = VERTEX_POINT('',#1997);
#1997 = CARTESIAN_POINT('',(-0.6,-0.625,1.21));
#1998 = LINE('',#1999,#2000);
#1999 = CARTESIAN_POINT('',(-0.6,-0.625,0.));
#2000 = VECTOR('',#2001,1.);
#2001 = DIRECTION('',(0.,0.,1.));
#2002 = ORIENTED_EDGE('',*,*,#2003,.F.);
#2003 = EDGE_CURVE('',#1918,#1994,#2004,.T.);
#2004 = LINE('',#2005,#2006);
#2005 = CARTESIAN_POINT('',(-1.,-0.625,4.E-02));
#2006 = VECTOR('',#2007,1.);
#2007 = DIRECTION('',(1.,0.,0.));
#2008 = ORIENTED_EDGE('',*,*,#1917,.T.);
#2009 = ORIENTED_EDGE('',*,*,#2010,.T.);
#2010 = EDGE_CURVE('',#1920,#1996,#2011,.T.);
#2011 = LINE('',#2012,#2013);
#2012 = CARTESIAN_POINT('',(-1.,-0.625,1.21));
#2013 = VECTOR('',#2014,1.);
#2014 = DIRECTION('',(1.,0.,0.));
#2015 = PLANE('',#2016);
#2016 = AXIS2_PLACEMENT_3D('',#2017,#2018,#2019);
#2017 = CARTESIAN_POINT('',(-1.,-0.625,0.));
#2018 = DIRECTION('',(0.,1.,0.));
#2019 = DIRECTION('',(0.,-0.,1.));
#2020 = ADVANCED_FACE('',(#2021),#2040,.T.);
#2021 = FACE_BOUND('',#2022,.T.);
#2022 = EDGE_LOOP('',(#2023,#2024,#2032,#2039));
#2023 = ORIENTED_EDGE('',*,*,#1927,.T.);
#2024 = ORIENTED_EDGE('',*,*,#2025,.T.);
#2025 = EDGE_CURVE('',#1928,#2026,#2028,.T.);
#2026 = VERTEX_POINT('',#2027);
#2027 = CARTESIAN_POINT('',(-0.6,-0.585,0.));
#2028 = LINE('',#2029,#2030);
#2029 = CARTESIAN_POINT('',(-1.,-0.585,0.));
#2030 = VECTOR('',#2031,1.);
#2031 = DIRECTION('',(1.,0.,0.));
#2032 = ORIENTED_EDGE('',*,*,#2033,.F.);
#2033 = EDGE_CURVE('',#1994,#2026,#2034,.T.);
#2034 = CIRCLE('',#2035,4.E-02);
#2035 = AXIS2_PLACEMENT_3D('',#2036,#2037,#2038);
#2036 = CARTESIAN_POINT('',(-0.6,-0.585,4.E-02));
#2037 = DIRECTION('',(1.,0.,-0.));
#2038 = DIRECTION('',(0.,0.,1.));
#2039 = ORIENTED_EDGE('',*,*,#2003,.F.);
#2040 = CYLINDRICAL_SURFACE('',#2041,4.E-02);
#2041 = AXIS2_PLACEMENT_3D('',#2042,#2043,#2044);
#2042 = CARTESIAN_POINT('',(-1.,-0.585,4.E-02));
#2043 = DIRECTION('',(1.,0.,0.));
#2044 = DIRECTION('',(0.,-1.,0.));
#2045 = ADVANCED_FACE('',(#2046),#2065,.T.);
#2046 = FACE_BOUND('',#2047,.T.);
#2047 = EDGE_LOOP('',(#2048,#2049,#2058,#2064));
#2048 = ORIENTED_EDGE('',*,*,#2010,.T.);
#2049 = ORIENTED_EDGE('',*,*,#2050,.T.);
#2050 = EDGE_CURVE('',#1996,#2051,#2053,.T.);
#2051 = VERTEX_POINT('',#2052);
#2052 = CARTESIAN_POINT('',(-0.6,-0.585,1.25));
#2053 = CIRCLE('',#2054,4.E-02);
#2054 = AXIS2_PLACEMENT_3D('',#2055,#2056,#2057);
#2055 = CARTESIAN_POINT('',(-0.6,-0.585,1.21));
#2056 = DIRECTION('',(-1.,0.,0.));
#2057 = DIRECTION('',(0.,0.,1.));
#2058 = ORIENTED_EDGE('',*,*,#2059,.F.);
#2059 = EDGE_CURVE('',#1971,#2051,#2060,.T.);
#2060 = LINE('',#2061,#2062);
#2061 = CARTESIAN_POINT('',(-1.,-0.585,1.25));
#2062 = VECTOR('',#2063,1.);
#2063 = DIRECTION('',(1.,0.,0.));
#2064 = ORIENTED_EDGE('',*,*,#1978,.F.);
#2065 = CYLINDRICAL_SURFACE('',#2066,4.E-02);
#2066 = AXIS2_PLACEMENT_3D('',#2067,#2068,#2069);
#2067 = CARTESIAN_POINT('',(-1.,-0.585,1.21));
#2068 = DIRECTION('',(1.,0.,0.));
#2069 = DIRECTION('',(0.,-1.,0.));
#2070 = ADVANCED_FACE('',(#2071),#2089,.F.);
#2071 = FACE_BOUND('',#2072,.F.);
#2072 = EDGE_LOOP('',(#2073,#2074,#2075,#2083));
#2073 = ORIENTED_EDGE('',*,*,#1936,.F.);
#2074 = ORIENTED_EDGE('',*,*,#2025,.T.);
#2075 = ORIENTED_EDGE('',*,*,#2076,.T.);
#2076 = EDGE_CURVE('',#2026,#2077,#2079,.T.);
#2077 = VERTEX_POINT('',#2078);
#2078 = CARTESIAN_POINT('',(-0.6,0.585,0.));
#2079 = LINE('',#2080,#2081);
#2080 = CARTESIAN_POINT('',(-0.6,-0.625,0.));
#2081 = VECTOR('',#2082,1.);
#2082 = DIRECTION('',(0.,1.,0.));
#2083 = ORIENTED_EDGE('',*,*,#2084,.F.);
#2084 = EDGE_CURVE('',#1937,#2077,#2085,.T.);
#2085 = LINE('',#2086,#2087);
#2086 = CARTESIAN_POINT('',(-1.,0.585,0.));
#2087 = VECTOR('',#2088,1.);
#2088 = DIRECTION('',(1.,0.,0.));
#2089 = PLANE('',#2090);
#2090 = AXIS2_PLACEMENT_3D('',#2091,#2092,#2093);
#2091 = CARTESIAN_POINT('',(-1.,-0.625,0.));
#2092 = DIRECTION('',(0.,0.,1.));
#2093 = DIRECTION('',(1.,0.,-0.));
#2094 = ADVANCED_FACE('',(#2095),#2113,.T.);
#2095 = FACE_BOUND('',#2096,.T.);
#2096 = EDGE_LOOP('',(#2097,#2098,#2099,#2107));
#2097 = ORIENTED_EDGE('',*,*,#1970,.F.);
#2098 = ORIENTED_EDGE('',*,*,#2059,.T.);
#2099 = ORIENTED_EDGE('',*,*,#2100,.T.);
#2100 = EDGE_CURVE('',#2051,#2101,#2103,.T.);
#2101 = VERTEX_POINT('',#2102);
#2102 = CARTESIAN_POINT('',(-0.6,0.585,1.25));
#2103 = LINE('',#2104,#2105);
#2104 = CARTESIAN_POINT('',(-0.6,-0.625,1.25));
#2105 = VECTOR('',#2106,1.);
#2106 = DIRECTION('',(0.,1.,0.));
#2107 = ORIENTED_EDGE('',*,*,#2108,.F.);
#2108 = EDGE_CURVE('',#1962,#2101,#2109,.T.);
#2109 = LINE('',#2110,#2111);
#2110 = CARTESIAN_POINT('',(-1.,0.585,1.25));
#2111 = VECTOR('',#2112,1.);
#2112 = DIRECTION('',(1.,0.,0.));
#2113 = PLANE('',#2114);
#2114 = AXIS2_PLACEMENT_3D('',#2115,#2116,#2117);
#2115 = CARTESIAN_POINT('',(-1.,-0.625,1.25));
#2116 = DIRECTION('',(0.,0.,1.));
#2117 = DIRECTION('',(1.,0.,-0.));
#2118 = ADVANCED_FACE('',(#2119),#2138,.T.);
#2119 = FACE_BOUND('',#2120,.T.);
#2120 = EDGE_LOOP('',(#2121,#2129,#2136,#2137));
#2121 = ORIENTED_EDGE('',*,*,#2122,.T.);
#2122 = EDGE_CURVE('',#1945,#2123,#2125,.T.);
#2123 = VERTEX_POINT('',#2124);
#2124 = CARTESIAN_POINT('',(-0.6,0.625,4.E-02));
#2125 = LINE('',#2126,#2127);
#2126 = CARTESIAN_POINT('',(-1.,0.625,4.E-02));
#2127 = VECTOR('',#2128,1.);
#2128 = DIRECTION('',(1.,0.,0.));
#2129 = ORIENTED_EDGE('',*,*,#2130,.T.);
#2130 = EDGE_CURVE('',#2123,#2077,#2131,.T.);
#2131 = CIRCLE('',#2132,4.E-02);
#2132 = AXIS2_PLACEMENT_3D('',#2133,#2134,#2135);
#2133 = CARTESIAN_POINT('',(-0.6,0.585,4.E-02));
#2134 = DIRECTION('',(-1.,0.,0.));
#2135 = DIRECTION('',(0.,0.,1.));
#2136 = ORIENTED_EDGE('',*,*,#2084,.F.);
#2137 = ORIENTED_EDGE('',*,*,#1944,.F.);
#2138 = CYLINDRICAL_SURFACE('',#2139,4.E-02);
#2139 = AXIS2_PLACEMENT_3D('',#2140,#2141,#2142);
#2140 = CARTESIAN_POINT('',(-1.,0.585,4.E-02));
#2141 = DIRECTION('',(1.,0.,0.));
#2142 = DIRECTION('',(-0.,1.,0.));
#2143 = ADVANCED_FACE('',(#2144),#2163,.T.);
#2144 = FACE_BOUND('',#2145,.T.);
#2145 = EDGE_LOOP('',(#2146,#2147,#2148,#2157));
#2146 = ORIENTED_EDGE('',*,*,#1961,.T.);
#2147 = ORIENTED_EDGE('',*,*,#2108,.T.);
#2148 = ORIENTED_EDGE('',*,*,#2149,.F.);
#2149 = EDGE_CURVE('',#2150,#2101,#2152,.T.);
#2150 = VERTEX_POINT('',#2151);
#2151 = CARTESIAN_POINT('',(-0.6,0.625,1.21));
#2152 = CIRCLE('',#2153,4.E-02);
#2153 = AXIS2_PLACEMENT_3D('',#2154,#2155,#2156);
#2154 = CARTESIAN_POINT('',(-0.6,0.585,1.21));
#2155 = DIRECTION('',(1.,0.,-0.));
#2156 = DIRECTION('',(0.,0.,1.));
#2157 = ORIENTED_EDGE('',*,*,#2158,.F.);
#2158 = EDGE_CURVE('',#1954,#2150,#2159,.T.);
#2159 = LINE('',#2160,#2161);
#2160 = CARTESIAN_POINT('',(-1.,0.625,1.21));
#2161 = VECTOR('',#2162,1.);
#2162 = DIRECTION('',(1.,0.,0.));
#2163 = CYLINDRICAL_SURFACE('',#2164,4.E-02);
#2164 = AXIS2_PLACEMENT_3D('',#2165,#2166,#2167);
#2165 = CARTESIAN_POINT('',(-1.,0.585,1.21));
#2166 = DIRECTION('',(1.,0.,0.));
#2167 = DIRECTION('',(-0.,1.,0.));
#2168 = ADVANCED_FACE('',(#2169),#2180,.T.);
#2169 = FACE_BOUND('',#2170,.T.);
#2170 = EDGE_LOOP('',(#2171,#2177,#2178,#2179));
#2171 = ORIENTED_EDGE('',*,*,#2172,.F.);
#2172 = EDGE_CURVE('',#2123,#2150,#2173,.T.);
#2173 = LINE('',#2174,#2175);
#2174 = CARTESIAN_POINT('',(-0.6,0.625,0.));
#2175 = VECTOR('',#2176,1.);
#2176 = DIRECTION('',(0.,0.,1.));
#2177 = ORIENTED_EDGE('',*,*,#2122,.F.);
#2178 = ORIENTED_EDGE('',*,*,#1953,.T.);
#2179 = ORIENTED_EDGE('',*,*,#2158,.T.);
#2180 = PLANE('',#2181);
#2181 = AXIS2_PLACEMENT_3D('',#2182,#2183,#2184);
#2182 = CARTESIAN_POINT('',(-1.,0.625,0.));
#2183 = DIRECTION('',(0.,1.,0.));
#2184 = DIRECTION('',(0.,-0.,1.));
#2185 = ADVANCED_FACE('',(#2186,#2196),#2266,.T.);
#2186 = FACE_BOUND('',#2187,.T.);
#2187 = EDGE_LOOP('',(#2188,#2189,#2190,#2191,#2192,#2193,#2194,#2195));
#2188 = ORIENTED_EDGE('',*,*,#1993,.F.);
#2189 = ORIENTED_EDGE('',*,*,#2033,.T.);
#2190 = ORIENTED_EDGE('',*,*,#2076,.T.);
#2191 = ORIENTED_EDGE('',*,*,#2130,.F.);
#2192 = ORIENTED_EDGE('',*,*,#2172,.T.);
#2193 = ORIENTED_EDGE('',*,*,#2149,.T.);
#2194 = ORIENTED_EDGE('',*,*,#2100,.F.);
#2195 = ORIENTED_EDGE('',*,*,#2050,.F.);
#2196 = FACE_BOUND('',#2197,.T.);
#2197 = EDGE_LOOP('',(#2198,#2209,#2217,#2226,#2234,#2243,#2251,#2260));
#2198 = ORIENTED_EDGE('',*,*,#2199,.F.);
#2199 = EDGE_CURVE('',#2200,#2202,#2204,.T.);
#2200 = VERTEX_POINT('',#2201);
#2201 = CARTESIAN_POINT('',(-0.6,-0.585,8.E-02));
#2202 = VERTEX_POINT('',#2203);
#2203 = CARTESIAN_POINT('',(-0.6,-0.545,4.E-02));
#2204 = CIRCLE('',#2205,4.E-02);
#2205 = AXIS2_PLACEMENT_3D('',#2206,#2207,#2208);
#2206 = CARTESIAN_POINT('',(-0.6,-0.545,8.E-02));
#2207 = DIRECTION('',(1.,0.,-0.));
#2208 = DIRECTION('',(0.,0.,1.));
#2209 = ORIENTED_EDGE('',*,*,#2210,.T.);
#2210 = EDGE_CURVE('',#2200,#2211,#2213,.T.);
#2211 = VERTEX_POINT('',#2212);
#2212 = CARTESIAN_POINT('',(-0.6,-0.585,1.17));
#2213 = LINE('',#2214,#2215);
#2214 = CARTESIAN_POINT('',(-0.6,-0.585,4.E-02));
#2215 = VECTOR('',#2216,1.);
#2216 = DIRECTION('',(0.,0.,1.));
#2217 = ORIENTED_EDGE('',*,*,#2218,.T.);
#2218 = EDGE_CURVE('',#2211,#2219,#2221,.T.);
#2219 = VERTEX_POINT('',#2220);
#2220 = CARTESIAN_POINT('',(-0.6,-0.545,1.21));
#2221 = CIRCLE('',#2222,4.E-02);
#2222 = AXIS2_PLACEMENT_3D('',#2223,#2224,#2225);
#2223 = CARTESIAN_POINT('',(-0.6,-0.545,1.17));
#2224 = DIRECTION('',(-1.,0.,0.));
#2225 = DIRECTION('',(0.,0.,1.));
#2226 = ORIENTED_EDGE('',*,*,#2227,.T.);
#2227 = EDGE_CURVE('',#2219,#2228,#2230,.T.);
#2228 = VERTEX_POINT('',#2229);
#2229 = CARTESIAN_POINT('',(-0.6,0.545,1.21));
#2230 = LINE('',#2231,#2232);
#2231 = CARTESIAN_POINT('',(-0.6,-0.585,1.21));
#2232 = VECTOR('',#2233,1.);
#2233 = DIRECTION('',(0.,1.,0.));
#2234 = ORIENTED_EDGE('',*,*,#2235,.F.);
#2235 = EDGE_CURVE('',#2236,#2228,#2238,.T.);
#2236 = VERTEX_POINT('',#2237);
#2237 = CARTESIAN_POINT('',(-0.6,0.585,1.17));
#2238 = CIRCLE('',#2239,4.E-02);
#2239 = AXIS2_PLACEMENT_3D('',#2240,#2241,#2242);
#2240 = CARTESIAN_POINT('',(-0.6,0.545,1.17));
#2241 = DIRECTION('',(1.,0.,-0.));
#2242 = DIRECTION('',(0.,0.,1.));
#2243 = ORIENTED_EDGE('',*,*,#2244,.F.);
#2244 = EDGE_CURVE('',#2245,#2236,#2247,.T.);
#2245 = VERTEX_POINT('',#2246);
#2246 = CARTESIAN_POINT('',(-0.6,0.585,8.E-02));
#2247 = LINE('',#2248,#2249);
#2248 = CARTESIAN_POINT('',(-0.6,0.585,4.E-02));
#2249 = VECTOR('',#2250,1.);
#2250 = DIRECTION('',(0.,0.,1.));
#2251 = ORIENTED_EDGE('',*,*,#2252,.T.);
#2252 = EDGE_CURVE('',#2245,#2253,#2255,.T.);
#2253 = VERTEX_POINT('',#2254);
#2254 = CARTESIAN_POINT('',(-0.6,0.545,4.E-02));
#2255 = CIRCLE('',#2256,4.E-02);
#2256 = AXIS2_PLACEMENT_3D('',#2257,#2258,#2259);
#2257 = CARTESIAN_POINT('',(-0.6,0.545,8.E-02));
#2258 = DIRECTION('',(-1.,0.,0.));
#2259 = DIRECTION('',(0.,0.,1.));
#2260 = ORIENTED_EDGE('',*,*,#2261,.F.);
#2261 = EDGE_CURVE('',#2202,#2253,#2262,.T.);
#2262 = LINE('',#2263,#2264);
#2263 = CARTESIAN_POINT('',(-0.6,-0.585,4.E-02));
#2264 = VECTOR('',#2265,1.);
#2265 = DIRECTION('',(0.,1.,0.));
#2266 = PLANE('',#2267);
#2267 = AXIS2_PLACEMENT_3D('',#2268,#2269,#2270);
#2268 = CARTESIAN_POINT('',(-0.6,-0.625,0.));
#2269 = DIRECTION('',(1.,0.,0.));
#2270 = DIRECTION('',(0.,0.,1.));
#2271 = ADVANCED_FACE('',(#2272),#2298,.T.);
#2272 = FACE_BOUND('',#2273,.T.);
#2273 = EDGE_LOOP('',(#2274,#2275,#2283,#2292));
#2274 = ORIENTED_EDGE('',*,*,#2199,.T.);
#2275 = ORIENTED_EDGE('',*,*,#2276,.T.);
#2276 = EDGE_CURVE('',#2202,#2277,#2279,.T.);
#2277 = VERTEX_POINT('',#2278);
#2278 = CARTESIAN_POINT('',(0.6,-0.545,4.E-02));
#2279 = LINE('',#2280,#2281);
#2280 = CARTESIAN_POINT('',(-0.6,-0.545,4.E-02));
#2281 = VECTOR('',#2282,1.);
#2282 = DIRECTION('',(1.,0.,0.));
#2283 = ORIENTED_EDGE('',*,*,#2284,.F.);
#2284 = EDGE_CURVE('',#2285,#2277,#2287,.T.);
#2285 = VERTEX_POINT('',#2286);
#2286 = CARTESIAN_POINT('',(0.6,-0.585,8.E-02));
#2287 = CIRCLE('',#2288,4.E-02);
#2288 = AXIS2_PLACEMENT_3D('',#2289,#2290,#2291);
#2289 = CARTESIAN_POINT('',(0.6,-0.545,8.E-02));
#2290 = DIRECTION('',(1.,0.,-0.));
#2291 = DIRECTION('',(0.,0.,1.));
#2292 = ORIENTED_EDGE('',*,*,#2293,.F.);
#2293 = EDGE_CURVE('',#2200,#2285,#2294,.T.);
#2294 = LINE('',#2295,#2296);
#2295 = CARTESIAN_POINT('',(-0.6,-0.585,8.E-02));
#2296 = VECTOR('',#2297,1.);
#2297 = DIRECTION('',(1.,0.,0.));
#2298 = CYLINDRICAL_SURFACE('',#2299,4.E-02);
#2299 = AXIS2_PLACEMENT_3D('',#2300,#2301,#2302);
#2300 = CARTESIAN_POINT('',(-0.6,-0.545,8.E-02));
#2301 = DIRECTION('',(1.,0.,0.));
#2302 = DIRECTION('',(0.,-1.,0.));
#2303 = ADVANCED_FACE('',(#2304),#2322,.F.);
#2304 = FACE_BOUND('',#2305,.F.);
#2305 = EDGE_LOOP('',(#2306,#2307,#2308,#2316));
#2306 = ORIENTED_EDGE('',*,*,#2261,.F.);
#2307 = ORIENTED_EDGE('',*,*,#2276,.T.);
#2308 = ORIENTED_EDGE('',*,*,#2309,.T.);
#2309 = EDGE_CURVE('',#2277,#2310,#2312,.T.);
#2310 = VERTEX_POINT('',#2311);
#2311 = CARTESIAN_POINT('',(0.6,0.545,4.E-02));
#2312 = LINE('',#2313,#2314);
#2313 = CARTESIAN_POINT('',(0.6,-0.585,4.E-02));
#2314 = VECTOR('',#2315,1.);
#2315 = DIRECTION('',(0.,1.,0.));
#2316 = ORIENTED_EDGE('',*,*,#2317,.F.);
#2317 = EDGE_CURVE('',#2253,#2310,#2318,.T.);
#2318 = LINE('',#2319,#2320);
#2319 = CARTESIAN_POINT('',(-0.6,0.545,4.E-02));
#2320 = VECTOR('',#2321,1.);
#2321 = DIRECTION('',(1.,0.,0.));
#2322 = PLANE('',#2323);
#2323 = AXIS2_PLACEMENT_3D('',#2324,#2325,#2326);
#2324 = CARTESIAN_POINT('',(-0.6,-0.585,4.E-02));
#2325 = DIRECTION('',(0.,0.,1.));
#2326 = DIRECTION('',(1.,0.,-0.));
#2327 = ADVANCED_FACE('',(#2328),#2347,.T.);
#2328 = FACE_BOUND('',#2329,.T.);
#2329 = EDGE_LOOP('',(#2330,#2338,#2345,#2346));
#2330 = ORIENTED_EDGE('',*,*,#2331,.T.);
#2331 = EDGE_CURVE('',#2245,#2332,#2334,.T.);
#2332 = VERTEX_POINT('',#2333);
#2333 = CARTESIAN_POINT('',(0.6,0.585,8.E-02));
#2334 = LINE('',#2335,#2336);
#2335 = CARTESIAN_POINT('',(-0.6,0.585,8.E-02));
#2336 = VECTOR('',#2337,1.);
#2337 = DIRECTION('',(1.,0.,0.));
#2338 = ORIENTED_EDGE('',*,*,#2339,.T.);
#2339 = EDGE_CURVE('',#2332,#2310,#2340,.T.);
#2340 = CIRCLE('',#2341,4.E-02);
#2341 = AXIS2_PLACEMENT_3D('',#2342,#2343,#2344);
#2342 = CARTESIAN_POINT('',(0.6,0.545,8.E-02));
#2343 = DIRECTION('',(-1.,0.,0.));
#2344 = DIRECTION('',(0.,0.,1.));
#2345 = ORIENTED_EDGE('',*,*,#2317,.F.);
#2346 = ORIENTED_EDGE('',*,*,#2252,.F.);
#2347 = CYLINDRICAL_SURFACE('',#2348,4.E-02);
#2348 = AXIS2_PLACEMENT_3D('',#2349,#2350,#2351);
#2349 = CARTESIAN_POINT('',(-0.6,0.545,8.E-02));
#2350 = DIRECTION('',(1.,0.,0.));
#2351 = DIRECTION('',(-0.,1.,0.));
#2352 = ADVANCED_FACE('',(#2353),#2371,.T.);
#2353 = FACE_BOUND('',#2354,.T.);
#2354 = EDGE_LOOP('',(#2355,#2363,#2364,#2365));
#2355 = ORIENTED_EDGE('',*,*,#2356,.F.);
#2356 = EDGE_CURVE('',#2332,#2357,#2359,.T.);
#2357 = VERTEX_POINT('',#2358);
#2358 = CARTESIAN_POINT('',(0.6,0.585,1.17));
#2359 = LINE('',#2360,#2361);
#2360 = CARTESIAN_POINT('',(0.6,0.585,4.E-02));
#2361 = VECTOR('',#2362,1.);
#2362 = DIRECTION('',(0.,0.,1.));
#2363 = ORIENTED_EDGE('',*,*,#2331,.F.);
#2364 = ORIENTED_EDGE('',*,*,#2244,.T.);
#2365 = ORIENTED_EDGE('',*,*,#2366,.T.);
#2366 = EDGE_CURVE('',#2236,#2357,#2367,.T.);
#2367 = LINE('',#2368,#2369);
#2368 = CARTESIAN_POINT('',(-0.6,0.585,1.17));
#2369 = VECTOR('',#2370,1.);
#2370 = DIRECTION('',(1.,0.,0.));
#2371 = PLANE('',#2372);
#2372 = AXIS2_PLACEMENT_3D('',#2373,#2374,#2375);
#2373 = CARTESIAN_POINT('',(-0.6,0.585,4.E-02));
#2374 = DIRECTION('',(0.,1.,0.));
#2375 = DIRECTION('',(0.,-0.,1.));
#2376 = ADVANCED_FACE('',(#2377),#2396,.T.);
#2377 = FACE_BOUND('',#2378,.T.);
#2378 = EDGE_LOOP('',(#2379,#2380,#2388,#2395));
#2379 = ORIENTED_EDGE('',*,*,#2235,.T.);
#2380 = ORIENTED_EDGE('',*,*,#2381,.T.);
#2381 = EDGE_CURVE('',#2228,#2382,#2384,.T.);
#2382 = VERTEX_POINT('',#2383);
#2383 = CARTESIAN_POINT('',(0.6,0.545,1.21));
#2384 = LINE('',#2385,#2386);
#2385 = CARTESIAN_POINT('',(-0.6,0.545,1.21));
#2386 = VECTOR('',#2387,1.);
#2387 = DIRECTION('',(1.,0.,0.));
#2388 = ORIENTED_EDGE('',*,*,#2389,.F.);
#2389 = EDGE_CURVE('',#2357,#2382,#2390,.T.);
#2390 = CIRCLE('',#2391,4.E-02);
#2391 = AXIS2_PLACEMENT_3D('',#2392,#2393,#2394);
#2392 = CARTESIAN_POINT('',(0.6,0.545,1.17));
#2393 = DIRECTION('',(1.,0.,-0.));
#2394 = DIRECTION('',(0.,0.,1.));
#2395 = ORIENTED_EDGE('',*,*,#2366,.F.);
#2396 = CYLINDRICAL_SURFACE('',#2397,4.E-02);
#2397 = AXIS2_PLACEMENT_3D('',#2398,#2399,#2400);
#2398 = CARTESIAN_POINT('',(-0.6,0.545,1.17));
#2399 = DIRECTION('',(1.,0.,0.));
#2400 = DIRECTION('',(-0.,1.,0.));
#2401 = ADVANCED_FACE('',(#2402),#2420,.T.);
#2402 = FACE_BOUND('',#2403,.T.);
#2403 = EDGE_LOOP('',(#2404,#2405,#2413,#2419));
#2404 = ORIENTED_EDGE('',*,*,#2227,.F.);
#2405 = ORIENTED_EDGE('',*,*,#2406,.T.);
#2406 = EDGE_CURVE('',#2219,#2407,#2409,.T.);
#2407 = VERTEX_POINT('',#2408);
#2408 = CARTESIAN_POINT('',(0.6,-0.545,1.21));
#2409 = LINE('',#2410,#2411);
#2410 = CARTESIAN_POINT('',(-0.6,-0.545,1.21));
#2411 = VECTOR('',#2412,1.);
#2412 = DIRECTION('',(1.,0.,0.));
#2413 = ORIENTED_EDGE('',*,*,#2414,.T.);
#2414 = EDGE_CURVE('',#2407,#2382,#2415,.T.);
#2415 = LINE('',#2416,#2417);
#2416 = CARTESIAN_POINT('',(0.6,-0.585,1.21));
#2417 = VECTOR('',#2418,1.);
#2418 = DIRECTION('',(0.,1.,0.));
#2419 = ORIENTED_EDGE('',*,*,#2381,.F.);
#2420 = PLANE('',#2421);
#2421 = AXIS2_PLACEMENT_3D('',#2422,#2423,#2424);
#2422 = CARTESIAN_POINT('',(-0.6,-0.585,1.21));
#2423 = DIRECTION('',(0.,0.,1.));
#2424 = DIRECTION('',(1.,0.,-0.));
#2425 = ADVANCED_FACE('',(#2426),#2445,.T.);
#2426 = FACE_BOUND('',#2427,.T.);
#2427 = EDGE_LOOP('',(#2428,#2436,#2443,#2444));
#2428 = ORIENTED_EDGE('',*,*,#2429,.T.);
#2429 = EDGE_CURVE('',#2211,#2430,#2432,.T.);
#2430 = VERTEX_POINT('',#2431);
#2431 = CARTESIAN_POINT('',(0.6,-0.585,1.17));
#2432 = LINE('',#2433,#2434);
#2433 = CARTESIAN_POINT('',(-0.6,-0.585,1.17));
#2434 = VECTOR('',#2435,1.);
#2435 = DIRECTION('',(1.,0.,0.));
#2436 = ORIENTED_EDGE('',*,*,#2437,.T.);
#2437 = EDGE_CURVE('',#2430,#2407,#2438,.T.);
#2438 = CIRCLE('',#2439,4.E-02);
#2439 = AXIS2_PLACEMENT_3D('',#2440,#2441,#2442);
#2440 = CARTESIAN_POINT('',(0.6,-0.545,1.17));
#2441 = DIRECTION('',(-1.,0.,0.));
#2442 = DIRECTION('',(0.,0.,1.));
#2443 = ORIENTED_EDGE('',*,*,#2406,.F.);
#2444 = ORIENTED_EDGE('',*,*,#2218,.F.);
#2445 = CYLINDRICAL_SURFACE('',#2446,4.E-02);
#2446 = AXIS2_PLACEMENT_3D('',#2447,#2448,#2449);
#2447 = CARTESIAN_POINT('',(-0.6,-0.545,1.17));
#2448 = DIRECTION('',(1.,0.,0.));
#2449 = DIRECTION('',(0.,-1.,0.));
#2450 = ADVANCED_FACE('',(#2451),#2462,.F.);
#2451 = FACE_BOUND('',#2452,.F.);
#2452 = EDGE_LOOP('',(#2453,#2459,#2460,#2461));
#2453 = ORIENTED_EDGE('',*,*,#2454,.F.);
#2454 = EDGE_CURVE('',#2285,#2430,#2455,.T.);
#2455 = LINE('',#2456,#2457);
#2456 = CARTESIAN_POINT('',(0.6,-0.585,4.E-02));
#2457 = VECTOR('',#2458,1.);
#2458 = DIRECTION('',(0.,0.,1.));
#2459 = ORIENTED_EDGE('',*,*,#2293,.F.);
#2460 = ORIENTED_EDGE('',*,*,#2210,.T.);
#2461 = ORIENTED_EDGE('',*,*,#2429,.T.);
#2462 = PLANE('',#2463);
#2463 = AXIS2_PLACEMENT_3D('',#2464,#2465,#2466);
#2464 = CARTESIAN_POINT('',(-0.6,-0.585,4.E-02));
#2465 = DIRECTION('',(0.,1.,0.));
#2466 = DIRECTION('',(0.,-0.,1.));
#2467 = ADVANCED_FACE('',(#2468,#2538),#2548,.F.);
#2468 = FACE_BOUND('',#2469,.F.);
#2469 = EDGE_LOOP('',(#2470,#2480,#2489,#2497,#2506,#2514,#2523,#2531));
#2470 = ORIENTED_EDGE('',*,*,#2471,.F.);
#2471 = EDGE_CURVE('',#2472,#2474,#2476,.T.);
#2472 = VERTEX_POINT('',#2473);
#2473 = CARTESIAN_POINT('',(0.6,-0.625,4.E-02));
#2474 = VERTEX_POINT('',#2475);
#2475 = CARTESIAN_POINT('',(0.6,-0.625,1.21));
#2476 = LINE('',#2477,#2478);
#2477 = CARTESIAN_POINT('',(0.6,-0.625,0.));
#2478 = VECTOR('',#2479,1.);
#2479 = DIRECTION('',(0.,0.,1.));
#2480 = ORIENTED_EDGE('',*,*,#2481,.T.);
#2481 = EDGE_CURVE('',#2472,#2482,#2484,.T.);
#2482 = VERTEX_POINT('',#2483);
#2483 = CARTESIAN_POINT('',(0.6,-0.585,0.));
#2484 = CIRCLE('',#2485,4.E-02);
#2485 = AXIS2_PLACEMENT_3D('',#2486,#2487,#2488);
#2486 = CARTESIAN_POINT('',(0.6,-0.585,4.E-02));
#2487 = DIRECTION('',(1.,0.,-0.));
#2488 = DIRECTION('',(0.,0.,1.));
#2489 = ORIENTED_EDGE('',*,*,#2490,.T.);
#2490 = EDGE_CURVE('',#2482,#2491,#2493,.T.);
#2491 = VERTEX_POINT('',#2492);
#2492 = CARTESIAN_POINT('',(0.6,0.585,0.));
#2493 = LINE('',#2494,#2495);
#2494 = CARTESIAN_POINT('',(0.6,-0.625,0.));
#2495 = VECTOR('',#2496,1.);
#2496 = DIRECTION('',(0.,1.,0.));
#2497 = ORIENTED_EDGE('',*,*,#2498,.F.);
#2498 = EDGE_CURVE('',#2499,#2491,#2501,.T.);
#2499 = VERTEX_POINT('',#2500);
#2500 = CARTESIAN_POINT('',(0.6,0.625,4.E-02));
#2501 = CIRCLE('',#2502,4.E-02);
#2502 = AXIS2_PLACEMENT_3D('',#2503,#2504,#2505);
#2503 = CARTESIAN_POINT('',(0.6,0.585,4.E-02));
#2504 = DIRECTION('',(-1.,0.,0.));
#2505 = DIRECTION('',(0.,0.,1.));
#2506 = ORIENTED_EDGE('',*,*,#2507,.T.);
#2507 = EDGE_CURVE('',#2499,#2508,#2510,.T.);
#2508 = VERTEX_POINT('',#2509);
#2509 = CARTESIAN_POINT('',(0.6,0.625,1.21));
#2510 = LINE('',#2511,#2512);
#2511 = CARTESIAN_POINT('',(0.6,0.625,0.));
#2512 = VECTOR('',#2513,1.);
#2513 = DIRECTION('',(0.,0.,1.));
#2514 = ORIENTED_EDGE('',*,*,#2515,.T.);
#2515 = EDGE_CURVE('',#2508,#2516,#2518,.T.);
#2516 = VERTEX_POINT('',#2517);
#2517 = CARTESIAN_POINT('',(0.6,0.585,1.25));
#2518 = CIRCLE('',#2519,4.E-02);
#2519 = AXIS2_PLACEMENT_3D('',#2520,#2521,#2522);
#2520 = CARTESIAN_POINT('',(0.6,0.585,1.21));
#2521 = DIRECTION('',(1.,0.,-0.));
#2522 = DIRECTION('',(0.,0.,1.));
#2523 = ORIENTED_EDGE('',*,*,#2524,.F.);
#2524 = EDGE_CURVE('',#2525,#2516,#2527,.T.);
#2525 = VERTEX_POINT('',#2526);
#2526 = CARTESIAN_POINT('',(0.6,-0.585,1.25));
#2527 = LINE('',#2528,#2529);
#2528 = CARTESIAN_POINT('',(0.6,-0.625,1.25));
#2529 = VECTOR('',#2530,1.);
#2530 = DIRECTION('',(0.,1.,0.));
#2531 = ORIENTED_EDGE('',*,*,#2532,.F.);
#2532 = EDGE_CURVE('',#2474,#2525,#2533,.T.);
#2533 = CIRCLE('',#2534,4.E-02);
#2534 = AXIS2_PLACEMENT_3D('',#2535,#2536,#2537);
#2535 = CARTESIAN_POINT('',(0.6,-0.585,1.21));
#2536 = DIRECTION('',(-1.,0.,0.));
#2537 = DIRECTION('',(0.,0.,1.));
#2538 = FACE_BOUND('',#2539,.F.);
#2539 = EDGE_LOOP('',(#2540,#2541,#2542,#2543,#2544,#2545,#2546,#2547));
#2540 = ORIENTED_EDGE('',*,*,#2284,.F.);
#2541 = ORIENTED_EDGE('',*,*,#2454,.T.);
#2542 = ORIENTED_EDGE('',*,*,#2437,.T.);
#2543 = ORIENTED_EDGE('',*,*,#2414,.T.);
#2544 = ORIENTED_EDGE('',*,*,#2389,.F.);
#2545 = ORIENTED_EDGE('',*,*,#2356,.F.);
#2546 = ORIENTED_EDGE('',*,*,#2339,.T.);
#2547 = ORIENTED_EDGE('',*,*,#2309,.F.);
#2548 = PLANE('',#2549);
#2549 = AXIS2_PLACEMENT_3D('',#2550,#2551,#2552);
#2550 = CARTESIAN_POINT('',(0.6,-0.625,0.));
#2551 = DIRECTION('',(1.,0.,0.));
#2552 = DIRECTION('',(0.,0.,1.));
#2553 = ADVANCED_FACE('',(#2554),#2579,.F.);
#2554 = FACE_BOUND('',#2555,.F.);
#2555 = EDGE_LOOP('',(#2556,#2566,#2572,#2573));
#2556 = ORIENTED_EDGE('',*,*,#2557,.F.);
#2557 = EDGE_CURVE('',#2558,#2560,#2562,.T.);
#2558 = VERTEX_POINT('',#2559);
#2559 = CARTESIAN_POINT('',(1.,-0.625,4.E-02));
#2560 = VERTEX_POINT('',#2561);
#2561 = CARTESIAN_POINT('',(1.,-0.625,1.21));
#2562 = LINE('',#2563,#2564);
#2563 = CARTESIAN_POINT('',(1.,-0.625,0.));
#2564 = VECTOR('',#2565,1.);
#2565 = DIRECTION('',(0.,0.,1.));
#2566 = ORIENTED_EDGE('',*,*,#2567,.F.);
#2567 = EDGE_CURVE('',#2472,#2558,#2568,.T.);
#2568 = LINE('',#2569,#2570);
#2569 = CARTESIAN_POINT('',(0.6,-0.625,4.E-02));
#2570 = VECTOR('',#2571,1.);
#2571 = DIRECTION('',(1.,0.,0.));
#2572 = ORIENTED_EDGE('',*,*,#2471,.T.);
#2573 = ORIENTED_EDGE('',*,*,#2574,.T.);
#2574 = EDGE_CURVE('',#2474,#2560,#2575,.T.);
#2575 = LINE('',#2576,#2577);
#2576 = CARTESIAN_POINT('',(0.6,-0.625,1.21));
#2577 = VECTOR('',#2578,1.);
#2578 = DIRECTION('',(1.,0.,0.));
#2579 = PLANE('',#2580);
#2580 = AXIS2_PLACEMENT_3D('',#2581,#2582,#2583);
#2581 = CARTESIAN_POINT('',(0.6,-0.625,0.));
#2582 = DIRECTION('',(0.,1.,0.));
#2583 = DIRECTION('',(0.,-0.,1.));
#2584 = ADVANCED_FACE('',(#2585),#2604,.T.);
#2585 = FACE_BOUND('',#2586,.T.);
#2586 = EDGE_LOOP('',(#2587,#2588,#2596,#2603));
#2587 = ORIENTED_EDGE('',*,*,#2481,.T.);
#2588 = ORIENTED_EDGE('',*,*,#2589,.T.);
#2589 = EDGE_CURVE('',#2482,#2590,#2592,.T.);
#2590 = VERTEX_POINT('',#2591);
#2591 = CARTESIAN_POINT('',(1.,-0.585,0.));
#2592 = LINE('',#2593,#2594);
#2593 = CARTESIAN_POINT('',(0.6,-0.585,0.));
#2594 = VECTOR('',#2595,1.);
#2595 = DIRECTION('',(1.,0.,0.));
#2596 = ORIENTED_EDGE('',*,*,#2597,.F.);
#2597 = EDGE_CURVE('',#2558,#2590,#2598,.T.);
#2598 = CIRCLE('',#2599,4.E-02);
#2599 = AXIS2_PLACEMENT_3D('',#2600,#2601,#2602);
#2600 = CARTESIAN_POINT('',(1.,-0.585,4.E-02));
#2601 = DIRECTION('',(1.,0.,-0.));
#2602 = DIRECTION('',(0.,0.,1.));
#2603 = ORIENTED_EDGE('',*,*,#2567,.F.);
#2604 = CYLINDRICAL_SURFACE('',#2605,4.E-02);
#2605 = AXIS2_PLACEMENT_3D('',#2606,#2607,#2608);
#2606 = CARTESIAN_POINT('',(0.6,-0.585,4.E-02));
#2607 = DIRECTION('',(1.,0.,0.));
#2608 = DIRECTION('',(0.,-1.,0.));
#2609 = ADVANCED_FACE('',(#2610),#2629,.T.);
#2610 = FACE_BOUND('',#2611,.T.);
#2611 = EDGE_LOOP('',(#2612,#2613,#2622,#2628));
#2612 = ORIENTED_EDGE('',*,*,#2574,.T.);
#2613 = ORIENTED_EDGE('',*,*,#2614,.T.);
#2614 = EDGE_CURVE('',#2560,#2615,#2617,.T.);
#2615 = VERTEX_POINT('',#2616);
#2616 = CARTESIAN_POINT('',(1.,-0.585,1.25));
#2617 = CIRCLE('',#2618,4.E-02);
#2618 = AXIS2_PLACEMENT_3D('',#2619,#2620,#2621);
#2619 = CARTESIAN_POINT('',(1.,-0.585,1.21));
#2620 = DIRECTION('',(-1.,0.,0.));
#2621 = DIRECTION('',(0.,0.,1.));
#2622 = ORIENTED_EDGE('',*,*,#2623,.F.);
#2623 = EDGE_CURVE('',#2525,#2615,#2624,.T.);
#2624 = LINE('',#2625,#2626);
#2625 = CARTESIAN_POINT('',(0.6,-0.585,1.25));
#2626 = VECTOR('',#2627,1.);
#2627 = DIRECTION('',(1.,0.,0.));
#2628 = ORIENTED_EDGE('',*,*,#2532,.F.);
#2629 = CYLINDRICAL_SURFACE('',#2630,4.E-02);
#2630 = AXIS2_PLACEMENT_3D('',#2631,#2632,#2633);
#2631 = CARTESIAN_POINT('',(0.6,-0.585,1.21));
#2632 = DIRECTION('',(1.,0.,0.));
#2633 = DIRECTION('',(0.,-1.,0.));
#2634 = ADVANCED_FACE('',(#2635),#2653,.F.);
#2635 = FACE_BOUND('',#2636,.F.);
#2636 = EDGE_LOOP('',(#2637,#2638,#2639,#2647));
#2637 = ORIENTED_EDGE('',*,*,#2490,.F.);
#2638 = ORIENTED_EDGE('',*,*,#2589,.T.);
#2639 = ORIENTED_EDGE('',*,*,#2640,.T.);
#2640 = EDGE_CURVE('',#2590,#2641,#2643,.T.);
#2641 = VERTEX_POINT('',#2642);
#2642 = CARTESIAN_POINT('',(1.,0.585,0.));
#2643 = LINE('',#2644,#2645);
#2644 = CARTESIAN_POINT('',(1.,-0.625,0.));
#2645 = VECTOR('',#2646,1.);
#2646 = DIRECTION('',(0.,1.,0.));
#2647 = ORIENTED_EDGE('',*,*,#2648,.F.);
#2648 = EDGE_CURVE('',#2491,#2641,#2649,.T.);
#2649 = LINE('',#2650,#2651);
#2650 = CARTESIAN_POINT('',(0.6,0.585,0.));
#2651 = VECTOR('',#2652,1.);
#2652 = DIRECTION('',(1.,0.,0.));
#2653 = PLANE('',#2654);
#2654 = AXIS2_PLACEMENT_3D('',#2655,#2656,#2657);
#2655 = CARTESIAN_POINT('',(0.6,-0.625,0.));
#2656 = DIRECTION('',(0.,0.,1.));
#2657 = DIRECTION('',(1.,0.,-0.));
#2658 = ADVANCED_FACE('',(#2659),#2677,.T.);
#2659 = FACE_BOUND('',#2660,.T.);
#2660 = EDGE_LOOP('',(#2661,#2662,#2663,#2671));
#2661 = ORIENTED_EDGE('',*,*,#2524,.F.);
#2662 = ORIENTED_EDGE('',*,*,#2623,.T.);
#2663 = ORIENTED_EDGE('',*,*,#2664,.T.);
#2664 = EDGE_CURVE('',#2615,#2665,#2667,.T.);
#2665 = VERTEX_POINT('',#2666);
#2666 = CARTESIAN_POINT('',(1.,0.585,1.25));
#2667 = LINE('',#2668,#2669);
#2668 = CARTESIAN_POINT('',(1.,-0.625,1.25));
#2669 = VECTOR('',#2670,1.);
#2670 = DIRECTION('',(0.,1.,0.));
#2671 = ORIENTED_EDGE('',*,*,#2672,.F.);
#2672 = EDGE_CURVE('',#2516,#2665,#2673,.T.);
#2673 = LINE('',#2674,#2675);
#2674 = CARTESIAN_POINT('',(0.6,0.585,1.25));
#2675 = VECTOR('',#2676,1.);
#2676 = DIRECTION('',(1.,0.,0.));
#2677 = PLANE('',#2678);
#2678 = AXIS2_PLACEMENT_3D('',#2679,#2680,#2681);
#2679 = CARTESIAN_POINT('',(0.6,-0.625,1.25));
#2680 = DIRECTION('',(0.,0.,1.));
#2681 = DIRECTION('',(1.,0.,-0.));
#2682 = ADVANCED_FACE('',(#2683),#2702,.T.);
#2683 = FACE_BOUND('',#2684,.T.);
#2684 = EDGE_LOOP('',(#2685,#2693,#2700,#2701));
#2685 = ORIENTED_EDGE('',*,*,#2686,.T.);
#2686 = EDGE_CURVE('',#2499,#2687,#2689,.T.);
#2687 = VERTEX_POINT('',#2688);
#2688 = CARTESIAN_POINT('',(1.,0.625,4.E-02));
#2689 = LINE('',#2690,#2691);
#2690 = CARTESIAN_POINT('',(0.6,0.625,4.E-02));
#2691 = VECTOR('',#2692,1.);
#2692 = DIRECTION('',(1.,0.,0.));
#2693 = ORIENTED_EDGE('',*,*,#2694,.T.);
#2694 = EDGE_CURVE('',#2687,#2641,#2695,.T.);
#2695 = CIRCLE('',#2696,4.E-02);
#2696 = AXIS2_PLACEMENT_3D('',#2697,#2698,#2699);
#2697 = CARTESIAN_POINT('',(1.,0.585,4.E-02));
#2698 = DIRECTION('',(-1.,0.,0.));
#2699 = DIRECTION('',(0.,0.,1.));
#2700 = ORIENTED_EDGE('',*,*,#2648,.F.);
#2701 = ORIENTED_EDGE('',*,*,#2498,.F.);
#2702 = CYLINDRICAL_SURFACE('',#2703,4.E-02);
#2703 = AXIS2_PLACEMENT_3D('',#2704,#2705,#2706);
#2704 = CARTESIAN_POINT('',(0.6,0.585,4.E-02));
#2705 = DIRECTION('',(1.,0.,0.));
#2706 = DIRECTION('',(-0.,1.,0.));
#2707 = ADVANCED_FACE('',(#2708),#2727,.T.);
#2708 = FACE_BOUND('',#2709,.T.);
#2709 = EDGE_LOOP('',(#2710,#2711,#2712,#2721));
#2710 = ORIENTED_EDGE('',*,*,#2515,.T.);
#2711 = ORIENTED_EDGE('',*,*,#2672,.T.);
#2712 = ORIENTED_EDGE('',*,*,#2713,.F.);
#2713 = EDGE_CURVE('',#2714,#2665,#2716,.T.);
#2714 = VERTEX_POINT('',#2715);
#2715 = CARTESIAN_POINT('',(1.,0.625,1.21));
#2716 = CIRCLE('',#2717,4.E-02);
#2717 = AXIS2_PLACEMENT_3D('',#2718,#2719,#2720);
#2718 = CARTESIAN_POINT('',(1.,0.585,1.21));
#2719 = DIRECTION('',(1.,0.,-0.));
#2720 = DIRECTION('',(0.,0.,1.));
#2721 = ORIENTED_EDGE('',*,*,#2722,.F.);
#2722 = EDGE_CURVE('',#2508,#2714,#2723,.T.);
#2723 = LINE('',#2724,#2725);
#2724 = CARTESIAN_POINT('',(0.6,0.625,1.21));
#2725 = VECTOR('',#2726,1.);
#2726 = DIRECTION('',(1.,0.,0.));
#2727 = CYLINDRICAL_SURFACE('',#2728,4.E-02);
#2728 = AXIS2_PLACEMENT_3D('',#2729,#2730,#2731);
#2729 = CARTESIAN_POINT('',(0.6,0.585,1.21));
#2730 = DIRECTION('',(1.,0.,0.));
#2731 = DIRECTION('',(-0.,1.,0.));
#2732 = ADVANCED_FACE('',(#2733),#2744,.T.);
#2733 = FACE_BOUND('',#2734,.T.);
#2734 = EDGE_LOOP('',(#2735,#2741,#2742,#2743));
#2735 = ORIENTED_EDGE('',*,*,#2736,.F.);
#2736 = EDGE_CURVE('',#2687,#2714,#2737,.T.);
#2737 = LINE('',#2738,#2739);
#2738 = CARTESIAN_POINT('',(1.,0.625,0.));
#2739 = VECTOR('',#2740,1.);
#2740 = DIRECTION('',(0.,0.,1.));
#2741 = ORIENTED_EDGE('',*,*,#2686,.F.);
#2742 = ORIENTED_EDGE('',*,*,#2507,.T.);
#2743 = ORIENTED_EDGE('',*,*,#2722,.T.);
#2744 = PLANE('',#2745);
#2745 = AXIS2_PLACEMENT_3D('',#2746,#2747,#2748);
#2746 = CARTESIAN_POINT('',(0.6,0.625,0.));
#2747 = DIRECTION('',(0.,1.,0.));
#2748 = DIRECTION('',(0.,-0.,1.));
#2749 = ADVANCED_FACE('',(#2750),#2760,.T.);
#2750 = FACE_BOUND('',#2751,.T.);
#2751 = EDGE_LOOP('',(#2752,#2753,#2754,#2755,#2756,#2757,#2758,#2759));
#2752 = ORIENTED_EDGE('',*,*,#2557,.F.);
#2753 = ORIENTED_EDGE('',*,*,#2597,.T.);
#2754 = ORIENTED_EDGE('',*,*,#2640,.T.);
#2755 = ORIENTED_EDGE('',*,*,#2694,.F.);
#2756 = ORIENTED_EDGE('',*,*,#2736,.T.);
#2757 = ORIENTED_EDGE('',*,*,#2713,.T.);
#2758 = ORIENTED_EDGE('',*,*,#2664,.F.);
#2759 = ORIENTED_EDGE('',*,*,#2614,.F.);
#2760 = PLANE('',#2761);
#2761 = AXIS2_PLACEMENT_3D('',#2762,#2763,#2764);
#2762 = CARTESIAN_POINT('',(1.,-0.625,0.));
#2763 = DIRECTION('',(1.,0.,0.));
#2764 = DIRECTION('',(0.,0.,1.));
#2765 = ( GEOMETRIC_REPRESENTATION_CONTEXT(3) 
GLOBAL_UNCERTAINTY_ASSIGNED_CONTEXT((#2769)) 
GLOBAL_UNIT_ASSIGNED_CONTEXT((#2766,#2767,#2768)) REPRESENTATION_CONTEXT
('Context #1','3D Context with UNIT and UNCERTAINTY') );
#2766 = ( LENGTH_UNIT() NAMED_UNIT(*) SI_UNIT(.MILLI.,.METRE.) );
#2767 = ( NAMED_UNIT(*) PLANE_ANGLE_UNIT() SI_UNIT($,.RADIAN.) );
#2768 = ( NAMED_UNIT(*) SI_UNIT($,.STERADIAN.) SOLID_ANGLE_UNIT() );
#2769 = UNCERTAINTY_MEASURE_WITH_UNIT(LENGTH_MEASURE(1.E-07),#2766,
  'distance_accuracy_value','confusion accuracy');
#2770 = CONTEXT_DEPENDENT_SHAPE_REPRESENTATION(#2771,#2773);
#2771 = ( REPRESENTATION_RELATIONSHIP('','',#1910,#1887) 
REPRESENTATION_RELATIONSHIP_WITH_TRANSFORMATION(#2772) 
SHAPE_REPRESENTATION_RELATIONSHIP() );
#2772 = ITEM_DEFINED_TRANSFORMATION('','',#11,#1888);
#2773 = PRODUCT_DEFINITION_SHAPE('Placement','Placement of an item',
  #2774);
#2774 = NEXT_ASSEMBLY_USAGE_OCCURRENCE('8','=>[0:1:1:7]','',#1882,#1905,
  $);
#2775 = PRODUCT_RELATED_PRODUCT_CATEGORY('part',$,(#1907));
#2776 = CONTEXT_DEPENDENT_SHAPE_REPRESENTATION(#2777,#2779);
#2777 = ( REPRESENTATION_RELATIONSHIP('','',#981,#10) 
REPRESENTATION_RELATIONSHIP_WITH_TRANSFORMATION(#2778) 
SHAPE_REPRESENTATION_RELATIONSHIP() );
#2778 = ITEM_DEFINED_TRANSFORMATION('','',#11,#39);
#2779 = PRODUCT_DEFINITION_SHAPE('Placement','Placement of an item',
  #2780);
#2780 = NEXT_ASSEMBLY_USAGE_OCCURRENCE('10','C16','',#5,#976,$);
#2781 = CONTEXT_DEPENDENT_SHAPE_REPRESENTATION(#2782,#2784);
#2782 = ( REPRESENTATION_RELATIONSHIP('','',#144,#10) 
REPRESENTATION_RELATIONSHIP_WITH_TRANSFORMATION(#2783) 
SHAPE_REPRESENTATION_RELATIONSHIP() );
#2783 = ITEM_DEFINED_TRANSFORMATION('','',#11,#43);
#2784 = PRODUCT_DEFINITION_SHAPE('Placement','Placement of an item',
  #2785);
#2785 = NEXT_ASSEMBLY_USAGE_OCCURRENCE('11','R11','',#5,#139,$);
#2786 = SHAPE_DEFINITION_REPRESENTATION(#2787,#2793);
#2787 = PRODUCT_DEFINITION_SHAPE('','',#2788);
#2788 = PRODUCT_DEFINITION('design','',#2789,#2792);
#2789 = PRODUCT_DEFINITION_FORMATION('','',#2790);
#2790 = PRODUCT('TDK_SIOV_CU3225_box','TDK_SIOV_CU3225_box','',(#2791));
#2791 = PRODUCT_CONTEXT('',#2,'mechanical');
#2792 = PRODUCT_DEFINITION_CONTEXT('part definition',#2,'design');
#2793 = SHAPE_REPRESENTATION('',(#11,#2794),#2798);
#2794 = AXIS2_PLACEMENT_3D('',#2795,#2796,#2797);
#2795 = CARTESIAN_POINT('',(0.,0.,0.));
#2796 = DIRECTION('',(0.,0.,1.));
#2797 = DIRECTION('',(1.,0.,-0.));
#2798 = ( GEOMETRIC_REPRESENTATION_CONTEXT(3) 
GLOBAL_UNCERTAINTY_ASSIGNED_CONTEXT((#2802)) 
GLOBAL_UNIT_ASSIGNED_CONTEXT((#2799,#2800,#2801)) REPRESENTATION_CONTEXT
('Context #1','3D Context with UNIT and UNCERTAINTY') );
#2799 = ( LENGTH_UNIT() NAMED_UNIT(*) SI_UNIT(.MILLI.,.METRE.) );
#2800 = ( NAMED_UNIT(*) PLANE_ANGLE_UNIT() SI_UNIT($,.RADIAN.) );
#2801 = ( NAMED_UNIT(*) SI_UNIT($,.STERADIAN.) SOLID_ANGLE_UNIT() );
#2802 = UNCERTAINTY_MEASURE_WITH_UNIT(LENGTH_MEASURE(1.E-07),#2799,
  'distance_accuracy_value','confusion accuracy');
#2803 = CONTEXT_DEPENDENT_SHAPE_REPRESENTATION(#2804,#2806);
#2804 = ( REPRESENTATION_RELATIONSHIP('','',#2793,#10) 
REPRESENTATION_RELATIONSHIP_WITH_TRANSFORMATION(#2805) 
SHAPE_REPRESENTATION_RELATIONSHIP() );
#2805 = ITEM_DEFINED_TRANSFORMATION('','',#11,#47);
#2806 = PRODUCT_DEFINITION_SHAPE('Placement','Placement of an item',
  #2807);
#2807 = NEXT_ASSEMBLY_USAGE_OCCURRENCE('13','RV1','',#5,#2788,$);
#2808 = PRODUCT_RELATED_PRODUCT_CATEGORY('part',$,(#2790));
#2809 = SHAPE_DEFINITION_REPRESENTATION(#2810,#2816);
#2810 = PRODUCT_DEFINITION_SHAPE('','',#2811);
#2811 = PRODUCT_DEFINITION('design','',#2812,#2815);
#2812 = PRODUCT_DEFINITION_FORMATION('','',#2813);
#2813 = PRODUCT('TDK_SIOV_CU3225_box','TDK_SIOV_CU3225_box','',(#2814));
#2814 = PRODUCT_CONTEXT('',#2,'mechanical');
#2815 = PRODUCT_DEFINITION_CONTEXT('part definition',#2,'design');
#2816 = ADVANCED_BREP_SHAPE_REPRESENTATION('',(#11,#2817),#2967);
#2817 = MANIFOLD_SOLID_BREP('',#2818);
#2818 = CLOSED_SHELL('',(#2819,#2859,#2899,#2921,#2938,#2955));
#2819 = ADVANCED_FACE('',(#2820),#2854,.T.);
#2820 = FACE_BOUND('',#2821,.T.);
#2821 = EDGE_LOOP('',(#2822,#2832,#2840,#2848));
#2822 = ORIENTED_EDGE('',*,*,#2823,.T.);
#2823 = EDGE_CURVE('',#2824,#2826,#2828,.T.);
#2824 = VERTEX_POINT('',#2825);
#2825 = CARTESIAN_POINT('',(-4.,-3.15,0.));
#2826 = VERTEX_POINT('',#2827);
#2827 = CARTESIAN_POINT('',(-4.,3.15,0.));
#2828 = LINE('',#2829,#2830);
#2829 = CARTESIAN_POINT('',(-4.,-3.15,0.));
#2830 = VECTOR('',#2831,1.);
#2831 = DIRECTION('',(0.,1.,0.));
#2832 = ORIENTED_EDGE('',*,*,#2833,.T.);
#2833 = EDGE_CURVE('',#2826,#2834,#2836,.T.);
#2834 = VERTEX_POINT('',#2835);
#2835 = CARTESIAN_POINT('',(4.,3.15,0.));
#2836 = LINE('',#2837,#2838);
#2837 = CARTESIAN_POINT('',(-4.,3.15,0.));
#2838 = VECTOR('',#2839,1.);
#2839 = DIRECTION('',(1.,0.,0.));
#2840 = ORIENTED_EDGE('',*,*,#2841,.T.);
#2841 = EDGE_CURVE('',#2834,#2842,#2844,.T.);
#2842 = VERTEX_POINT('',#2843);
#2843 = CARTESIAN_POINT('',(4.,-3.15,0.));
#2844 = LINE('',#2845,#2846);
#2845 = CARTESIAN_POINT('',(4.,3.15,0.));
#2846 = VECTOR('',#2847,1.);
#2847 = DIRECTION('',(0.,-1.,0.));
#2848 = ORIENTED_EDGE('',*,*,#2849,.T.);
#2849 = EDGE_CURVE('',#2842,#2824,#2850,.T.);
#2850 = LINE('',#2851,#2852);
#2851 = CARTESIAN_POINT('',(4.,-3.15,0.));
#2852 = VECTOR('',#2853,1.);
#2853 = DIRECTION('',(-1.,0.,0.));
#2854 = PLANE('',#2855);
#2855 = AXIS2_PLACEMENT_3D('',#2856,#2857,#2858);
#2856 = CARTESIAN_POINT('',(-4.,-3.15,0.));
#2857 = DIRECTION('',(0.,0.,-1.));
#2858 = DIRECTION('',(1.,0.,0.));
#2859 = ADVANCED_FACE('',(#2860),#2894,.T.);
#2860 = FACE_BOUND('',#2861,.T.);
#2861 = EDGE_LOOP('',(#2862,#2872,#2880,#2888));
#2862 = ORIENTED_EDGE('',*,*,#2863,.T.);
#2863 = EDGE_CURVE('',#2864,#2866,#2868,.T.);
#2864 = VERTEX_POINT('',#2865);
#2865 = CARTESIAN_POINT('',(-4.,-3.15,4.5));
#2866 = VERTEX_POINT('',#2867);
#2867 = CARTESIAN_POINT('',(4.,-3.15,4.5));
#2868 = LINE('',#2869,#2870);
#2869 = CARTESIAN_POINT('',(-4.,-3.15,4.5));
#2870 = VECTOR('',#2871,1.);
#2871 = DIRECTION('',(1.,0.,0.));
#2872 = ORIENTED_EDGE('',*,*,#2873,.T.);
#2873 = EDGE_CURVE('',#2866,#2874,#2876,.T.);
#2874 = VERTEX_POINT('',#2875);
#2875 = CARTESIAN_POINT('',(4.,3.15,4.5));
#2876 = LINE('',#2877,#2878);
#2877 = CARTESIAN_POINT('',(4.,-3.15,4.5));
#2878 = VECTOR('',#2879,1.);
#2879 = DIRECTION('',(0.,1.,0.));
#2880 = ORIENTED_EDGE('',*,*,#2881,.T.);
#2881 = EDGE_CURVE('',#2874,#2882,#2884,.T.);
#2882 = VERTEX_POINT('',#2883);
#2883 = CARTESIAN_POINT('',(-4.,3.15,4.5));
#2884 = LINE('',#2885,#2886);
#2885 = CARTESIAN_POINT('',(4.,3.15,4.5));
#2886 = VECTOR('',#2887,1.);
#2887 = DIRECTION('',(-1.,0.,0.));
#2888 = ORIENTED_EDGE('',*,*,#2889,.T.);
#2889 = EDGE_CURVE('',#2882,#2864,#2890,.T.);
#2890 = LINE('',#2891,#2892);
#2891 = CARTESIAN_POINT('',(-4.,3.15,4.5));
#2892 = VECTOR('',#2893,1.);
#2893 = DIRECTION('',(0.,-1.,0.));
#2894 = PLANE('',#2895);
#2895 = AXIS2_PLACEMENT_3D('',#2896,#2897,#2898);
#2896 = CARTESIAN_POINT('',(-4.,-3.15,4.5));
#2897 = DIRECTION('',(0.,0.,1.));
#2898 = DIRECTION('',(1.,0.,-0.));
#2899 = ADVANCED_FACE('',(#2900),#2916,.T.);
#2900 = FACE_BOUND('',#2901,.T.);
#2901 = EDGE_LOOP('',(#2902,#2903,#2909,#2910));
#2902 = ORIENTED_EDGE('',*,*,#2849,.F.);
#2903 = ORIENTED_EDGE('',*,*,#2904,.T.);
#2904 = EDGE_CURVE('',#2842,#2866,#2905,.T.);
#2905 = LINE('',#2906,#2907);
#2906 = CARTESIAN_POINT('',(4.,-3.15,0.));
#2907 = VECTOR('',#2908,1.);
#2908 = DIRECTION('',(0.,0.,1.));
#2909 = ORIENTED_EDGE('',*,*,#2863,.F.);
#2910 = ORIENTED_EDGE('',*,*,#2911,.T.);
#2911 = EDGE_CURVE('',#2864,#2824,#2912,.T.);
#2912 = LINE('',#2913,#2914);
#2913 = CARTESIAN_POINT('',(-4.,-3.15,4.5));
#2914 = VECTOR('',#2915,1.);
#2915 = DIRECTION('',(0.,0.,-1.));
#2916 = PLANE('',#2917);
#2917 = AXIS2_PLACEMENT_3D('',#2918,#2919,#2920);
#2918 = CARTESIAN_POINT('',(-4.,-3.15,0.));
#2919 = DIRECTION('',(0.,-1.,0.));
#2920 = DIRECTION('',(1.,0.,0.));
#2921 = ADVANCED_FACE('',(#2922),#2933,.T.);
#2922 = FACE_BOUND('',#2923,.T.);
#2923 = EDGE_LOOP('',(#2924,#2925,#2931,#2932));
#2924 = ORIENTED_EDGE('',*,*,#2841,.F.);
#2925 = ORIENTED_EDGE('',*,*,#2926,.T.);
#2926 = EDGE_CURVE('',#2834,#2874,#2927,.T.);
#2927 = LINE('',#2928,#2929);
#2928 = CARTESIAN_POINT('',(4.,3.15,0.));
#2929 = VECTOR('',#2930,1.);
#2930 = DIRECTION('',(0.,0.,1.));
#2931 = ORIENTED_EDGE('',*,*,#2873,.F.);
#2932 = ORIENTED_EDGE('',*,*,#2904,.F.);
#2933 = PLANE('',#2934);
#2934 = AXIS2_PLACEMENT_3D('',#2935,#2936,#2937);
#2935 = CARTESIAN_POINT('',(4.,-3.15,0.));
#2936 = DIRECTION('',(1.,0.,0.));
#2937 = DIRECTION('',(-0.,1.,0.));
#2938 = ADVANCED_FACE('',(#2939),#2950,.T.);
#2939 = FACE_BOUND('',#2940,.T.);
#2940 = EDGE_LOOP('',(#2941,#2942,#2948,#2949));
#2941 = ORIENTED_EDGE('',*,*,#2833,.F.);
#2942 = ORIENTED_EDGE('',*,*,#2943,.T.);
#2943 = EDGE_CURVE('',#2826,#2882,#2944,.T.);
#2944 = LINE('',#2945,#2946);
#2945 = CARTESIAN_POINT('',(-4.,3.15,0.));
#2946 = VECTOR('',#2947,1.);
#2947 = DIRECTION('',(0.,0.,1.));
#2948 = ORIENTED_EDGE('',*,*,#2881,.F.);
#2949 = ORIENTED_EDGE('',*,*,#2926,.F.);
#2950 = PLANE('',#2951);
#2951 = AXIS2_PLACEMENT_3D('',#2952,#2953,#2954);
#2952 = CARTESIAN_POINT('',(4.,3.15,0.));
#2953 = DIRECTION('',(0.,1.,0.));
#2954 = DIRECTION('',(1.,0.,0.));
#2955 = ADVANCED_FACE('',(#2956),#2962,.T.);
#2956 = FACE_BOUND('',#2957,.T.);
#2957 = EDGE_LOOP('',(#2958,#2959,#2960,#2961));
#2958 = ORIENTED_EDGE('',*,*,#2823,.F.);
#2959 = ORIENTED_EDGE('',*,*,#2911,.F.);
#2960 = ORIENTED_EDGE('',*,*,#2889,.F.);
#2961 = ORIENTED_EDGE('',*,*,#2943,.F.);
#2962 = PLANE('',#2963);
#2963 = AXIS2_PLACEMENT_3D('',#2964,#2965,#2966);
#2964 = CARTESIAN_POINT('',(-4.,3.15,0.));
#2965 = DIRECTION('',(-1.,0.,0.));
#2966 = DIRECTION('',(0.,1.,0.));
#2967 = ( GEOMETRIC_REPRESENTATION_CONTEXT(3) 
GLOBAL_UNCERTAINTY_ASSIGNED_CONTEXT((#2971)) 
GLOBAL_UNIT_ASSIGNED_CONTEXT((#2968,#2969,#2970)) REPRESENTATION_CONTEXT
('Context #1','3D Context with UNIT and UNCERTAINTY') );
#2968 = ( LENGTH_UNIT() NAMED_UNIT(*) SI_UNIT(.MILLI.,.METRE.) );
#2969 = ( NAMED_UNIT(*) PLANE_ANGLE_UNIT() SI_UNIT($,.RADIAN.) );
#2970 = ( NAMED_UNIT(*) SI_UNIT($,.STERADIAN.) SOLID_ANGLE_UNIT() );
#2971 = UNCERTAINTY_MEASURE_WITH_UNIT(LENGTH_MEASURE(1.E-07),#2968,
  'distance_accuracy_value','confusion accuracy');
#2972 = CONTEXT_DEPENDENT_SHAPE_REPRESENTATION(#2973,#2975);
#2973 = ( REPRESENTATION_RELATIONSHIP('','',#2816,#2793) 
REPRESENTATION_RELATIONSHIP_WITH_TRANSFORMATION(#2974) 
SHAPE_REPRESENTATION_RELATIONSHIP() );
#2974 = ITEM_DEFINED_TRANSFORMATION('','',#11,#2794);
#2975 = PRODUCT_DEFINITION_SHAPE('Placement','Placement of an item',
  #2976);
#2976 = NEXT_ASSEMBLY_USAGE_OCCURRENCE('12','=>[0:1:1:9]','',#2788,#2811
  ,$);
#2977 = PRODUCT_RELATED_PRODUCT_CATEGORY('part',$,(#2813));
#2978 = CONTEXT_DEPENDENT_SHAPE_REPRESENTATION(#2979,#2981);
#2979 = ( REPRESENTATION_RELATIONSHIP('','',#1887,#10) 
REPRESENTATION_RELATIONSHIP_WITH_TRANSFORMATION(#2980) 
SHAPE_REPRESENTATION_RELATIONSHIP() );
#2980 = ITEM_DEFINED_TRANSFORMATION('','',#11,#51);
#2981 = PRODUCT_DEFINITION_SHAPE('Placement','Placement of an item',
  #2982);
#2982 = NEXT_ASSEMBLY_USAGE_OCCURRENCE('14','C2','',#5,#1882,$);
#2983 = CONTEXT_DEPENDENT_SHAPE_REPRESENTATION(#2984,#2986);
#2984 = ( REPRESENTATION_RELATIONSHIP('','',#144,#10) 
REPRESENTATION_RELATIONSHIP_WITH_TRANSFORMATION(#2985) 
SHAPE_REPRESENTATION_RELATIONSHIP() );
#2985 = ITEM_DEFINED_TRANSFORMATION('','',#11,#55);
#2986 = PRODUCT_DEFINITION_SHAPE('Placement','Placement of an item',
  #2987);
#2987 = NEXT_ASSEMBLY_USAGE_OCCURRENCE('15','R6','',#5,#139,$);
#2988 = CONTEXT_DEPENDENT_SHAPE_REPRESENTATION(#2989,#2991);
#2989 = ( REPRESENTATION_RELATIONSHIP('','',#981,#10) 
REPRESENTATION_RELATIONSHIP_WITH_TRANSFORMATION(#2990) 
SHAPE_REPRESENTATION_RELATIONSHIP() );
#2990 = ITEM_DEFINED_TRANSFORMATION('','',#11,#59);
#2991 = PRODUCT_DEFINITION_SHAPE('Placement','Placement of an item',
  #2992);
#2992 = NEXT_ASSEMBLY_USAGE_OCCURRENCE('16','C11','',#5,#976,$);
#2993 = CONTEXT_DEPENDENT_SHAPE_REPRESENTATION(#2994,#2996);
#2994 = ( REPRESENTATION_RELATIONSHIP('','',#981,#10) 
REPRESENTATION_RELATIONSHIP_WITH_TRANSFORMATION(#2995) 
SHAPE_REPRESENTATION_RELATIONSHIP() );
#2995 = ITEM_DEFINED_TRANSFORMATION('','',#11,#63);
#2996 = PRODUCT_DEFINITION_SHAPE('Placement','Placement of an item',
  #2997);
#2997 = NEXT_ASSEMBLY_USAGE_OCCURRENCE('17','C14','',#5,#976,$);
#2998 = CONTEXT_DEPENDENT_SHAPE_REPRESENTATION(#2999,#3001);
#2999 = ( REPRESENTATION_RELATIONSHIP('','',#144,#10) 
REPRESENTATION_RELATIONSHIP_WITH_TRANSFORMATION(#3000) 
SHAPE_REPRESENTATION_RELATIONSHIP() );
#3000 = ITEM_DEFINED_TRANSFORMATION('','',#11,#67);
#3001 = PRODUCT_DEFINITION_SHAPE('Placement','Placement of an item',
  #3002);
#3002 = NEXT_ASSEMBLY_USAGE_OCCURRENCE('18','R13','',#5,#139,$);
#3003 = CONTEXT_DEPENDENT_SHAPE_REPRESENTATION(#3004,#3006);
#3004 = ( REPRESENTATION_RELATIONSHIP('','',#981,#10) 
REPRESENTATION_RELATIONSHIP_WITH_TRANSFORMATION(#3005) 
SHAPE_REPRESENTATION_RELATIONSHIP() );
#3005 = ITEM_DEFINED_TRANSFORMATION('','',#11,#71);
#3006 = PRODUCT_DEFINITION_SHAPE('Placement','Placement of an item',
  #3007);
#3007 = NEXT_ASSEMBLY_USAGE_OCCURRENCE('19','C12','',#5,#976,$);
#3008 = SHAPE_DEFINITION_REPRESENTATION(#3009,#3015);
#3009 = PRODUCT_DEFINITION_SHAPE('','',#3010);
#3010 = PRODUCT_DEFINITION('design','',#3011,#3014);
#3011 = PRODUCT_DEFINITION_FORMATION('','',#3012);
#3012 = PRODUCT('XIAO_ESP32C6_box','XIAO_ESP32C6_box','',(#3013));
#3013 = PRODUCT_CONTEXT('',#2,'mechanical');
#3014 = PRODUCT_DEFINITION_CONTEXT('part definition',#2,'design');
#3015 = SHAPE_REPRESENTATION('',(#11,#3016),#3020);
#3016 = AXIS2_PLACEMENT_3D('',#3017,#3018,#3019);
#3017 = CARTESIAN_POINT('',(0.,0.,0.));
#3018 = DIRECTION('',(0.,0.,1.));
#3019 = DIRECTION('',(1.,0.,-0.));
#3020 = ( GEOMETRIC_REPRESENTATION_CONTEXT(3) 
GLOBAL_UNCERTAINTY_ASSIGNED_CONTEXT((#3024)) 
GLOBAL_UNIT_ASSIGNED_CONTEXT((#3021,#3022,#3023)) REPRESENTATION_CONTEXT
('Context #1','3D Context with UNIT and UNCERTAINTY') );
#3021 = ( LENGTH_UNIT() NAMED_UNIT(*) SI_UNIT(.MILLI.,.METRE.) );
#3022 = ( NAMED_UNIT(*) PLANE_ANGLE_UNIT() SI_UNIT($,.RADIAN.) );
#3023 = ( NAMED_UNIT(*) SI_UNIT($,.STERADIAN.) SOLID_ANGLE_UNIT() );
#3024 = UNCERTAINTY_MEASURE_WITH_UNIT(LENGTH_MEASURE(1.E-07),#3021,
  'distance_accuracy_value','confusion accuracy');
#3025 = CONTEXT_DEPENDENT_SHAPE_REPRESENTATION(#3026,#3028);
#3026 = ( REPRESENTATION_RELATIONSHIP('','',#3015,#10) 
REPRESENTATION_RELATIONSHIP_WITH_TRANSFORMATION(#3027) 
SHAPE_REPRESENTATION_RELATIONSHIP() );
#3027 = ITEM_DEFINED_TRANSFORMATION('','',#11,#75);
#3028 = PRODUCT_DEFINITION_SHAPE('Placement','Placement of an item',
  #3029);
#3029 = NEXT_ASSEMBLY_USAGE_OCCURRENCE('21','U1','',#5,#3010,$);
#3030 = PRODUCT_RELATED_PRODUCT_CATEGORY('part',$,(#3012));
#3031 = SHAPE_DEFINITION_REPRESENTATION(#3032,#3038);
#3032 = PRODUCT_DEFINITION_SHAPE('','',#3033);
#3033 = PRODUCT_DEFINITION('design','',#3034,#3037);
#3034 = PRODUCT_DEFINITION_FORMATION('','',#3035);
#3035 = PRODUCT('XIAO_ESP32C6_box','XIAO_ESP32C6_box','',(#3036));
#3036 = PRODUCT_CONTEXT('',#2,'mechanical');
#3037 = PRODUCT_DEFINITION_CONTEXT('part definition',#2,'design');
#3038 = SHAPE_REPRESENTATION('',(#11,#3039,#3189),#3339);
#3039 = MANIFOLD_SOLID_BREP('',#3040);
#3040 = CLOSED_SHELL('',(#3041,#3081,#3121,#3143,#3160,#3177));
#3041 = ADVANCED_FACE('',(#3042),#3076,.T.);
#3042 = FACE_BOUND('',#3043,.T.);
#3043 = EDGE_LOOP('',(#3044,#3054,#3062,#3070));
#3044 = ORIENTED_EDGE('',*,*,#3045,.T.);
#3045 = EDGE_CURVE('',#3046,#3048,#3050,.T.);
#3046 = VERTEX_POINT('',#3047);
#3047 = CARTESIAN_POINT('',(0.,0.,0.));
#3048 = VERTEX_POINT('',#3049);
#3049 = CARTESIAN_POINT('',(0.,21.04,0.));
#3050 = LINE('',#3051,#3052);
#3051 = CARTESIAN_POINT('',(0.,0.,0.));
#3052 = VECTOR('',#3053,1.);
#3053 = DIRECTION('',(0.,1.,0.));
#3054 = ORIENTED_EDGE('',*,*,#3055,.T.);
#3055 = EDGE_CURVE('',#3048,#3056,#3058,.T.);
#3056 = VERTEX_POINT('',#3057);
#3057 = CARTESIAN_POINT('',(17.78,21.04,0.));
#3058 = LINE('',#3059,#3060);
#3059 = CARTESIAN_POINT('',(0.,21.04,0.));
#3060 = VECTOR('',#3061,1.);
#3061 = DIRECTION('',(1.,0.,0.));
#3062 = ORIENTED_EDGE('',*,*,#3063,.T.);
#3063 = EDGE_CURVE('',#3056,#3064,#3066,.T.);
#3064 = VERTEX_POINT('',#3065);
#3065 = CARTESIAN_POINT('',(17.78,0.,0.));
#3066 = LINE('',#3067,#3068);
#3067 = CARTESIAN_POINT('',(17.78,21.04,0.));
#3068 = VECTOR('',#3069,1.);
#3069 = DIRECTION('',(0.,-1.,0.));
#3070 = ORIENTED_EDGE('',*,*,#3071,.T.);
#3071 = EDGE_CURVE('',#3064,#3046,#3072,.T.);
#3072 = LINE('',#3073,#3074);
#3073 = CARTESIAN_POINT('',(17.78,0.,0.));
#3074 = VECTOR('',#3075,1.);
#3075 = DIRECTION('',(-1.,0.,0.));
#3076 = PLANE('',#3077);
#3077 = AXIS2_PLACEMENT_3D('',#3078,#3079,#3080);
#3078 = CARTESIAN_POINT('',(0.,0.,0.));
#3079 = DIRECTION('',(0.,0.,-1.));
#3080 = DIRECTION('',(1.,0.,0.));
#3081 = ADVANCED_FACE('',(#3082),#3116,.T.);
#3082 = FACE_BOUND('',#3083,.T.);
#3083 = EDGE_LOOP('',(#3084,#3094,#3102,#3110));
#3084 = ORIENTED_EDGE('',*,*,#3085,.T.);
#3085 = EDGE_CURVE('',#3086,#3088,#3090,.T.);
#3086 = VERTEX_POINT('',#3087);
#3087 = CARTESIAN_POINT('',(0.,0.,1.));
#3088 = VERTEX_POINT('',#3089);
#3089 = CARTESIAN_POINT('',(17.78,0.,1.));
#3090 = LINE('',#3091,#3092);
#3091 = CARTESIAN_POINT('',(0.,0.,1.));
#3092 = VECTOR('',#3093,1.);
#3093 = DIRECTION('',(1.,0.,0.));
#3094 = ORIENTED_EDGE('',*,*,#3095,.T.);
#3095 = EDGE_CURVE('',#3088,#3096,#3098,.T.);
#3096 = VERTEX_POINT('',#3097);
#3097 = CARTESIAN_POINT('',(17.78,21.04,1.));
#3098 = LINE('',#3099,#3100);
#3099 = CARTESIAN_POINT('',(17.78,0.,1.));
#3100 = VECTOR('',#3101,1.);
#3101 = DIRECTION('',(0.,1.,0.));
#3102 = ORIENTED_EDGE('',*,*,#3103,.T.);
#3103 = EDGE_CURVE('',#3096,#3104,#3106,.T.);
#3104 = VERTEX_POINT('',#3105);
#3105 = CARTESIAN_POINT('',(0.,21.04,1.));
#3106 = LINE('',#3107,#3108);
#3107 = CARTESIAN_POINT('',(17.78,21.04,1.));
#3108 = VECTOR('',#3109,1.);
#3109 = DIRECTION('',(-1.,0.,0.));
#3110 = ORIENTED_EDGE('',*,*,#3111,.T.);
#3111 = EDGE_CURVE('',#3104,#3086,#3112,.T.);
#3112 = LINE('',#3113,#3114);
#3113 = CARTESIAN_POINT('',(0.,21.04,1.));
#3114 = VECTOR('',#3115,1.);
#3115 = DIRECTION('',(0.,-1.,0.));
#3116 = PLANE('',#3117);
#3117 = AXIS2_PLACEMENT_3D('',#3118,#3119,#3120);
#3118 = CARTESIAN_POINT('',(0.,0.,1.));
#3119 = DIRECTION('',(0.,0.,1.));
#3120 = DIRECTION('',(1.,0.,-0.));
#3121 = ADVANCED_FACE('',(#3122),#3138,.T.);
#3122 = FACE_BOUND('',#3123,.T.);
#3123 = EDGE_LOOP('',(#3124,#3125,#3131,#3132));
#3124 = ORIENTED_EDGE('',*,*,#3071,.F.);
#3125 = ORIENTED_EDGE('',*,*,#3126,.T.);
#3126 = EDGE_CURVE('',#3064,#3088,#3127,.T.);
#3127 = LINE('',#3128,#3129);
#3128 = CARTESIAN_POINT('',(17.78,0.,0.));
#3129 = VECTOR('',#3130,1.);
#3130 = DIRECTION('',(0.,0.,1.));
#3131 = ORIENTED_EDGE('',*,*,#3085,.F.);
#3132 = ORIENTED_EDGE('',*,*,#3133,.T.);
#3133 = EDGE_CURVE('',#3086,#3046,#3134,.T.);
#3134 = LINE('',#3135,#3136);
#3135 = CARTESIAN_POINT('',(0.,0.,1.));
#3136 = VECTOR('',#3137,1.);
#3137 = DIRECTION('',(0.,0.,-1.));
#3138 = PLANE('',#3139);
#3139 = AXIS2_PLACEMENT_3D('',#3140,#3141,#3142);
#3140 = CARTESIAN_POINT('',(0.,0.,0.));
#3141 = DIRECTION('',(0.,-1.,0.));
#3142 = DIRECTION('',(1.,0.,0.));
#3143 = ADVANCED_FACE('',(#3144),#3155,.T.);
#3144 = FACE_BOUND('',#3145,.T.);
#3145 = EDGE_LOOP('',(#3146,#3147,#3153,#3154));
#3146 = ORIENTED_EDGE('',*,*,#3063,.F.);
#3147 = ORIENTED_EDGE('',*,*,#3148,.T.);
#3148 = EDGE_CURVE('',#3056,#3096,#3149,.T.);
#3149 = LINE('',#3150,#3151);
#3150 = CARTESIAN_POINT('',(17.78,21.04,0.));
#3151 = VECTOR('',#3152,1.);
#3152 = DIRECTION('',(0.,0.,1.));
#3153 = ORIENTED_EDGE('',*,*,#3095,.F.);
#3154 = ORIENTED_EDGE('',*,*,#3126,.F.);
#3155 = PLANE('',#3156);
#3156 = AXIS2_PLACEMENT_3D('',#3157,#3158,#3159);
#3157 = CARTESIAN_POINT('',(17.78,0.,0.));
#3158 = DIRECTION('',(1.,0.,0.));
#3159 = DIRECTION('',(-0.,1.,0.));
#3160 = ADVANCED_FACE('',(#3161),#3172,.T.);
#3161 = FACE_BOUND('',#3162,.T.);
#3162 = EDGE_LOOP('',(#3163,#3164,#3170,#3171));
#3163 = ORIENTED_EDGE('',*,*,#3055,.F.);
#3164 = ORIENTED_EDGE('',*,*,#3165,.T.);
#3165 = EDGE_CURVE('',#3048,#3104,#3166,.T.);
#3166 = LINE('',#3167,#3168);
#3167 = CARTESIAN_POINT('',(0.,21.04,0.));
#3168 = VECTOR('',#3169,1.);
#3169 = DIRECTION('',(0.,0.,1.));
#3170 = ORIENTED_EDGE('',*,*,#3103,.F.);
#3171 = ORIENTED_EDGE('',*,*,#3148,.F.);
#3172 = PLANE('',#3173);
#3173 = AXIS2_PLACEMENT_3D('',#3174,#3175,#3176);
#3174 = CARTESIAN_POINT('',(17.78,21.04,0.));
#3175 = DIRECTION('',(0.,1.,0.));
#3176 = DIRECTION('',(1.,0.,0.));
#3177 = ADVANCED_FACE('',(#3178),#3184,.T.);
#3178 = FACE_BOUND('',#3179,.T.);
#3179 = EDGE_LOOP('',(#3180,#3181,#3182,#3183));
#3180 = ORIENTED_EDGE('',*,*,#3045,.F.);
#3181 = ORIENTED_EDGE('',*,*,#3133,.F.);
#3182 = ORIENTED_EDGE('',*,*,#3111,.F.);
#3183 = ORIENTED_EDGE('',*,*,#3165,.F.);
#3184 = PLANE('',#3185);
#3185 = AXIS2_PLACEMENT_3D('',#3186,#3187,#3188);
#3186 = CARTESIAN_POINT('',(0.,21.04,0.));
#3187 = DIRECTION('',(-1.,0.,0.));
#3188 = DIRECTION('',(0.,1.,0.));
#3189 = MANIFOLD_SOLID_BREP('',#3190);
#3190 = CLOSED_SHELL('',(#3191,#3231,#3271,#3293,#3310,#3327));
#3191 = ADVANCED_FACE('',(#3192),#3226,.T.);
#3192 = FACE_BOUND('',#3193,.T.);
#3193 = EDGE_LOOP('',(#3194,#3204,#3212,#3220));
#3194 = ORIENTED_EDGE('',*,*,#3195,.T.);
#3195 = EDGE_CURVE('',#3196,#3198,#3200,.T.);
#3196 = VERTEX_POINT('',#3197);
#3197 = CARTESIAN_POINT('',(4.42,14.99,1.));
#3198 = VERTEX_POINT('',#3199);
#3199 = CARTESIAN_POINT('',(4.42,22.34,1.));
#3200 = LINE('',#3201,#3202);
#3201 = CARTESIAN_POINT('',(4.42,14.99,1.));
#3202 = VECTOR('',#3203,1.);
#3203 = DIRECTION('',(0.,1.,0.));
#3204 = ORIENTED_EDGE('',*,*,#3205,.T.);
#3205 = EDGE_CURVE('',#3198,#3206,#3208,.T.);
#3206 = VERTEX_POINT('',#3207);
#3207 = CARTESIAN_POINT('',(13.36,22.34,1.));
#3208 = LINE('',#3209,#3210);
#3209 = CARTESIAN_POINT('',(4.42,22.34,1.));
#3210 = VECTOR('',#3211,1.);
#3211 = DIRECTION('',(1.,0.,0.));
#3212 = ORIENTED_EDGE('',*,*,#3213,.T.);
#3213 = EDGE_CURVE('',#3206,#3214,#3216,.T.);
#3214 = VERTEX_POINT('',#3215);
#3215 = CARTESIAN_POINT('',(13.36,14.99,1.));
#3216 = LINE('',#3217,#3218);
#3217 = CARTESIAN_POINT('',(13.36,22.34,1.));
#3218 = VECTOR('',#3219,1.);
#3219 = DIRECTION('',(0.,-1.,0.));
#3220 = ORIENTED_EDGE('',*,*,#3221,.T.);
#3221 = EDGE_CURVE('',#3214,#3196,#3222,.T.);
#3222 = LINE('',#3223,#3224);
#3223 = CARTESIAN_POINT('',(13.36,14.99,1.));
#3224 = VECTOR('',#3225,1.);
#3225 = DIRECTION('',(-1.,0.,0.));
#3226 = PLANE('',#3227);
#3227 = AXIS2_PLACEMENT_3D('',#3228,#3229,#3230);
#3228 = CARTESIAN_POINT('',(4.42,14.99,1.));
#3229 = DIRECTION('',(0.,0.,-1.));
#3230 = DIRECTION('',(1.,0.,0.));
#3231 = ADVANCED_FACE('',(#3232),#3266,.T.);
#3232 = FACE_BOUND('',#3233,.T.);
#3233 = EDGE_LOOP('',(#3234,#3244,#3252,#3260));
#3234 = ORIENTED_EDGE('',*,*,#3235,.T.);
#3235 = EDGE_CURVE('',#3236,#3238,#3240,.T.);
#3236 = VERTEX_POINT('',#3237);
#3237 = CARTESIAN_POINT('',(4.42,14.99,4.3));
#3238 = VERTEX_POINT('',#3239);
#3239 = CARTESIAN_POINT('',(13.36,14.99,4.3));
#3240 = LINE('',#3241,#3242);
#3241 = CARTESIAN_POINT('',(4.42,14.99,4.3));
#3242 = VECTOR('',#3243,1.);
#3243 = DIRECTION('',(1.,0.,0.));
#3244 = ORIENTED_EDGE('',*,*,#3245,.T.);
#3245 = EDGE_CURVE('',#3238,#3246,#3248,.T.);
#3246 = VERTEX_POINT('',#3247);
#3247 = CARTESIAN_POINT('',(13.36,22.34,4.3));
#3248 = LINE('',#3249,#3250);
#3249 = CARTESIAN_POINT('',(13.36,14.99,4.3));
#3250 = VECTOR('',#3251,1.);
#3251 = DIRECTION('',(0.,1.,0.));
#3252 = ORIENTED_EDGE('',*,*,#3253,.T.);
#3253 = EDGE_CURVE('',#3246,#3254,#3256,.T.);
#3254 = VERTEX_POINT('',#3255);
#3255 = CARTESIAN_POINT('',(4.42,22.34,4.3));
#3256 = LINE('',#3257,#3258);
#3257 = CARTESIAN_POINT('',(13.36,22.34,4.3));
#3258 = VECTOR('',#3259,1.);
#3259 = DIRECTION('',(-1.,0.,0.));
#3260 = ORIENTED_EDGE('',*,*,#3261,.T.);
#3261 = EDGE_CURVE('',#3254,#3236,#3262,.T.);
#3262 = LINE('',#3263,#3264);
#3263 = CARTESIAN_POINT('',(4.42,22.34,4.3));
#3264 = VECTOR('',#3265,1.);
#3265 = DIRECTION('',(0.,-1.,0.));
#3266 = PLANE('',#3267);
#3267 = AXIS2_PLACEMENT_3D('',#3268,#3269,#3270);
#3268 = CARTESIAN_POINT('',(4.42,14.99,4.3));
#3269 = DIRECTION('',(0.,0.,1.));
#3270 = DIRECTION('',(1.,0.,-0.));
#3271 = ADVANCED_FACE('',(#3272),#3288,.T.);
#3272 = FACE_BOUND('',#3273,.T.);
#3273 = EDGE_LOOP('',(#3274,#3275,#3281,#3282));
#3274 = ORIENTED_EDGE('',*,*,#3221,.F.);
#3275 = ORIENTED_EDGE('',*,*,#3276,.T.);
#3276 = EDGE_CURVE('',#3214,#3238,#3277,.T.);
#3277 = LINE('',#3278,#3279);
#3278 = CARTESIAN_POINT('',(13.36,14.99,1.));
#3279 = VECTOR('',#3280,1.);
#3280 = DIRECTION('',(0.,0.,1.));
#3281 = ORIENTED_EDGE('',*,*,#3235,.F.);
#3282 = ORIENTED_EDGE('',*,*,#3283,.T.);
#3283 = EDGE_CURVE('',#3236,#3196,#3284,.T.);
#3284 = LINE('',#3285,#3286);
#3285 = CARTESIAN_POINT('',(4.42,14.99,4.3));
#3286 = VECTOR('',#3287,1.);
#3287 = DIRECTION('',(0.,0.,-1.));
#3288 = PLANE('',#3289);
#3289 = AXIS2_PLACEMENT_3D('',#3290,#3291,#3292);
#3290 = CARTESIAN_POINT('',(4.42,14.99,1.));
#3291 = DIRECTION('',(0.,-1.,0.));
#3292 = DIRECTION('',(1.,0.,0.));
#3293 = ADVANCED_FACE('',(#3294),#3305,.T.);
#3294 = FACE_BOUND('',#3295,.T.);
#3295 = EDGE_LOOP('',(#3296,#3297,#3303,#3304));
#3296 = ORIENTED_EDGE('',*,*,#3213,.F.);
#3297 = ORIENTED_EDGE('',*,*,#3298,.T.);
#3298 = EDGE_CURVE('',#3206,#3246,#3299,.T.);
#3299 = LINE('',#3300,#3301);
#3300 = CARTESIAN_POINT('',(13.36,22.34,1.));
#3301 = VECTOR('',#3302,1.);
#3302 = DIRECTION('',(0.,0.,1.));
#3303 = ORIENTED_EDGE('',*,*,#3245,.F.);
#3304 = ORIENTED_EDGE('',*,*,#3276,.F.);
#3305 = PLANE('',#3306);
#3306 = AXIS2_PLACEMENT_3D('',#3307,#3308,#3309);
#3307 = CARTESIAN_POINT('',(13.36,14.99,1.));
#3308 = DIRECTION('',(1.,0.,0.));
#3309 = DIRECTION('',(-0.,1.,0.));
#3310 = ADVANCED_FACE('',(#3311),#3322,.T.);
#3311 = FACE_BOUND('',#3312,.T.);
#3312 = EDGE_LOOP('',(#3313,#3314,#3320,#3321));
#3313 = ORIENTED_EDGE('',*,*,#3205,.F.);
#3314 = ORIENTED_EDGE('',*,*,#3315,.T.);
#3315 = EDGE_CURVE('',#3198,#3254,#3316,.T.);
#3316 = LINE('',#3317,#3318);
#3317 = CARTESIAN_POINT('',(4.42,22.34,1.));
#3318 = VECTOR('',#3319,1.);
#3319 = DIRECTION('',(0.,0.,1.));
#3320 = ORIENTED_EDGE('',*,*,#3253,.F.);
#3321 = ORIENTED_EDGE('',*,*,#3298,.F.);
#3322 = PLANE('',#3323);
#3323 = AXIS2_PLACEMENT_3D('',#3324,#3325,#3326);
#3324 = CARTESIAN_POINT('',(13.36,22.34,1.));
#3325 = DIRECTION('',(0.,1.,0.));
#3326 = DIRECTION('',(1.,0.,0.));
#3327 = ADVANCED_FACE('',(#3328),#3334,.T.);
#3328 = FACE_BOUND('',#3329,.T.);
#3329 = EDGE_LOOP('',(#3330,#3331,#3332,#3333));
#3330 = ORIENTED_EDGE('',*,*,#3195,.F.);
#3331 = ORIENTED_EDGE('',*,*,#3283,.F.);
#3332 = ORIENTED_EDGE('',*,*,#3261,.F.);
#3333 = ORIENTED_EDGE('',*,*,#3315,.F.);
#3334 = PLANE('',#3335);
#3335 = AXIS2_PLACEMENT_3D('',#3336,#3337,#3338);
#3336 = CARTESIAN_POINT('',(4.42,22.34,1.));
#3337 = DIRECTION('',(-1.,0.,0.));
#3338 = DIRECTION('',(0.,1.,0.));
#3339 = ( GEOMETRIC_REPRESENTATION_CONTEXT(3) 
GLOBAL_UNCERTAINTY_ASSIGNED_CONTEXT((#3343)) 
GLOBAL_UNIT_ASSIGNED_CONTEXT((#3340,#3341,#3342)) REPRESENTATION_CONTEXT
('Context #1','3D Context with UNIT and UNCERTAINTY') );
#3340 = ( LENGTH_UNIT() NAMED_UNIT(*) SI_UNIT(.MILLI.,.METRE.) );
#3341 = ( NAMED_UNIT(*) PLANE_ANGLE_UNIT() SI_UNIT($,.RADIAN.) );
#3342 = ( NAMED_UNIT(*) SI_UNIT($,.STERADIAN.) SOLID_ANGLE_UNIT() );
#3343 = UNCERTAINTY_MEASURE_WITH_UNIT(LENGTH_MEASURE(1.E-07),#3340,
  'distance_accuracy_value','confusion accuracy');
#3344 = CONTEXT_DEPENDENT_SHAPE_REPRESENTATION(#3345,#3347);
#3345 = ( REPRESENTATION_RELATIONSHIP('','',#3038,#3015) 
REPRESENTATION_RELATIONSHIP_WITH_TRANSFORMATION(#3346) 
SHAPE_REPRESENTATION_RELATIONSHIP() );
#3346 = ITEM_DEFINED_TRANSFORMATION('','',#11,#3016);
#3347 = PRODUCT_DEFINITION_SHAPE('Placement','Placement of an item',
  #3348);
#3348 = NEXT_ASSEMBLY_USAGE_OCCURRENCE('20','=>[0:1:1:11]','',#3010,
  #3033,$);
#3349 = PRODUCT_RELATED_PRODUCT_CATEGORY('part',$,(#3035));
#3350 = CONTEXT_DEPENDENT_SHAPE_REPRESENTATION(#3351,#3353);
#3351 = ( REPRESENTATION_RELATIONSHIP('','',#981,#10) 
REPRESENTATION_RELATIONSHIP_WITH_TRANSFORMATION(#3352) 
SHAPE_REPRESENTATION_RELATIONSHIP() );
#3352 = ITEM_DEFINED_TRANSFORMATION('','',#11,#79);
#3353 = PRODUCT_DEFINITION_SHAPE('Placement','Placement of an item',
  #3354);
#3354 = NEXT_ASSEMBLY_USAGE_OCCURRENCE('22','C15','',#5,#976,$);
#3355 = CONTEXT_DEPENDENT_SHAPE_REPRESENTATION(#3356,#3358);
#3356 = ( REPRESENTATION_RELATIONSHIP('','',#144,#10) 
REPRESENTATION_RELATIONSHIP_WITH_TRANSFORMATION(#3357) 
SHAPE_REPRESENTATION_RELATIONSHIP() );
#3357 = ITEM_DEFINED_TRANSFORMATION('','',#11,#83);
#3358 = PRODUCT_DEFINITION_SHAPE('Placement','Placement of an item',
  #3359);
#3359 = NEXT_ASSEMBLY_USAGE_OCCURRENCE('23','R2','',#5,#139,$);
#3360 = CONTEXT_DEPENDENT_SHAPE_REPRESENTATION(#3361,#3363);
#3361 = ( REPRESENTATION_RELATIONSHIP('','',#144,#10) 
REPRESENTATION_RELATIONSHIP_WITH_TRANSFORMATION(#3362) 
SHAPE_REPRESENTATION_RELATIONSHIP() );
#3362 = ITEM_DEFINED_TRANSFORMATION('','',#11,#87);
#3363 = PRODUCT_DEFINITION_SHAPE('Placement','Placement of an item',
  #3364);
#3364 = NEXT_ASSEMBLY_USAGE_OCCURRENCE('24','R15','',#5,#139,$);
#3365 = CONTEXT_DEPENDENT_SHAPE_REPRESENTATION(#3366,#3368);
#3366 = ( REPRESENTATION_RELATIONSHIP('','',#144,#10) 
REPRESENTATION_RELATIONSHIP_WITH_TRANSFORMATION(#3367) 
SHAPE_REPRESENTATION_RELATIONSHIP() );
#3367 = ITEM_DEFINED_TRANSFORMATION('','',#11,#91);
#3368 = PRODUCT_DEFINITION_SHAPE('Placement','Placement of an item',
  #3369);
#3369 = NEXT_ASSEMBLY_USAGE_OCCURRENCE('25','R16','',#5,#139,$);
#3370 = CONTEXT_DEPENDENT_SHAPE_REPRESENTATION(#3371,#3373);
#3371 = ( REPRESENTATION_RELATIONSHIP('','',#144,#10) 
REPRESENTATION_RELATIONSHIP_WITH_TRANSFORMATION(#3372) 
SHAPE_REPRESENTATION_RELATIONSHIP() );
#3372 = ITEM_DEFINED_TRANSFORMATION('','',#11,#95);
#3373 = PRODUCT_DEFINITION_SHAPE('Placement','Placement of an item',
  #3374);
#3374 = NEXT_ASSEMBLY_USAGE_OCCURRENCE('26','R12','',#5,#139,$);
#3375 = SHAPE_DEFINITION_REPRESENTATION(#3376,#3382);
#3376 = PRODUCT_DEFINITION_SHAPE('','',#3377);
#3377 = PRODUCT_DEFINITION('design','',#3378,#3381);
#3378 = PRODUCT_DEFINITION_FORMATION('','',#3379);
#3379 = PRODUCT('D_SMA','D_SMA','',(#3380));
#3380 = PRODUCT_CONTEXT('',#2,'mechanical');
#3381 = PRODUCT_DEFINITION_CONTEXT('part definition',#2,'design');
#3382 = SHAPE_REPRESENTATION('',(#11,#3383),#3387);
#3383 = AXIS2_PLACEMENT_3D('',#3384,#3385,#3386);
#3384 = CARTESIAN_POINT('',(0.,0.,0.));
#3385 = DIRECTION('',(0.,0.,1.));
#3386 = DIRECTION('',(1.,0.,-0.));
#3387 = ( GEOMETRIC_REPRESENTATION_CONTEXT(3) 
GLOBAL_UNCERTAINTY_ASSIGNED_CONTEXT((#3391)) 
GLOBAL_UNIT_ASSIGNED_CONTEXT((#3388,#3389,#3390)) REPRESENTATION_CONTEXT
('Context #1','3D Context with UNIT and UNCERTAINTY') );
#3388 = ( LENGTH_UNIT() NAMED_UNIT(*) SI_UNIT(.MILLI.,.METRE.) );
#3389 = ( NAMED_UNIT(*) PLANE_ANGLE_UNIT() SI_UNIT($,.RADIAN.) );
#3390 = ( NAMED_UNIT(*) SI_UNIT($,.STERADIAN.) SOLID_ANGLE_UNIT() );
#3391 = UNCERTAINTY_MEASURE_WITH_UNIT(LENGTH_MEASURE(1.E-07),#3388,
  'distance_accuracy_value','confusion accuracy');
#3392 = CONTEXT_DEPENDENT_SHAPE_REPRESENTATION(#3393,#3395);
#3393 = ( REPRESENTATION_RELATIONSHIP('','',#3382,#10) 
REPRESENTATION_RELATIONSHIP_WITH_TRANSFORMATION(#3394) 
SHAPE_REPRESENTATION_RELATIONSHIP() );
#3394 = ITEM_DEFINED_TRANSFORMATION('','',#11,#99);
#3395 = PRODUCT_DEFINITION_SHAPE('Placement','Placement of an item',
  #3396);
#3396 = NEXT_ASSEMBLY_USAGE_OCCURRENCE('28','D1','',#5,#3377,$);
#3397 = PRODUCT_RELATED_PRODUCT_CATEGORY('part',$,(#3379));
#3398 = SHAPE_DEFINITION_REPRESENTATION(#3399,#3405);
#3399 = PRODUCT_DEFINITION_SHAPE('','',#3400);
#3400 = PRODUCT_DEFINITION('design','',#3401,#3404);
#3401 = PRODUCT_DEFINITION_FORMATION('','',#3402);
#3402 = PRODUCT('D_SMA','D_SMA','',(#3403));
#3403 = PRODUCT_CONTEXT('',#2,'mechanical');
#3404 = PRODUCT_DEFINITION_CONTEXT('part definition',#2,'design');
#3405 = ADVANCED_BREP_SHAPE_REPRESENTATION('',(#11,#3406),#4614);
#3406 = MANIFOLD_SOLID_BREP('',#3407);
#3407 = CLOSED_SHELL('',(#3408,#3448,#3531,#3556,#3631,#3648,#3665,#3682
    ,#3699,#3716,#3732,#3779,#3814,#3853,#3882,#3921,#3950,#4004,#4047,
    #4070,#4093,#4116,#4167,#4190,#4207,#4281,#4305,#4372,#4384,#4396,
    #4413,#4442,#4465,#4488,#4505,#4527,#4539,#4556,#4573,#4590,#4602));
#3408 = ADVANCED_FACE('',(#3409),#3443,.T.);
#3409 = FACE_BOUND('',#3410,.T.);
#3410 = EDGE_LOOP('',(#3411,#3421,#3429,#3437));
#3411 = ORIENTED_EDGE('',*,*,#3412,.T.);
#3412 = EDGE_CURVE('',#3413,#3415,#3417,.T.);
#3413 = VERTEX_POINT('',#3414);
#3414 = CARTESIAN_POINT('',(1.14,0.75,0.));
#3415 = VERTEX_POINT('',#3416);
#3416 = CARTESIAN_POINT('',(2.353333333333,0.75,-2.775557561563E-17));
#3417 = LINE('',#3418,#3419);
#3418 = CARTESIAN_POINT('',(2.28,0.75,0.));
#3419 = VECTOR('',#3420,1.);
#3420 = DIRECTION('',(1.,-3.445092848398E-16,0.));
#3421 = ORIENTED_EDGE('',*,*,#3422,.T.);
#3422 = EDGE_CURVE('',#3415,#3423,#3425,.T.);
#3423 = VERTEX_POINT('',#3424);
#3424 = CARTESIAN_POINT('',(2.353333333333,-0.75,-2.775557561563E-17));
#3425 = LINE('',#3426,#3427);
#3426 = CARTESIAN_POINT('',(2.353333333333,0.75,-2.775557561563E-17));
#3427 = VECTOR('',#3428,1.);
#3428 = DIRECTION('',(-3.445092848398E-16,-1.,0.));
#3429 = ORIENTED_EDGE('',*,*,#3430,.T.);
#3430 = EDGE_CURVE('',#3423,#3431,#3433,.T.);
#3431 = VERTEX_POINT('',#3432);
#3432 = CARTESIAN_POINT('',(1.14,-0.75,0.));
#3433 = LINE('',#3434,#3435);
#3434 = CARTESIAN_POINT('',(2.28,-0.75,0.));
#3435 = VECTOR('',#3436,1.);
#3436 = DIRECTION('',(-1.,3.445092848398E-16,0.));
#3437 = ORIENTED_EDGE('',*,*,#3438,.T.);
#3438 = EDGE_CURVE('',#3431,#3413,#3439,.T.);
#3439 = LINE('',#3440,#3441);
#3440 = CARTESIAN_POINT('',(1.14,-0.75,0.));
#3441 = VECTOR('',#3442,1.);
#3442 = DIRECTION('',(3.445092848398E-16,1.,0.));
#3443 = PLANE('',#3444);
#3444 = AXIS2_PLACEMENT_3D('',#3445,#3446,#3447);
#3445 = CARTESIAN_POINT('',(1.746666666667,-5.821951347626E-16,
    -7.671995716851E-18));
#3446 = DIRECTION('',(-1.332277103521E-17,5.237186372803E-33,-1.));
#3447 = DIRECTION('',(1.,-2.22044604925E-16,-1.332277103521E-17));
#3448 = ADVANCED_FACE('',(#3449),#3526,.T.);
#3449 = FACE_BOUND('',#3450,.T.);
#3450 = EDGE_LOOP('',(#3451,#3461,#3468,#3469,#3477,#3485,#3495,#3503,
    #3511,#3519));
#3451 = ORIENTED_EDGE('',*,*,#3452,.F.);
#3452 = EDGE_CURVE('',#3453,#3455,#3457,.T.);
#3453 = VERTEX_POINT('',#3454);
#3454 = CARTESIAN_POINT('',(2.5,0.75,0.146666666667));
#3455 = VERTEX_POINT('',#3456);
#3456 = CARTESIAN_POINT('',(2.5,0.75,0.842343333333));
#3457 = LINE('',#3458,#3459);
#3458 = CARTESIAN_POINT('',(2.5,0.75,0.));
#3459 = VECTOR('',#3460,1.);
#3460 = DIRECTION('',(0.,0.,1.));
#3461 = ORIENTED_EDGE('',*,*,#3462,.T.);
#3462 = EDGE_CURVE('',#3453,#3415,#3463,.T.);
#3463 = CIRCLE('',#3464,0.146666666667);
#3464 = AXIS2_PLACEMENT_3D('',#3465,#3466,#3467);
#3465 = CARTESIAN_POINT('',(2.353333333333,0.75,0.146666666667));
#3466 = DIRECTION('',(3.445092848398E-16,1.,-0.));
#3467 = DIRECTION('',(0.,0.,1.));
#3468 = ORIENTED_EDGE('',*,*,#3412,.F.);
#3469 = ORIENTED_EDGE('',*,*,#3470,.T.);
#3470 = EDGE_CURVE('',#3413,#3471,#3473,.T.);
#3471 = VERTEX_POINT('',#3472);
#3472 = CARTESIAN_POINT('',(1.14,0.75,0.22));
#3473 = LINE('',#3474,#3475);
#3474 = CARTESIAN_POINT('',(1.14,0.75,0.));
#3475 = VECTOR('',#3476,1.);
#3476 = DIRECTION('',(0.,0.,1.));
#3477 = ORIENTED_EDGE('',*,*,#3478,.F.);
#3478 = EDGE_CURVE('',#3479,#3471,#3481,.T.);
#3479 = VERTEX_POINT('',#3480);
#3480 = CARTESIAN_POINT('',(2.225259344883,0.75,0.22));
#3481 = LINE('',#3482,#3483);
#3482 = CARTESIAN_POINT('',(2.108163247245,0.75,0.22));
#3483 = VECTOR('',#3484,1.);
#3484 = DIRECTION('',(-1.,4.514825988711E-16,0.));
#3485 = ORIENTED_EDGE('',*,*,#3486,.T.);
#3486 = EDGE_CURVE('',#3479,#3487,#3489,.T.);
#3487 = VERTEX_POINT('',#3488);
#3488 = CARTESIAN_POINT('',(2.225413939802,0.75,0.2222));
#3489 = B_SPLINE_CURVE_WITH_KNOTS('',4,(#3490,#3491,#3492,#3493,#3494),
  .UNSPECIFIED.,.F.,.F.,(5,5),(0.,1.),.PIECEWISE_BEZIER_KNOTS.);
#3490 = CARTESIAN_POINT('',(2.225259344883,0.75,0.22));
#3491 = CARTESIAN_POINT('',(2.238768685756,0.75,0.412247910026));
#3492 = CARTESIAN_POINT('',(2.25227825666,0.75,0.604499093572));
#3493 = CARTESIAN_POINT('',(2.265788033788,0.75,0.796753211837));
#3494 = CARTESIAN_POINT('',(2.279297998531,0.75,0.98901));
#3495 = ORIENTED_EDGE('',*,*,#3496,.T.);
#3496 = EDGE_CURVE('',#3487,#3497,#3499,.T.);
#3497 = VERTEX_POINT('',#3498);
#3498 = CARTESIAN_POINT('',(2.28,0.75,0.2222));
#3499 = LINE('',#3500,#3501);
#3500 = CARTESIAN_POINT('',(1.14,0.75,0.2222));
#3501 = VECTOR('',#3502,1.);
#3502 = DIRECTION('',(1.,-3.445092848398E-16,0.));
#3503 = ORIENTED_EDGE('',*,*,#3504,.T.);
#3504 = EDGE_CURVE('',#3497,#3505,#3507,.T.);
#3505 = VERTEX_POINT('',#3506);
#3506 = CARTESIAN_POINT('',(2.28,0.75,0.98901));
#3507 = LINE('',#3508,#3509);
#3508 = CARTESIAN_POINT('',(2.28,0.75,0.));
#3509 = VECTOR('',#3510,1.);
#3510 = DIRECTION('',(0.,0.,1.));
#3511 = ORIENTED_EDGE('',*,*,#3512,.T.);
#3512 = EDGE_CURVE('',#3505,#3513,#3515,.T.);
#3513 = VERTEX_POINT('',#3514);
#3514 = CARTESIAN_POINT('',(2.353333333333,0.75,0.98901));
#3515 = LINE('',#3516,#3517);
#3516 = CARTESIAN_POINT('',(2.28,0.75,0.98901));
#3517 = VECTOR('',#3518,1.);
#3518 = DIRECTION('',(1.,-3.445092848398E-16,0.));
#3519 = ORIENTED_EDGE('',*,*,#3520,.F.);
#3520 = EDGE_CURVE('',#3455,#3513,#3521,.T.);
#3521 = CIRCLE('',#3522,0.146666666667);
#3522 = AXIS2_PLACEMENT_3D('',#3523,#3524,#3525);
#3523 = CARTESIAN_POINT('',(2.353333333333,0.75,0.842343333333));
#3524 = DIRECTION('',(-3.445092848398E-16,-1.,0.));
#3525 = DIRECTION('',(0.,0.,1.));
#3526 = PLANE('',#3527);
#3527 = AXIS2_PLACEMENT_3D('',#3528,#3529,#3530);
#3528 = CARTESIAN_POINT('',(1.991067149606,0.75,0.303091083877));
#3529 = DIRECTION('',(4.514825988711E-16,1.,5.822139933717E-17));
#3530 = DIRECTION('',(-1.,4.514825988711E-16,0.));
#3531 = ADVANCED_FACE('',(#3532),#3551,.T.);
#3532 = FACE_BOUND('',#3533,.T.);
#3533 = EDGE_LOOP('',(#3534,#3542,#3549,#3550));
#3534 = ORIENTED_EDGE('',*,*,#3535,.T.);
#3535 = EDGE_CURVE('',#3453,#3536,#3538,.T.);
#3536 = VERTEX_POINT('',#3537);
#3537 = CARTESIAN_POINT('',(2.5,-0.75,0.146666666667));
#3538 = LINE('',#3539,#3540);
#3539 = CARTESIAN_POINT('',(2.5,0.75,0.146666666667));
#3540 = VECTOR('',#3541,1.);
#3541 = DIRECTION('',(-3.445092848398E-16,-1.,0.));
#3542 = ORIENTED_EDGE('',*,*,#3543,.T.);
#3543 = EDGE_CURVE('',#3536,#3423,#3544,.T.);
#3544 = CIRCLE('',#3545,0.146666666667);
#3545 = AXIS2_PLACEMENT_3D('',#3546,#3547,#3548);
#3546 = CARTESIAN_POINT('',(2.353333333333,-0.75,0.146666666667));
#3547 = DIRECTION('',(3.445092848398E-16,1.,-0.));
#3548 = DIRECTION('',(0.,0.,1.));
#3549 = ORIENTED_EDGE('',*,*,#3422,.F.);
#3550 = ORIENTED_EDGE('',*,*,#3462,.F.);
#3551 = CYLINDRICAL_SURFACE('',#3552,0.146666666667);
#3552 = AXIS2_PLACEMENT_3D('',#3553,#3554,#3555);
#3553 = CARTESIAN_POINT('',(2.353333333333,0.75,0.146666666667));
#3554 = DIRECTION('',(-3.445092848398E-16,-1.,0.));
#3555 = DIRECTION('',(1.,-3.445092848398E-16,0.));
#3556 = ADVANCED_FACE('',(#3557),#3626,.T.);
#3557 = FACE_BOUND('',#3558,.T.);
#3558 = EDGE_LOOP('',(#3559,#3560,#3568,#3577,#3585,#3593,#3601,#3611,
    #3619,#3625));
#3559 = ORIENTED_EDGE('',*,*,#3543,.F.);
#3560 = ORIENTED_EDGE('',*,*,#3561,.T.);
#3561 = EDGE_CURVE('',#3536,#3562,#3564,.T.);
#3562 = VERTEX_POINT('',#3563);
#3563 = CARTESIAN_POINT('',(2.5,-0.75,0.842343333333));
#3564 = LINE('',#3565,#3566);
#3565 = CARTESIAN_POINT('',(2.5,-0.75,0.));
#3566 = VECTOR('',#3567,1.);
#3567 = DIRECTION('',(0.,0.,1.));
#3568 = ORIENTED_EDGE('',*,*,#3569,.T.);
#3569 = EDGE_CURVE('',#3562,#3570,#3572,.T.);
#3570 = VERTEX_POINT('',#3571);
#3571 = CARTESIAN_POINT('',(2.353333333333,-0.75,0.98901));
#3572 = CIRCLE('',#3573,0.146666666667);
#3573 = AXIS2_PLACEMENT_3D('',#3574,#3575,#3576);
#3574 = CARTESIAN_POINT('',(2.353333333333,-0.75,0.842343333333));
#3575 = DIRECTION('',(-3.445092848398E-16,-1.,0.));
#3576 = DIRECTION('',(0.,0.,1.));
#3577 = ORIENTED_EDGE('',*,*,#3578,.T.);
#3578 = EDGE_CURVE('',#3570,#3579,#3581,.T.);
#3579 = VERTEX_POINT('',#3580);
#3580 = CARTESIAN_POINT('',(2.28,-0.75,0.98901));
#3581 = LINE('',#3582,#3583);
#3582 = CARTESIAN_POINT('',(2.5,-0.75,0.98901));
#3583 = VECTOR('',#3584,1.);
#3584 = DIRECTION('',(-1.,3.445092848398E-16,0.));
#3585 = ORIENTED_EDGE('',*,*,#3586,.F.);
#3586 = EDGE_CURVE('',#3587,#3579,#3589,.T.);
#3587 = VERTEX_POINT('',#3588);
#3588 = CARTESIAN_POINT('',(2.28,-0.75,0.2222));
#3589 = LINE('',#3590,#3591);
#3590 = CARTESIAN_POINT('',(2.28,-0.75,0.));
#3591 = VECTOR('',#3592,1.);
#3592 = DIRECTION('',(0.,0.,1.));
#3593 = ORIENTED_EDGE('',*,*,#3594,.T.);
#3594 = EDGE_CURVE('',#3587,#3595,#3597,.T.);
#3595 = VERTEX_POINT('',#3596);
#3596 = CARTESIAN_POINT('',(2.225413939802,-0.75,0.2222));
#3597 = LINE('',#3598,#3599);
#3598 = CARTESIAN_POINT('',(2.28,-0.75,0.2222));
#3599 = VECTOR('',#3600,1.);
#3600 = DIRECTION('',(-1.,3.445092848398E-16,0.));
#3601 = ORIENTED_EDGE('',*,*,#3602,.F.);
#3602 = EDGE_CURVE('',#3603,#3595,#3605,.T.);
#3603 = VERTEX_POINT('',#3604);
#3604 = CARTESIAN_POINT('',(2.225259344883,-0.75,0.22));
#3605 = B_SPLINE_CURVE_WITH_KNOTS('',4,(#3606,#3607,#3608,#3609,#3610),
  .UNSPECIFIED.,.F.,.F.,(5,5),(0.,1.),.PIECEWISE_BEZIER_KNOTS.);
#3606 = CARTESIAN_POINT('',(2.225259344883,-0.75,0.22));
#3607 = CARTESIAN_POINT('',(2.238768685756,-0.75,0.412247910026));
#3608 = CARTESIAN_POINT('',(2.25227825666,-0.75,0.604499093572));
#3609 = CARTESIAN_POINT('',(2.265788033788,-0.75,0.796753211837));
#3610 = CARTESIAN_POINT('',(2.279297998531,-0.75,0.98901));
#3611 = ORIENTED_EDGE('',*,*,#3612,.F.);
#3612 = EDGE_CURVE('',#3613,#3603,#3615,.T.);
#3613 = VERTEX_POINT('',#3614);
#3614 = CARTESIAN_POINT('',(1.14,-0.75,0.22));
#3615 = LINE('',#3616,#3617);
#3616 = CARTESIAN_POINT('',(2.108163247245,-0.75,0.22));
#3617 = VECTOR('',#3618,1.);
#3618 = DIRECTION('',(1.,-2.844998265321E-16,-0.));
#3619 = ORIENTED_EDGE('',*,*,#3620,.F.);
#3620 = EDGE_CURVE('',#3431,#3613,#3621,.T.);
#3621 = LINE('',#3622,#3623);
#3622 = CARTESIAN_POINT('',(1.14,-0.75,0.));
#3623 = VECTOR('',#3624,1.);
#3624 = DIRECTION('',(0.,0.,1.));
#3625 = ORIENTED_EDGE('',*,*,#3430,.F.);
#3626 = PLANE('',#3627);
#3627 = AXIS2_PLACEMENT_3D('',#3628,#3629,#3630);
#3628 = CARTESIAN_POINT('',(1.991067149606,-0.75,0.303091083877));
#3629 = DIRECTION('',(-2.844998265321E-16,-1.,-7.396066644327E-17));
#3630 = DIRECTION('',(1.642256696039E-32,7.396066644327E-17,-1.));
#3631 = ADVANCED_FACE('',(#3632),#3643,.T.);
#3632 = FACE_BOUND('',#3633,.T.);
#3633 = EDGE_LOOP('',(#3634,#3635,#3636,#3642));
#3634 = ORIENTED_EDGE('',*,*,#3438,.F.);
#3635 = ORIENTED_EDGE('',*,*,#3620,.T.);
#3636 = ORIENTED_EDGE('',*,*,#3637,.F.);
#3637 = EDGE_CURVE('',#3471,#3613,#3638,.T.);
#3638 = LINE('',#3639,#3640);
#3639 = CARTESIAN_POINT('',(1.14,-1.022629672442,0.22));
#3640 = VECTOR('',#3641,1.);
#3641 = DIRECTION('',(-3.445092848398E-16,-1.,0.));
#3642 = ORIENTED_EDGE('',*,*,#3470,.F.);
#3643 = PLANE('',#3644);
#3644 = AXIS2_PLACEMENT_3D('',#3645,#3646,#3647);
#3645 = CARTESIAN_POINT('',(1.14,-0.75,0.));
#3646 = DIRECTION('',(-1.,3.445092848398E-16,0.));
#3647 = DIRECTION('',(3.445092848398E-16,1.,0.));
#3648 = ADVANCED_FACE('',(#3649),#3660,.T.);
#3649 = FACE_BOUND('',#3650,.T.);
#3650 = EDGE_LOOP('',(#3651,#3652,#3658,#3659));
#3651 = ORIENTED_EDGE('',*,*,#3452,.T.);
#3652 = ORIENTED_EDGE('',*,*,#3653,.T.);
#3653 = EDGE_CURVE('',#3455,#3562,#3654,.T.);
#3654 = LINE('',#3655,#3656);
#3655 = CARTESIAN_POINT('',(2.5,0.75,0.842343333333));
#3656 = VECTOR('',#3657,1.);
#3657 = DIRECTION('',(-3.445092848398E-16,-1.,0.));
#3658 = ORIENTED_EDGE('',*,*,#3561,.F.);
#3659 = ORIENTED_EDGE('',*,*,#3535,.F.);
#3660 = PLANE('',#3661);
#3661 = AXIS2_PLACEMENT_3D('',#3662,#3663,#3664);
#3662 = CARTESIAN_POINT('',(2.5,0.75,0.));
#3663 = DIRECTION('',(1.,-3.445092848398E-16,0.));
#3664 = DIRECTION('',(-3.445092848398E-16,-1.,0.));
#3665 = ADVANCED_FACE('',(#3666),#3677,.T.);
#3666 = FACE_BOUND('',#3667,.T.);
#3667 = EDGE_LOOP('',(#3668,#3669,#3675,#3676));
#3668 = ORIENTED_EDGE('',*,*,#3520,.T.);
#3669 = ORIENTED_EDGE('',*,*,#3670,.T.);
#3670 = EDGE_CURVE('',#3513,#3570,#3671,.T.);
#3671 = LINE('',#3672,#3673);
#3672 = CARTESIAN_POINT('',(2.353333333333,0.75,0.98901));
#3673 = VECTOR('',#3674,1.);
#3674 = DIRECTION('',(-3.445092848398E-16,-1.,0.));
#3675 = ORIENTED_EDGE('',*,*,#3569,.F.);
#3676 = ORIENTED_EDGE('',*,*,#3653,.F.);
#3677 = CYLINDRICAL_SURFACE('',#3678,0.146666666667);
#3678 = AXIS2_PLACEMENT_3D('',#3679,#3680,#3681);
#3679 = CARTESIAN_POINT('',(2.353333333333,0.75,0.842343333333));
#3680 = DIRECTION('',(-3.445092848398E-16,-1.,0.));
#3681 = DIRECTION('',(1.,-3.445092848398E-16,0.));
#3682 = ADVANCED_FACE('',(#3683),#3694,.F.);
#3683 = FACE_BOUND('',#3684,.F.);
#3684 = EDGE_LOOP('',(#3685,#3686,#3687,#3688));
#3685 = ORIENTED_EDGE('',*,*,#3512,.T.);
#3686 = ORIENTED_EDGE('',*,*,#3670,.T.);
#3687 = ORIENTED_EDGE('',*,*,#3578,.T.);
#3688 = ORIENTED_EDGE('',*,*,#3689,.T.);
#3689 = EDGE_CURVE('',#3579,#3505,#3690,.T.);
#3690 = LINE('',#3691,#3692);
#3691 = CARTESIAN_POINT('',(2.28,-0.75,0.98901));
#3692 = VECTOR('',#3693,1.);
#3693 = DIRECTION('',(3.445092848398E-16,1.,0.));
#3694 = PLANE('',#3695);
#3695 = AXIS2_PLACEMENT_3D('',#3696,#3697,#3698);
#3696 = CARTESIAN_POINT('',(2.39,-6.661338147751E-16,0.98901));
#3697 = DIRECTION('',(0.,0.,-1.));
#3698 = DIRECTION('',(3.445092848398E-16,1.,0.));
#3699 = ADVANCED_FACE('',(#3700),#3711,.T.);
#3700 = FACE_BOUND('',#3701,.T.);
#3701 = EDGE_LOOP('',(#3702,#3708,#3709,#3710));
#3702 = ORIENTED_EDGE('',*,*,#3703,.T.);
#3703 = EDGE_CURVE('',#3497,#3587,#3704,.T.);
#3704 = LINE('',#3705,#3706);
#3705 = CARTESIAN_POINT('',(2.28,0.75,0.2222));
#3706 = VECTOR('',#3707,1.);
#3707 = DIRECTION('',(-3.445092848398E-16,-1.,0.));
#3708 = ORIENTED_EDGE('',*,*,#3586,.T.);
#3709 = ORIENTED_EDGE('',*,*,#3689,.T.);
#3710 = ORIENTED_EDGE('',*,*,#3504,.F.);
#3711 = PLANE('',#3712);
#3712 = AXIS2_PLACEMENT_3D('',#3713,#3714,#3715);
#3713 = CARTESIAN_POINT('',(2.28,-0.75,0.));
#3714 = DIRECTION('',(-1.,3.445092848398E-16,0.));
#3715 = DIRECTION('',(3.445092848398E-16,1.,0.));
#3716 = ADVANCED_FACE('',(#3717),#3727,.F.);
#3717 = FACE_BOUND('',#3718,.F.);
#3718 = EDGE_LOOP('',(#3719,#3724,#3725,#3726));
#3719 = ORIENTED_EDGE('',*,*,#3720,.F.);
#3720 = EDGE_CURVE('',#3487,#3595,#3721,.T.);
#3721 = B_SPLINE_CURVE_WITH_KNOTS('',1,(#3722,#3723),.UNSPECIFIED.,.F.,
  .F.,(2,2),(0.,1.),.PIECEWISE_BEZIER_KNOTS.);
#3722 = CARTESIAN_POINT('',(2.225413939802,0.75,0.2222));
#3723 = CARTESIAN_POINT('',(2.225413939802,-0.75,0.2222));
#3724 = ORIENTED_EDGE('',*,*,#3496,.T.);
#3725 = ORIENTED_EDGE('',*,*,#3703,.T.);
#3726 = ORIENTED_EDGE('',*,*,#3594,.T.);
#3727 = PLANE('',#3728);
#3728 = AXIS2_PLACEMENT_3D('',#3729,#3730,#3731);
#3729 = CARTESIAN_POINT('',(1.71,-5.551115123126E-16,0.2222));
#3730 = DIRECTION('',(0.,0.,-1.));
#3731 = DIRECTION('',(3.445092848398E-16,1.,0.));
#3732 = ADVANCED_FACE('',(#3733),#3774,.T.);
#3733 = FACE_BOUND('',#3734,.T.);
#3734 = EDGE_LOOP('',(#3735,#3744,#3750,#3751,#3752,#3753,#3761,#3768));
#3735 = ORIENTED_EDGE('',*,*,#3736,.F.);
#3736 = EDGE_CURVE('',#3737,#3739,#3741,.T.);
#3737 = VERTEX_POINT('',#3738);
#3738 = CARTESIAN_POINT('',(2.225259344883,-1.295259344883,0.22));
#3739 = VERTEX_POINT('',#3740);
#3740 = CARTESIAN_POINT('',(2.28,-1.35,0.999));
#3741 = B_SPLINE_CURVE_WITH_KNOTS('',1,(#3742,#3743),.UNSPECIFIED.,.F.,
  .F.,(2,2),(0.,1.),.PIECEWISE_BEZIER_KNOTS.);
#3742 = CARTESIAN_POINT('',(2.225259344883,-1.295259344883,0.22));
#3743 = CARTESIAN_POINT('',(2.28,-1.35,0.999));
#3744 = ORIENTED_EDGE('',*,*,#3745,.T.);
#3745 = EDGE_CURVE('',#3737,#3603,#3746,.T.);
#3746 = LINE('',#3747,#3748);
#3747 = CARTESIAN_POINT('',(2.225259344883,-1.295259344883,0.22));
#3748 = VECTOR('',#3749,1.);
#3749 = DIRECTION('',(2.22044604925E-16,1.,0.));
#3750 = ORIENTED_EDGE('',*,*,#3602,.T.);
#3751 = ORIENTED_EDGE('',*,*,#3720,.F.);
#3752 = ORIENTED_EDGE('',*,*,#3486,.F.);
#3753 = ORIENTED_EDGE('',*,*,#3754,.T.);
#3754 = EDGE_CURVE('',#3479,#3755,#3757,.T.);
#3755 = VERTEX_POINT('',#3756);
#3756 = CARTESIAN_POINT('',(2.225259344883,1.295259344883,0.22));
#3757 = LINE('',#3758,#3759);
#3758 = CARTESIAN_POINT('',(2.225259344883,-1.295259344883,0.22));
#3759 = VECTOR('',#3760,1.);
#3760 = DIRECTION('',(2.22044604925E-16,1.,0.));
#3761 = ORIENTED_EDGE('',*,*,#3762,.T.);
#3762 = EDGE_CURVE('',#3755,#3763,#3765,.T.);
#3763 = VERTEX_POINT('',#3764);
#3764 = CARTESIAN_POINT('',(2.28,1.35,0.999));
#3765 = B_SPLINE_CURVE_WITH_KNOTS('',1,(#3766,#3767),.UNSPECIFIED.,.F.,
  .F.,(2,2),(0.,1.),.PIECEWISE_BEZIER_KNOTS.);
#3766 = CARTESIAN_POINT('',(2.225259344883,1.295259344883,0.22));
#3767 = CARTESIAN_POINT('',(2.28,1.35,0.999));
#3768 = ORIENTED_EDGE('',*,*,#3769,.F.);
#3769 = EDGE_CURVE('',#3739,#3763,#3770,.T.);
#3770 = LINE('',#3771,#3772);
#3771 = CARTESIAN_POINT('',(2.28,-1.35,0.999));
#3772 = VECTOR('',#3773,1.);
#3773 = DIRECTION('',(2.22044604925E-16,1.,0.));
#3774 = B_SPLINE_SURFACE_WITH_KNOTS('',1,1,(
    (#3775,#3776)
    ,(#3777,#3778
    )),.UNSPECIFIED.,.F.,.F.,.F.,(2,2),(2,2),(0.,2.7),(0.,1.),
  .PIECEWISE_BEZIER_KNOTS.);
#3775 = CARTESIAN_POINT('',(2.225259344883,-1.295259344883,0.22));
#3776 = CARTESIAN_POINT('',(2.28,-1.35,0.999));
#3777 = CARTESIAN_POINT('',(2.225259344883,1.295259344883,0.22));
#3778 = CARTESIAN_POINT('',(2.28,1.35,0.999));
#3779 = ADVANCED_FACE('',(#3780),#3809,.T.);
#3780 = FACE_BOUND('',#3781,.T.);
#3781 = EDGE_LOOP('',(#3782,#3783,#3791,#3799,#3805,#3806,#3807,#3808));
#3782 = ORIENTED_EDGE('',*,*,#3745,.F.);
#3783 = ORIENTED_EDGE('',*,*,#3784,.F.);
#3784 = EDGE_CURVE('',#3785,#3737,#3787,.T.);
#3785 = VERTEX_POINT('',#3786);
#3786 = CARTESIAN_POINT('',(1.1,-1.295259344883,0.22));
#3787 = LINE('',#3788,#3789);
#3788 = CARTESIAN_POINT('',(-2.225259344883,-1.295259344883,0.22));
#3789 = VECTOR('',#3790,1.);
#3790 = DIRECTION('',(1.,-2.22044604925E-16,0.));
#3791 = ORIENTED_EDGE('',*,*,#3792,.T.);
#3792 = EDGE_CURVE('',#3785,#3793,#3795,.T.);
#3793 = VERTEX_POINT('',#3794);
#3794 = CARTESIAN_POINT('',(1.1,1.295259344883,0.22));
#3795 = LINE('',#3796,#3797);
#3796 = CARTESIAN_POINT('',(1.1,-1.295259344883,0.22));
#3797 = VECTOR('',#3798,1.);
#3798 = DIRECTION('',(2.22044604925E-16,1.,0.));
#3799 = ORIENTED_EDGE('',*,*,#3800,.F.);
#3800 = EDGE_CURVE('',#3755,#3793,#3801,.T.);
#3801 = LINE('',#3802,#3803);
#3802 = CARTESIAN_POINT('',(2.225259344883,1.295259344883,0.22));
#3803 = VECTOR('',#3804,1.);
#3804 = DIRECTION('',(-1.,2.22044604925E-16,0.));
#3805 = ORIENTED_EDGE('',*,*,#3754,.F.);
#3806 = ORIENTED_EDGE('',*,*,#3478,.T.);
#3807 = ORIENTED_EDGE('',*,*,#3637,.T.);
#3808 = ORIENTED_EDGE('',*,*,#3612,.T.);
#3809 = PLANE('',#3810);
#3810 = AXIS2_PLACEMENT_3D('',#3811,#3812,#3813);
#3811 = CARTESIAN_POINT('',(2.225259344883,-1.295259344883,0.22));
#3812 = DIRECTION('',(0.,0.,-1.));
#3813 = DIRECTION('',(-0.864253276514,0.503056929218,0.));
#3814 = ADVANCED_FACE('',(#3815),#3848,.T.);
#3815 = FACE_BOUND('',#3816,.T.);
#3816 = EDGE_LOOP('',(#3817,#3827,#3833,#3834,#3835,#3843));
#3817 = ORIENTED_EDGE('',*,*,#3818,.T.);
#3818 = EDGE_CURVE('',#3819,#3821,#3823,.T.);
#3819 = VERTEX_POINT('',#3820);
#3820 = CARTESIAN_POINT('',(-2.225259344883,-1.295259344883,0.22));
#3821 = VERTEX_POINT('',#3822);
#3822 = CARTESIAN_POINT('',(-1.1,-1.295259344883,0.22));
#3823 = LINE('',#3824,#3825);
#3824 = CARTESIAN_POINT('',(-2.225259344883,-1.295259344883,0.22));
#3825 = VECTOR('',#3826,1.);
#3826 = DIRECTION('',(1.,-2.22044604925E-16,0.));
#3827 = ORIENTED_EDGE('',*,*,#3828,.T.);
#3828 = EDGE_CURVE('',#3821,#3785,#3829,.T.);
#3829 = LINE('',#3830,#3831);
#3830 = CARTESIAN_POINT('',(-1.1,-1.295259344883,0.22));
#3831 = VECTOR('',#3832,1.);
#3832 = DIRECTION('',(1.,-2.22044604925E-16,0.));
#3833 = ORIENTED_EDGE('',*,*,#3784,.T.);
#3834 = ORIENTED_EDGE('',*,*,#3736,.T.);
#3835 = ORIENTED_EDGE('',*,*,#3836,.F.);
#3836 = EDGE_CURVE('',#3837,#3739,#3839,.T.);
#3837 = VERTEX_POINT('',#3838);
#3838 = CARTESIAN_POINT('',(-2.28,-1.35,0.999));
#3839 = LINE('',#3840,#3841);
#3840 = CARTESIAN_POINT('',(-2.28,-1.35,0.999));
#3841 = VECTOR('',#3842,1.);
#3842 = DIRECTION('',(1.,-2.22044604925E-16,0.));
#3843 = ORIENTED_EDGE('',*,*,#3844,.F.);
#3844 = EDGE_CURVE('',#3819,#3837,#3845,.T.);
#3845 = B_SPLINE_CURVE_WITH_KNOTS('',1,(#3846,#3847),.UNSPECIFIED.,.F.,
  .F.,(2,2),(0.,1.),.PIECEWISE_BEZIER_KNOTS.);
#3846 = CARTESIAN_POINT('',(-2.225259344883,-1.295259344883,0.22));
#3847 = CARTESIAN_POINT('',(-2.28,-1.35,0.999));
#3848 = B_SPLINE_SURFACE_WITH_KNOTS('',1,1,(
    (#3849,#3850)
    ,(#3851,#3852
    )),.UNSPECIFIED.,.F.,.F.,.F.,(2,2),(2,2),(0.,4.56),(0.,1.),
  .PIECEWISE_BEZIER_KNOTS.);
#3849 = CARTESIAN_POINT('',(-2.225259344883,-1.295259344883,0.22));
#3850 = CARTESIAN_POINT('',(-2.28,-1.35,0.999));
#3851 = CARTESIAN_POINT('',(2.225259344883,-1.295259344883,0.22));
#3852 = CARTESIAN_POINT('',(2.28,-1.35,0.999));
#3853 = ADVANCED_FACE('',(#3854),#3877,.T.);
#3854 = FACE_BOUND('',#3855,.T.);
#3855 = EDGE_LOOP('',(#3856,#3857,#3864,#3872));
#3856 = ORIENTED_EDGE('',*,*,#3769,.T.);
#3857 = ORIENTED_EDGE('',*,*,#3858,.T.);
#3858 = EDGE_CURVE('',#3763,#3859,#3861,.T.);
#3859 = VERTEX_POINT('',#3860);
#3860 = CARTESIAN_POINT('',(2.194199820414,1.264199820414,2.22));
#3861 = B_SPLINE_CURVE_WITH_KNOTS('',1,(#3862,#3863),.UNSPECIFIED.,.F.,
  .F.,(2,2),(0.,1.),.PIECEWISE_BEZIER_KNOTS.);
#3862 = CARTESIAN_POINT('',(2.28,1.35,0.999));
#3863 = CARTESIAN_POINT('',(2.194199820414,1.264199820414,2.22));
#3864 = ORIENTED_EDGE('',*,*,#3865,.F.);
#3865 = EDGE_CURVE('',#3866,#3859,#3868,.T.);
#3866 = VERTEX_POINT('',#3867);
#3867 = CARTESIAN_POINT('',(2.194199820414,-1.264199820414,2.22));
#3868 = LINE('',#3869,#3870);
#3869 = CARTESIAN_POINT('',(2.194199820414,-1.264199820414,2.22));
#3870 = VECTOR('',#3871,1.);
#3871 = DIRECTION('',(2.22044604925E-16,1.,0.));
#3872 = ORIENTED_EDGE('',*,*,#3873,.F.);
#3873 = EDGE_CURVE('',#3739,#3866,#3874,.T.);
#3874 = B_SPLINE_CURVE_WITH_KNOTS('',1,(#3875,#3876),.UNSPECIFIED.,.F.,
  .F.,(2,2),(0.,1.),.PIECEWISE_BEZIER_KNOTS.);
#3875 = CARTESIAN_POINT('',(2.28,-1.35,0.999));
#3876 = CARTESIAN_POINT('',(2.194199820414,-1.264199820414,2.22));
#3877 = B_SPLINE_SURFACE_WITH_KNOTS('',1,1,(
    (#3878,#3879)
    ,(#3880,#3881
    )),.UNSPECIFIED.,.F.,.F.,.F.,(2,2),(2,2),(0.,2.7),(0.,1.),
  .PIECEWISE_BEZIER_KNOTS.);
#3878 = CARTESIAN_POINT('',(2.28,-1.35,0.999));
#3879 = CARTESIAN_POINT('',(2.194199820414,-1.264199820414,2.22));
#3880 = CARTESIAN_POINT('',(2.28,1.35,0.999));
#3881 = CARTESIAN_POINT('',(2.194199820414,1.264199820414,2.22));
#3882 = ADVANCED_FACE('',(#3883),#3916,.T.);
#3883 = FACE_BOUND('',#3884,.T.);
#3884 = EDGE_LOOP('',(#3885,#3886,#3894,#3902,#3909,#3915));
#3885 = ORIENTED_EDGE('',*,*,#3800,.T.);
#3886 = ORIENTED_EDGE('',*,*,#3887,.T.);
#3887 = EDGE_CURVE('',#3793,#3888,#3890,.T.);
#3888 = VERTEX_POINT('',#3889);
#3889 = CARTESIAN_POINT('',(-1.1,1.295259344883,0.22));
#3890 = LINE('',#3891,#3892);
#3891 = CARTESIAN_POINT('',(1.1,1.295259344883,0.22));
#3892 = VECTOR('',#3893,1.);
#3893 = DIRECTION('',(-1.,2.22044604925E-16,0.));
#3894 = ORIENTED_EDGE('',*,*,#3895,.T.);
#3895 = EDGE_CURVE('',#3888,#3896,#3898,.T.);
#3896 = VERTEX_POINT('',#3897);
#3897 = CARTESIAN_POINT('',(-2.225259344883,1.295259344883,0.22));
#3898 = LINE('',#3899,#3900);
#3899 = CARTESIAN_POINT('',(2.225259344883,1.295259344883,0.22));
#3900 = VECTOR('',#3901,1.);
#3901 = DIRECTION('',(-1.,2.22044604925E-16,0.));
#3902 = ORIENTED_EDGE('',*,*,#3903,.T.);
#3903 = EDGE_CURVE('',#3896,#3904,#3906,.T.);
#3904 = VERTEX_POINT('',#3905);
#3905 = CARTESIAN_POINT('',(-2.28,1.35,0.999));
#3906 = B_SPLINE_CURVE_WITH_KNOTS('',1,(#3907,#3908),.UNSPECIFIED.,.F.,
  .F.,(2,2),(0.,1.),.PIECEWISE_BEZIER_KNOTS.);
#3907 = CARTESIAN_POINT('',(-2.225259344883,1.295259344883,0.22));
#3908 = CARTESIAN_POINT('',(-2.28,1.35,0.999));
#3909 = ORIENTED_EDGE('',*,*,#3910,.F.);
#3910 = EDGE_CURVE('',#3763,#3904,#3911,.T.);
#3911 = LINE('',#3912,#3913);
#3912 = CARTESIAN_POINT('',(2.28,1.35,0.999));
#3913 = VECTOR('',#3914,1.);
#3914 = DIRECTION('',(-1.,2.22044604925E-16,0.));
#3915 = ORIENTED_EDGE('',*,*,#3762,.F.);
#3916 = B_SPLINE_SURFACE_WITH_KNOTS('',1,1,(
    (#3917,#3918)
    ,(#3919,#3920
    )),.UNSPECIFIED.,.F.,.F.,.F.,(2,2),(2,2),(0.,4.56),(0.,1.),
  .PIECEWISE_BEZIER_KNOTS.);
#3917 = CARTESIAN_POINT('',(2.225259344883,1.295259344883,0.22));
#3918 = CARTESIAN_POINT('',(2.28,1.35,0.999));
#3919 = CARTESIAN_POINT('',(-2.225259344883,1.295259344883,0.22));
#3920 = CARTESIAN_POINT('',(-2.28,1.35,0.999));
#3921 = ADVANCED_FACE('',(#3922),#3945,.T.);
#3922 = FACE_BOUND('',#3923,.T.);
#3923 = EDGE_LOOP('',(#3924,#3934,#3939,#3940));
#3924 = ORIENTED_EDGE('',*,*,#3925,.T.);
#3925 = EDGE_CURVE('',#3926,#3928,#3930,.T.);
#3926 = VERTEX_POINT('',#3927);
#3927 = CARTESIAN_POINT('',(1.1,-1.279799853066,0.));
#3928 = VERTEX_POINT('',#3929);
#3929 = CARTESIAN_POINT('',(1.1,1.279799853066,0.));
#3930 = LINE('',#3931,#3932);
#3931 = CARTESIAN_POINT('',(1.1,-1.279799853066,0.));
#3932 = VECTOR('',#3933,1.);
#3933 = DIRECTION('',(2.22044604925E-16,1.,0.));
#3934 = ORIENTED_EDGE('',*,*,#3935,.T.);
#3935 = EDGE_CURVE('',#3928,#3793,#3936,.T.);
#3936 = B_SPLINE_CURVE_WITH_KNOTS('',1,(#3937,#3938),.UNSPECIFIED.,.F.,
  .F.,(2,2),(0.,1.),.PIECEWISE_BEZIER_KNOTS.);
#3937 = CARTESIAN_POINT('',(1.1,1.279799853066,0.));
#3938 = CARTESIAN_POINT('',(1.1,1.295259344883,0.22));
#3939 = ORIENTED_EDGE('',*,*,#3792,.F.);
#3940 = ORIENTED_EDGE('',*,*,#3941,.F.);
#3941 = EDGE_CURVE('',#3926,#3785,#3942,.T.);
#3942 = B_SPLINE_CURVE_WITH_KNOTS('',1,(#3943,#3944),.UNSPECIFIED.,.F.,
  .F.,(2,2),(0.,1.),.PIECEWISE_BEZIER_KNOTS.);
#3943 = CARTESIAN_POINT('',(1.1,-1.279799853066,0.));
#3944 = CARTESIAN_POINT('',(1.1,-1.295259344883,0.22));
#3945 = B_SPLINE_SURFACE_WITH_KNOTS('',1,1,(
    (#3946,#3947)
    ,(#3948,#3949
    )),.UNSPECIFIED.,.F.,.F.,.F.,(2,2),(2,2),(0.,2.590518689767),(0.,1.)
  ,.PIECEWISE_BEZIER_KNOTS.);
#3946 = CARTESIAN_POINT('',(1.1,-1.279799853066,0.));
#3947 = CARTESIAN_POINT('',(1.1,-1.295259344883,0.22));
#3948 = CARTESIAN_POINT('',(1.1,1.279799853066,0.));
#3949 = CARTESIAN_POINT('',(1.1,1.295259344883,0.22));
#3950 = ADVANCED_FACE('',(#3951),#3999,.T.);
#3951 = FACE_BOUND('',#3952,.T.);
#3952 = EDGE_LOOP('',(#3953,#3954,#3960,#3961,#3969,#3977,#3985,#3993));
#3953 = ORIENTED_EDGE('',*,*,#3895,.F.);
#3954 = ORIENTED_EDGE('',*,*,#3955,.T.);
#3955 = EDGE_CURVE('',#3888,#3821,#3956,.T.);
#3956 = LINE('',#3957,#3958);
#3957 = CARTESIAN_POINT('',(-1.1,1.295259344883,0.22));
#3958 = VECTOR('',#3959,1.);
#3959 = DIRECTION('',(-2.22044604925E-16,-1.,0.));
#3960 = ORIENTED_EDGE('',*,*,#3818,.F.);
#3961 = ORIENTED_EDGE('',*,*,#3962,.F.);
#3962 = EDGE_CURVE('',#3963,#3819,#3965,.T.);
#3963 = VERTEX_POINT('',#3964);
#3964 = CARTESIAN_POINT('',(-2.225259344883,-0.75,0.22));
#3965 = LINE('',#3966,#3967);
#3966 = CARTESIAN_POINT('',(-2.225259344883,1.295259344883,0.22));
#3967 = VECTOR('',#3968,1.);
#3968 = DIRECTION('',(-2.22044604925E-16,-1.,0.));
#3969 = ORIENTED_EDGE('',*,*,#3970,.T.);
#3970 = EDGE_CURVE('',#3963,#3971,#3973,.T.);
#3971 = VERTEX_POINT('',#3972);
#3972 = CARTESIAN_POINT('',(-1.14,-0.75,0.22));
#3973 = LINE('',#3974,#3975);
#3974 = CARTESIAN_POINT('',(0.117096097639,-0.75,0.22));
#3975 = VECTOR('',#3976,1.);
#3976 = DIRECTION('',(1.,-2.22044604925E-16,0.));
#3977 = ORIENTED_EDGE('',*,*,#3978,.T.);
#3978 = EDGE_CURVE('',#3971,#3979,#3981,.T.);
#3979 = VERTEX_POINT('',#3980);
#3980 = CARTESIAN_POINT('',(-1.14,0.75,0.22));
#3981 = LINE('',#3982,#3983);
#3982 = CARTESIAN_POINT('',(-1.14,-0.272629672442,0.22));
#3983 = VECTOR('',#3984,1.);
#3984 = DIRECTION('',(2.22044604925E-16,1.,0.));
#3985 = ORIENTED_EDGE('',*,*,#3986,.T.);
#3986 = EDGE_CURVE('',#3979,#3987,#3989,.T.);
#3987 = VERTEX_POINT('',#3988);
#3988 = CARTESIAN_POINT('',(-2.225259344883,0.75,0.22));
#3989 = LINE('',#3990,#3991);
#3990 = CARTESIAN_POINT('',(0.117096097639,0.75,0.22));
#3991 = VECTOR('',#3992,1.);
#3992 = DIRECTION('',(-1.,2.22044604925E-16,0.));
#3993 = ORIENTED_EDGE('',*,*,#3994,.F.);
#3994 = EDGE_CURVE('',#3896,#3987,#3995,.T.);
#3995 = LINE('',#3996,#3997);
#3996 = CARTESIAN_POINT('',(-2.225259344883,1.295259344883,0.22));
#3997 = VECTOR('',#3998,1.);
#3998 = DIRECTION('',(-2.22044604925E-16,-1.,0.));
#3999 = PLANE('',#4000);
#4000 = AXIS2_PLACEMENT_3D('',#4001,#4002,#4003);
#4001 = CARTESIAN_POINT('',(2.225259344883,-1.295259344883,0.22));
#4002 = DIRECTION('',(0.,0.,-1.));
#4003 = DIRECTION('',(-0.864253276514,0.503056929218,0.));
#4004 = ADVANCED_FACE('',(#4005),#4042,.T.);
#4005 = FACE_BOUND('',#4006,.T.);
#4006 = EDGE_LOOP('',(#4007,#4008,#4009,#4019,#4026,#4034,#4035,#4036));
#4007 = ORIENTED_EDGE('',*,*,#3903,.F.);
#4008 = ORIENTED_EDGE('',*,*,#3994,.T.);
#4009 = ORIENTED_EDGE('',*,*,#4010,.T.);
#4010 = EDGE_CURVE('',#3987,#4011,#4013,.T.);
#4011 = VERTEX_POINT('',#4012);
#4012 = CARTESIAN_POINT('',(-2.225413939802,0.75,0.2222));
#4013 = B_SPLINE_CURVE_WITH_KNOTS('',4,(#4014,#4015,#4016,#4017,#4018),
  .UNSPECIFIED.,.F.,.F.,(5,5),(0.,1.),.PIECEWISE_BEZIER_KNOTS.);
#4014 = CARTESIAN_POINT('',(-2.225259344883,0.75,0.22));
#4015 = CARTESIAN_POINT('',(-2.238768685756,0.75,0.412247910026));
#4016 = CARTESIAN_POINT('',(-2.25227825666,0.75,0.604499093572));
#4017 = CARTESIAN_POINT('',(-2.265788033788,0.75,0.796753211837));
#4018 = CARTESIAN_POINT('',(-2.279297998531,0.75,0.98901));
#4019 = ORIENTED_EDGE('',*,*,#4020,.F.);
#4020 = EDGE_CURVE('',#4021,#4011,#4023,.T.);
#4021 = VERTEX_POINT('',#4022);
#4022 = CARTESIAN_POINT('',(-2.225413939802,-0.75,0.2222));
#4023 = B_SPLINE_CURVE_WITH_KNOTS('',1,(#4024,#4025),.UNSPECIFIED.,.F.,
  .F.,(2,2),(0.,1.),.PIECEWISE_BEZIER_KNOTS.);
#4024 = CARTESIAN_POINT('',(-2.225413939802,-0.75,0.2222));
#4025 = CARTESIAN_POINT('',(-2.225413939802,0.75,0.2222));
#4026 = ORIENTED_EDGE('',*,*,#4027,.F.);
#4027 = EDGE_CURVE('',#3963,#4021,#4028,.T.);
#4028 = B_SPLINE_CURVE_WITH_KNOTS('',4,(#4029,#4030,#4031,#4032,#4033),
  .UNSPECIFIED.,.F.,.F.,(5,5),(0.,1.),.PIECEWISE_BEZIER_KNOTS.);
#4029 = CARTESIAN_POINT('',(-2.225259344883,-0.75,0.22));
#4030 = CARTESIAN_POINT('',(-2.238768685756,-0.75,0.412247910026));
#4031 = CARTESIAN_POINT('',(-2.25227825666,-0.75,0.604499093572));
#4032 = CARTESIAN_POINT('',(-2.265788033788,-0.75,0.796753211837));
#4033 = CARTESIAN_POINT('',(-2.279297998531,-0.75,0.98901));
#4034 = ORIENTED_EDGE('',*,*,#3962,.T.);
#4035 = ORIENTED_EDGE('',*,*,#3844,.T.);
#4036 = ORIENTED_EDGE('',*,*,#4037,.F.);
#4037 = EDGE_CURVE('',#3904,#3837,#4038,.T.);
#4038 = LINE('',#4039,#4040);
#4039 = CARTESIAN_POINT('',(-2.28,1.35,0.999));
#4040 = VECTOR('',#4041,1.);
#4041 = DIRECTION('',(-2.22044604925E-16,-1.,0.));
#4042 = B_SPLINE_SURFACE_WITH_KNOTS('',1,1,(
    (#4043,#4044)
    ,(#4045,#4046
    )),.UNSPECIFIED.,.F.,.F.,.F.,(2,2),(2,2),(0.,2.7),(0.,1.),
  .PIECEWISE_BEZIER_KNOTS.);
#4043 = CARTESIAN_POINT('',(-2.225259344883,1.295259344883,0.22));
#4044 = CARTESIAN_POINT('',(-2.28,1.35,0.999));
#4045 = CARTESIAN_POINT('',(-2.225259344883,-1.295259344883,0.22));
#4046 = CARTESIAN_POINT('',(-2.28,-1.35,0.999));
#4047 = ADVANCED_FACE('',(#4048),#4065,.T.);
#4048 = FACE_BOUND('',#4049,.T.);
#4049 = EDGE_LOOP('',(#4050,#4058,#4059,#4060));
#4050 = ORIENTED_EDGE('',*,*,#4051,.T.);
#4051 = EDGE_CURVE('',#4052,#3926,#4054,.T.);
#4052 = VERTEX_POINT('',#4053);
#4053 = CARTESIAN_POINT('',(-1.1,-1.279799853066,0.));
#4054 = LINE('',#4055,#4056);
#4055 = CARTESIAN_POINT('',(-1.1,-1.279799853066,0.));
#4056 = VECTOR('',#4057,1.);
#4057 = DIRECTION('',(1.,-2.22044604925E-16,0.));
#4058 = ORIENTED_EDGE('',*,*,#3941,.T.);
#4059 = ORIENTED_EDGE('',*,*,#3828,.F.);
#4060 = ORIENTED_EDGE('',*,*,#4061,.F.);
#4061 = EDGE_CURVE('',#4052,#3821,#4062,.T.);
#4062 = B_SPLINE_CURVE_WITH_KNOTS('',1,(#4063,#4064),.UNSPECIFIED.,.F.,
  .F.,(2,2),(0.,1.),.PIECEWISE_BEZIER_KNOTS.);
#4063 = CARTESIAN_POINT('',(-1.1,-1.279799853066,0.));
#4064 = CARTESIAN_POINT('',(-1.1,-1.295259344883,0.22));
#4065 = PLANE('',#4066);
#4066 = AXIS2_PLACEMENT_3D('',#4067,#4068,#4069);
#4067 = CARTESIAN_POINT('',(-1.1,-1.295259344883,0.22));
#4068 = DIRECTION('',(-2.214984063823E-16,-0.997540140447,
    -7.009756199374E-02));
#4069 = DIRECTION('',(1.,-2.22044604925E-16,-1.177128382009E-30));
#4070 = ADVANCED_FACE('',(#4071),#4088,.T.);
#4071 = FACE_BOUND('',#4072,.T.);
#4072 = EDGE_LOOP('',(#4073,#4074,#4075,#4083));
#4073 = ORIENTED_EDGE('',*,*,#3836,.T.);
#4074 = ORIENTED_EDGE('',*,*,#3873,.T.);
#4075 = ORIENTED_EDGE('',*,*,#4076,.F.);
#4076 = EDGE_CURVE('',#4077,#3866,#4079,.T.);
#4077 = VERTEX_POINT('',#4078);
#4078 = CARTESIAN_POINT('',(-2.194199820414,-1.264199820414,2.22));
#4079 = LINE('',#4080,#4081);
#4080 = CARTESIAN_POINT('',(-2.194199820414,-1.264199820414,2.22));
#4081 = VECTOR('',#4082,1.);
#4082 = DIRECTION('',(1.,-2.22044604925E-16,0.));
#4083 = ORIENTED_EDGE('',*,*,#4084,.F.);
#4084 = EDGE_CURVE('',#3837,#4077,#4085,.T.);
#4085 = B_SPLINE_CURVE_WITH_KNOTS('',1,(#4086,#4087),.UNSPECIFIED.,.F.,
  .F.,(2,2),(0.,1.),.PIECEWISE_BEZIER_KNOTS.);
#4086 = CARTESIAN_POINT('',(-2.28,-1.35,0.999));
#4087 = CARTESIAN_POINT('',(-2.194199820414,-1.264199820414,2.22));
#4088 = B_SPLINE_SURFACE_WITH_KNOTS('',1,1,(
    (#4089,#4090)
    ,(#4091,#4092
    )),.UNSPECIFIED.,.F.,.F.,.F.,(2,2),(2,2),(0.,4.56),(0.,1.),
  .PIECEWISE_BEZIER_KNOTS.);
#4089 = CARTESIAN_POINT('',(-2.28,-1.35,0.999));
#4090 = CARTESIAN_POINT('',(-2.194199820414,-1.264199820414,2.22));
#4091 = CARTESIAN_POINT('',(2.28,-1.35,0.999));
#4092 = CARTESIAN_POINT('',(2.194199820414,-1.264199820414,2.22));
#4093 = ADVANCED_FACE('',(#4094),#4111,.T.);
#4094 = FACE_BOUND('',#4095,.T.);
#4095 = EDGE_LOOP('',(#4096,#4097,#4104,#4110));
#4096 = ORIENTED_EDGE('',*,*,#3910,.T.);
#4097 = ORIENTED_EDGE('',*,*,#4098,.T.);
#4098 = EDGE_CURVE('',#3904,#4099,#4101,.T.);
#4099 = VERTEX_POINT('',#4100);
#4100 = CARTESIAN_POINT('',(-2.194199820414,1.264199820414,2.22));
#4101 = B_SPLINE_CURVE_WITH_KNOTS('',1,(#4102,#4103),.UNSPECIFIED.,.F.,
  .F.,(2,2),(0.,1.),.PIECEWISE_BEZIER_KNOTS.);
#4102 = CARTESIAN_POINT('',(-2.28,1.35,0.999));
#4103 = CARTESIAN_POINT('',(-2.194199820414,1.264199820414,2.22));
#4104 = ORIENTED_EDGE('',*,*,#4105,.F.);
#4105 = EDGE_CURVE('',#3859,#4099,#4106,.T.);
#4106 = LINE('',#4107,#4108);
#4107 = CARTESIAN_POINT('',(2.194199820414,1.264199820414,2.22));
#4108 = VECTOR('',#4109,1.);
#4109 = DIRECTION('',(-1.,2.22044604925E-16,0.));
#4110 = ORIENTED_EDGE('',*,*,#3858,.F.);
#4111 = B_SPLINE_SURFACE_WITH_KNOTS('',1,1,(
    (#4112,#4113)
    ,(#4114,#4115
    )),.UNSPECIFIED.,.F.,.F.,.F.,(2,2),(2,2),(0.,4.56),(0.,1.),
  .PIECEWISE_BEZIER_KNOTS.);
#4112 = CARTESIAN_POINT('',(2.28,1.35,0.999));
#4113 = CARTESIAN_POINT('',(2.194199820414,1.264199820414,2.22));
#4114 = CARTESIAN_POINT('',(-2.28,1.35,0.999));
#4115 = CARTESIAN_POINT('',(-2.194199820414,1.264199820414,2.22));
#4116 = ADVANCED_FACE('',(#4117,#4128),#4162,.F.);
#4117 = FACE_BOUND('',#4118,.F.);
#4118 = EDGE_LOOP('',(#4119,#4120,#4121,#4127));
#4119 = ORIENTED_EDGE('',*,*,#3865,.F.);
#4120 = ORIENTED_EDGE('',*,*,#4076,.F.);
#4121 = ORIENTED_EDGE('',*,*,#4122,.F.);
#4122 = EDGE_CURVE('',#4099,#4077,#4123,.T.);
#4123 = LINE('',#4124,#4125);
#4124 = CARTESIAN_POINT('',(-2.194199820414,1.264199820414,2.22));
#4125 = VECTOR('',#4126,1.);
#4126 = DIRECTION('',(-2.22044604925E-16,-1.,0.));
#4127 = ORIENTED_EDGE('',*,*,#4105,.F.);
#4128 = FACE_BOUND('',#4129,.F.);
#4129 = EDGE_LOOP('',(#4130,#4140,#4148,#4156));
#4130 = ORIENTED_EDGE('',*,*,#4131,.T.);
#4131 = EDGE_CURVE('',#4132,#4134,#4136,.T.);
#4132 = VERTEX_POINT('',#4133);
#4133 = CARTESIAN_POINT('',(-1.508399640828,1.178399640828,2.22));
#4134 = VERTEX_POINT('',#4135);
#4135 = CARTESIAN_POINT('',(-2.108399640828,1.178399640828,2.22));
#4136 = LINE('',#4137,#4138);
#4137 = CARTESIAN_POINT('',(-1.508399640828,1.178399640828,2.22));
#4138 = VECTOR('',#4139,1.);
#4139 = DIRECTION('',(-1.,2.22044604925E-16,0.));
#4140 = ORIENTED_EDGE('',*,*,#4141,.T.);
#4141 = EDGE_CURVE('',#4134,#4142,#4144,.T.);
#4142 = VERTEX_POINT('',#4143);
#4143 = CARTESIAN_POINT('',(-2.108399640828,-1.178399640828,2.22));
#4144 = LINE('',#4145,#4146);
#4145 = CARTESIAN_POINT('',(-2.108399640828,1.178399640828,2.22));
#4146 = VECTOR('',#4147,1.);
#4147 = DIRECTION('',(-2.22044604925E-16,-1.,0.));
#4148 = ORIENTED_EDGE('',*,*,#4149,.T.);
#4149 = EDGE_CURVE('',#4142,#4150,#4152,.T.);
#4150 = VERTEX_POINT('',#4151);
#4151 = CARTESIAN_POINT('',(-1.508399640828,-1.178399640828,2.22));
#4152 = LINE('',#4153,#4154);
#4153 = CARTESIAN_POINT('',(-2.108399640828,-1.178399640828,2.22));
#4154 = VECTOR('',#4155,1.);
#4155 = DIRECTION('',(1.,-2.22044604925E-16,0.));
#4156 = ORIENTED_EDGE('',*,*,#4157,.T.);
#4157 = EDGE_CURVE('',#4150,#4132,#4158,.T.);
#4158 = LINE('',#4159,#4160);
#4159 = CARTESIAN_POINT('',(-1.508399640828,-1.178399640828,2.22));
#4160 = VECTOR('',#4161,1.);
#4161 = DIRECTION('',(2.22044604925E-16,1.,0.));
#4162 = PLANE('',#4163);
#4163 = AXIS2_PLACEMENT_3D('',#4164,#4165,#4166);
#4164 = CARTESIAN_POINT('',(2.194199820414,-1.264199820414,2.22));
#4165 = DIRECTION('',(0.,0.,-1.));
#4166 = DIRECTION('',(-0.866473406918,0.499223231735,0.));
#4167 = ADVANCED_FACE('',(#4168),#4185,.T.);
#4168 = FACE_BOUND('',#4169,.T.);
#4169 = EDGE_LOOP('',(#4170,#4178,#4183,#4184));
#4170 = ORIENTED_EDGE('',*,*,#4171,.T.);
#4171 = EDGE_CURVE('',#3928,#4172,#4174,.T.);
#4172 = VERTEX_POINT('',#4173);
#4173 = CARTESIAN_POINT('',(-1.1,1.279799853066,0.));
#4174 = LINE('',#4175,#4176);
#4175 = CARTESIAN_POINT('',(1.1,1.279799853066,0.));
#4176 = VECTOR('',#4177,1.);
#4177 = DIRECTION('',(-1.,2.22044604925E-16,0.));
#4178 = ORIENTED_EDGE('',*,*,#4179,.T.);
#4179 = EDGE_CURVE('',#4172,#3888,#4180,.T.);
#4180 = B_SPLINE_CURVE_WITH_KNOTS('',1,(#4181,#4182),.UNSPECIFIED.,.F.,
  .F.,(2,2),(0.,1.),.PIECEWISE_BEZIER_KNOTS.);
#4181 = CARTESIAN_POINT('',(-1.1,1.279799853066,0.));
#4182 = CARTESIAN_POINT('',(-1.1,1.295259344883,0.22));
#4183 = ORIENTED_EDGE('',*,*,#3887,.F.);
#4184 = ORIENTED_EDGE('',*,*,#3935,.F.);
#4185 = PLANE('',#4186);
#4186 = AXIS2_PLACEMENT_3D('',#4187,#4188,#4189);
#4187 = CARTESIAN_POINT('',(1.1,1.295259344883,0.22));
#4188 = DIRECTION('',(2.214984063823E-16,0.997540140447,
    -7.009756199374E-02));
#4189 = DIRECTION('',(-1.,2.22044604925E-16,-1.177128382009E-30));
#4190 = ADVANCED_FACE('',(#4191),#4202,.T.);
#4191 = FACE_BOUND('',#4192,.F.);
#4192 = EDGE_LOOP('',(#4193,#4194,#4195,#4201));
#4193 = ORIENTED_EDGE('',*,*,#3925,.T.);
#4194 = ORIENTED_EDGE('',*,*,#4171,.T.);
#4195 = ORIENTED_EDGE('',*,*,#4196,.T.);
#4196 = EDGE_CURVE('',#4172,#4052,#4197,.T.);
#4197 = LINE('',#4198,#4199);
#4198 = CARTESIAN_POINT('',(-1.1,1.279799853066,0.));
#4199 = VECTOR('',#4200,1.);
#4200 = DIRECTION('',(-2.22044604925E-16,-1.,0.));
#4201 = ORIENTED_EDGE('',*,*,#4051,.T.);
#4202 = PLANE('',#4203);
#4203 = AXIS2_PLACEMENT_3D('',#4204,#4205,#4206);
#4204 = CARTESIAN_POINT('',(1.1,-1.279799853066,0.));
#4205 = DIRECTION('',(0.,0.,-1.));
#4206 = DIRECTION('',(-0.651825367196,0.758369099238,0.));
#4207 = ADVANCED_FACE('',(#4208),#4276,.T.);
#4208 = FACE_BOUND('',#4209,.T.);
#4209 = EDGE_LOOP('',(#4210,#4221,#4229,#4238,#4246,#4254,#4260,#4261,
    #4262,#4270));
#4210 = ORIENTED_EDGE('',*,*,#4211,.F.);
#4211 = EDGE_CURVE('',#4212,#4214,#4216,.T.);
#4212 = VERTEX_POINT('',#4213);
#4213 = CARTESIAN_POINT('',(-2.5,0.75,0.146666666667));
#4214 = VERTEX_POINT('',#4215);
#4215 = CARTESIAN_POINT('',(-2.353333333333,0.75,-2.775557561563E-17));
#4216 = CIRCLE('',#4217,0.146666666667);
#4217 = AXIS2_PLACEMENT_3D('',#4218,#4219,#4220);
#4218 = CARTESIAN_POINT('',(-2.353333333333,0.75,0.146666666667));
#4219 = DIRECTION('',(-2.22044604925E-16,-1.,0.));
#4220 = DIRECTION('',(0.,0.,1.));
#4221 = ORIENTED_EDGE('',*,*,#4222,.T.);
#4222 = EDGE_CURVE('',#4212,#4223,#4225,.T.);
#4223 = VERTEX_POINT('',#4224);
#4224 = CARTESIAN_POINT('',(-2.5,0.75,0.842343333333));
#4225 = LINE('',#4226,#4227);
#4226 = CARTESIAN_POINT('',(-2.5,0.75,0.));
#4227 = VECTOR('',#4228,1.);
#4228 = DIRECTION('',(0.,0.,1.));
#4229 = ORIENTED_EDGE('',*,*,#4230,.T.);
#4230 = EDGE_CURVE('',#4223,#4231,#4233,.T.);
#4231 = VERTEX_POINT('',#4232);
#4232 = CARTESIAN_POINT('',(-2.353333333333,0.75,0.98901));
#4233 = CIRCLE('',#4234,0.146666666667);
#4234 = AXIS2_PLACEMENT_3D('',#4235,#4236,#4237);
#4235 = CARTESIAN_POINT('',(-2.353333333333,0.75,0.842343333333));
#4236 = DIRECTION('',(2.22044604925E-16,1.,-0.));
#4237 = DIRECTION('',(0.,0.,1.));
#4238 = ORIENTED_EDGE('',*,*,#4239,.T.);
#4239 = EDGE_CURVE('',#4231,#4240,#4242,.T.);
#4240 = VERTEX_POINT('',#4241);
#4241 = CARTESIAN_POINT('',(-2.28,0.75,0.98901));
#4242 = LINE('',#4243,#4244);
#4243 = CARTESIAN_POINT('',(-2.5,0.75,0.98901));
#4244 = VECTOR('',#4245,1.);
#4245 = DIRECTION('',(1.,-2.22044604925E-16,0.));
#4246 = ORIENTED_EDGE('',*,*,#4247,.F.);
#4247 = EDGE_CURVE('',#4248,#4240,#4250,.T.);
#4248 = VERTEX_POINT('',#4249);
#4249 = CARTESIAN_POINT('',(-2.28,0.75,0.2222));
#4250 = LINE('',#4251,#4252);
#4251 = CARTESIAN_POINT('',(-2.28,0.75,0.));
#4252 = VECTOR('',#4253,1.);
#4253 = DIRECTION('',(0.,0.,1.));
#4254 = ORIENTED_EDGE('',*,*,#4255,.T.);
#4255 = EDGE_CURVE('',#4248,#4011,#4256,.T.);
#4256 = LINE('',#4257,#4258);
#4257 = CARTESIAN_POINT('',(-2.28,0.75,0.2222));
#4258 = VECTOR('',#4259,1.);
#4259 = DIRECTION('',(1.,-2.22044604925E-16,0.));
#4260 = ORIENTED_EDGE('',*,*,#4010,.F.);
#4261 = ORIENTED_EDGE('',*,*,#3986,.F.);
#4262 = ORIENTED_EDGE('',*,*,#4263,.F.);
#4263 = EDGE_CURVE('',#4264,#3979,#4266,.T.);
#4264 = VERTEX_POINT('',#4265);
#4265 = CARTESIAN_POINT('',(-1.14,0.75,0.));
#4266 = LINE('',#4267,#4268);
#4267 = CARTESIAN_POINT('',(-1.14,0.75,0.));
#4268 = VECTOR('',#4269,1.);
#4269 = DIRECTION('',(0.,0.,1.));
#4270 = ORIENTED_EDGE('',*,*,#4271,.F.);
#4271 = EDGE_CURVE('',#4214,#4264,#4272,.T.);
#4272 = LINE('',#4273,#4274);
#4273 = CARTESIAN_POINT('',(-2.28,0.75,0.));
#4274 = VECTOR('',#4275,1.);
#4275 = DIRECTION('',(1.,-2.22044604925E-16,0.));
#4276 = PLANE('',#4277);
#4277 = AXIS2_PLACEMENT_3D('',#4278,#4279,#4280);
#4278 = CARTESIAN_POINT('',(-1.991067149606,0.75,0.303091083877));
#4279 = DIRECTION('',(2.22044604925E-16,1.,-7.960022943413E-32));
#4280 = DIRECTION('',(-1.,2.22044604925E-16,0.));
#4281 = ADVANCED_FACE('',(#4282),#4300,.T.);
#4282 = FACE_BOUND('',#4283,.T.);
#4283 = EDGE_LOOP('',(#4284,#4292,#4293,#4294));
#4284 = ORIENTED_EDGE('',*,*,#4285,.F.);
#4285 = EDGE_CURVE('',#4264,#4286,#4288,.T.);
#4286 = VERTEX_POINT('',#4287);
#4287 = CARTESIAN_POINT('',(-1.14,-0.75,0.));
#4288 = LINE('',#4289,#4290);
#4289 = CARTESIAN_POINT('',(-1.14,0.75,0.));
#4290 = VECTOR('',#4291,1.);
#4291 = DIRECTION('',(-2.22044604925E-16,-1.,0.));
#4292 = ORIENTED_EDGE('',*,*,#4263,.T.);
#4293 = ORIENTED_EDGE('',*,*,#3978,.F.);
#4294 = ORIENTED_EDGE('',*,*,#4295,.F.);
#4295 = EDGE_CURVE('',#4286,#3971,#4296,.T.);
#4296 = LINE('',#4297,#4298);
#4297 = CARTESIAN_POINT('',(-1.14,-0.75,0.));
#4298 = VECTOR('',#4299,1.);
#4299 = DIRECTION('',(0.,0.,1.));
#4300 = PLANE('',#4301);
#4301 = AXIS2_PLACEMENT_3D('',#4302,#4303,#4304);
#4302 = CARTESIAN_POINT('',(-1.14,0.75,0.));
#4303 = DIRECTION('',(1.,-2.22044604925E-16,0.));
#4304 = DIRECTION('',(-2.22044604925E-16,-1.,0.));
#4305 = ADVANCED_FACE('',(#4306),#4367,.T.);
#4306 = FACE_BOUND('',#4307,.T.);
#4307 = EDGE_LOOP('',(#4308,#4318,#4327,#4333,#4334,#4335,#4336,#4344,
    #4352,#4360));
#4308 = ORIENTED_EDGE('',*,*,#4309,.F.);
#4309 = EDGE_CURVE('',#4310,#4312,#4314,.T.);
#4310 = VERTEX_POINT('',#4311);
#4311 = CARTESIAN_POINT('',(-2.5,-0.75,0.146666666667));
#4312 = VERTEX_POINT('',#4313);
#4313 = CARTESIAN_POINT('',(-2.5,-0.75,0.842343333333));
#4314 = LINE('',#4315,#4316);
#4315 = CARTESIAN_POINT('',(-2.5,-0.75,0.));
#4316 = VECTOR('',#4317,1.);
#4317 = DIRECTION('',(0.,0.,1.));
#4318 = ORIENTED_EDGE('',*,*,#4319,.T.);
#4319 = EDGE_CURVE('',#4310,#4320,#4322,.T.);
#4320 = VERTEX_POINT('',#4321);
#4321 = CARTESIAN_POINT('',(-2.353333333333,-0.75,-2.775557561563E-17));
#4322 = CIRCLE('',#4323,0.146666666667);
#4323 = AXIS2_PLACEMENT_3D('',#4324,#4325,#4326);
#4324 = CARTESIAN_POINT('',(-2.353333333333,-0.75,0.146666666667));
#4325 = DIRECTION('',(-2.22044604925E-16,-1.,0.));
#4326 = DIRECTION('',(0.,0.,1.));
#4327 = ORIENTED_EDGE('',*,*,#4328,.F.);
#4328 = EDGE_CURVE('',#4286,#4320,#4329,.T.);
#4329 = LINE('',#4330,#4331);
#4330 = CARTESIAN_POINT('',(-2.28,-0.75,0.));
#4331 = VECTOR('',#4332,1.);
#4332 = DIRECTION('',(-1.,2.22044604925E-16,0.));
#4333 = ORIENTED_EDGE('',*,*,#4295,.T.);
#4334 = ORIENTED_EDGE('',*,*,#3970,.F.);
#4335 = ORIENTED_EDGE('',*,*,#4027,.T.);
#4336 = ORIENTED_EDGE('',*,*,#4337,.T.);
#4337 = EDGE_CURVE('',#4021,#4338,#4340,.T.);
#4338 = VERTEX_POINT('',#4339);
#4339 = CARTESIAN_POINT('',(-2.28,-0.75,0.2222));
#4340 = LINE('',#4341,#4342);
#4341 = CARTESIAN_POINT('',(-1.14,-0.75,0.2222));
#4342 = VECTOR('',#4343,1.);
#4343 = DIRECTION('',(-1.,2.22044604925E-16,0.));
#4344 = ORIENTED_EDGE('',*,*,#4345,.T.);
#4345 = EDGE_CURVE('',#4338,#4346,#4348,.T.);
#4346 = VERTEX_POINT('',#4347);
#4347 = CARTESIAN_POINT('',(-2.28,-0.75,0.98901));
#4348 = LINE('',#4349,#4350);
#4349 = CARTESIAN_POINT('',(-2.28,-0.75,0.));
#4350 = VECTOR('',#4351,1.);
#4351 = DIRECTION('',(0.,0.,1.));
#4352 = ORIENTED_EDGE('',*,*,#4353,.T.);
#4353 = EDGE_CURVE('',#4346,#4354,#4356,.T.);
#4354 = VERTEX_POINT('',#4355);
#4355 = CARTESIAN_POINT('',(-2.353333333333,-0.75,0.98901));
#4356 = LINE('',#4357,#4358);
#4357 = CARTESIAN_POINT('',(-2.28,-0.75,0.98901));
#4358 = VECTOR('',#4359,1.);
#4359 = DIRECTION('',(-1.,2.22044604925E-16,0.));
#4360 = ORIENTED_EDGE('',*,*,#4361,.F.);
#4361 = EDGE_CURVE('',#4312,#4354,#4362,.T.);
#4362 = CIRCLE('',#4363,0.146666666667);
#4363 = AXIS2_PLACEMENT_3D('',#4364,#4365,#4366);
#4364 = CARTESIAN_POINT('',(-2.353333333333,-0.75,0.842343333333));
#4365 = DIRECTION('',(2.22044604925E-16,1.,-0.));
#4366 = DIRECTION('',(0.,0.,1.));
#4367 = PLANE('',#4368);
#4368 = AXIS2_PLACEMENT_3D('',#4369,#4370,#4371);
#4369 = CARTESIAN_POINT('',(-1.991067149606,-0.75,0.303091083877));
#4370 = DIRECTION('',(-2.22044604925E-16,-1.,-0.));
#4371 = DIRECTION('',(0.,0.,-1.));
#4372 = ADVANCED_FACE('',(#4373),#4379,.T.);
#4373 = FACE_BOUND('',#4374,.T.);
#4374 = EDGE_LOOP('',(#4375,#4376,#4377,#4378));
#4375 = ORIENTED_EDGE('',*,*,#4196,.T.);
#4376 = ORIENTED_EDGE('',*,*,#4061,.T.);
#4377 = ORIENTED_EDGE('',*,*,#3955,.F.);
#4378 = ORIENTED_EDGE('',*,*,#4179,.F.);
#4379 = B_SPLINE_SURFACE_WITH_KNOTS('',1,1,(
    (#4380,#4381)
    ,(#4382,#4383
    )),.UNSPECIFIED.,.F.,.F.,.F.,(2,2),(2,2),(0.,2.590518689767),(0.,1.)
  ,.PIECEWISE_BEZIER_KNOTS.);
#4380 = CARTESIAN_POINT('',(-1.1,1.279799853066,0.));
#4381 = CARTESIAN_POINT('',(-1.1,1.295259344883,0.22));
#4382 = CARTESIAN_POINT('',(-1.1,-1.279799853066,0.));
#4383 = CARTESIAN_POINT('',(-1.1,-1.295259344883,0.22));
#4384 = ADVANCED_FACE('',(#4385),#4391,.T.);
#4385 = FACE_BOUND('',#4386,.T.);
#4386 = EDGE_LOOP('',(#4387,#4388,#4389,#4390));
#4387 = ORIENTED_EDGE('',*,*,#4037,.T.);
#4388 = ORIENTED_EDGE('',*,*,#4084,.T.);
#4389 = ORIENTED_EDGE('',*,*,#4122,.F.);
#4390 = ORIENTED_EDGE('',*,*,#4098,.F.);
#4391 = B_SPLINE_SURFACE_WITH_KNOTS('',1,1,(
    (#4392,#4393)
    ,(#4394,#4395
    )),.UNSPECIFIED.,.F.,.F.,.F.,(2,2),(2,2),(0.,2.7),(0.,1.),
  .PIECEWISE_BEZIER_KNOTS.);
#4392 = CARTESIAN_POINT('',(-2.28,1.35,0.999));
#4393 = CARTESIAN_POINT('',(-2.194199820414,1.264199820414,2.22));
#4394 = CARTESIAN_POINT('',(-2.28,-1.35,0.999));
#4395 = CARTESIAN_POINT('',(-2.194199820414,-1.264199820414,2.22));
#4396 = ADVANCED_FACE('',(#4397),#4408,.F.);
#4397 = FACE_BOUND('',#4398,.F.);
#4398 = EDGE_LOOP('',(#4399,#4400,#4401,#4407));
#4399 = ORIENTED_EDGE('',*,*,#4020,.F.);
#4400 = ORIENTED_EDGE('',*,*,#4337,.T.);
#4401 = ORIENTED_EDGE('',*,*,#4402,.T.);
#4402 = EDGE_CURVE('',#4338,#4248,#4403,.T.);
#4403 = LINE('',#4404,#4405);
#4404 = CARTESIAN_POINT('',(-2.28,-0.75,0.2222));
#4405 = VECTOR('',#4406,1.);
#4406 = DIRECTION('',(2.22044604925E-16,1.,0.));
#4407 = ORIENTED_EDGE('',*,*,#4255,.T.);
#4408 = PLANE('',#4409);
#4409 = AXIS2_PLACEMENT_3D('',#4410,#4411,#4412);
#4410 = CARTESIAN_POINT('',(-1.71,4.440892098501E-16,0.2222));
#4411 = DIRECTION('',(0.,-0.,-1.));
#4412 = DIRECTION('',(-2.22044604925E-16,-1.,0.));
#4413 = ADVANCED_FACE('',(#4414),#4437,.F.);
#4414 = FACE_BOUND('',#4415,.F.);
#4415 = EDGE_LOOP('',(#4416,#4426,#4431,#4432));
#4416 = ORIENTED_EDGE('',*,*,#4417,.T.);
#4417 = EDGE_CURVE('',#4418,#4420,#4422,.T.);
#4418 = VERTEX_POINT('',#4419);
#4419 = CARTESIAN_POINT('',(-1.508399640828,1.178399640828,2.2178));
#4420 = VERTEX_POINT('',#4421);
#4421 = CARTESIAN_POINT('',(-2.108399640828,1.178399640828,2.2178));
#4422 = LINE('',#4423,#4424);
#4423 = CARTESIAN_POINT('',(-1.508399640828,1.178399640828,2.2178));
#4424 = VECTOR('',#4425,1.);
#4425 = DIRECTION('',(-1.,2.22044604925E-16,0.));
#4426 = ORIENTED_EDGE('',*,*,#4427,.T.);
#4427 = EDGE_CURVE('',#4420,#4134,#4428,.T.);
#4428 = B_SPLINE_CURVE_WITH_KNOTS('',1,(#4429,#4430),.UNSPECIFIED.,.F.,
  .F.,(2,2),(0.,1.),.PIECEWISE_BEZIER_KNOTS.);
#4429 = CARTESIAN_POINT('',(-2.108399640828,1.178399640828,2.2178));
#4430 = CARTESIAN_POINT('',(-2.108399640828,1.178399640828,2.22));
#4431 = ORIENTED_EDGE('',*,*,#4131,.F.);
#4432 = ORIENTED_EDGE('',*,*,#4433,.F.);
#4433 = EDGE_CURVE('',#4418,#4132,#4434,.T.);
#4434 = B_SPLINE_CURVE_WITH_KNOTS('',1,(#4435,#4436),.UNSPECIFIED.,.F.,
  .F.,(2,2),(0.,1.),.PIECEWISE_BEZIER_KNOTS.);
#4435 = CARTESIAN_POINT('',(-1.508399640828,1.178399640828,2.2178));
#4436 = CARTESIAN_POINT('',(-1.508399640828,1.178399640828,2.22));
#4437 = PLANE('',#4438);
#4438 = AXIS2_PLACEMENT_3D('',#4439,#4440,#4441);
#4439 = CARTESIAN_POINT('',(-1.508399640828,1.178399640828,2.22));
#4440 = DIRECTION('',(2.22044604925E-16,1.,0.));
#4441 = DIRECTION('',(-1.,2.22044604925E-16,0.));
#4442 = ADVANCED_FACE('',(#4443),#4460,.F.);
#4443 = FACE_BOUND('',#4444,.F.);
#4444 = EDGE_LOOP('',(#4445,#4453,#4454,#4455));
#4445 = ORIENTED_EDGE('',*,*,#4446,.T.);
#4446 = EDGE_CURVE('',#4447,#4418,#4449,.T.);
#4447 = VERTEX_POINT('',#4448);
#4448 = CARTESIAN_POINT('',(-1.508399640828,-1.178399640828,2.2178));
#4449 = LINE('',#4450,#4451);
#4450 = CARTESIAN_POINT('',(-1.508399640828,-1.178399640828,2.2178));
#4451 = VECTOR('',#4452,1.);
#4452 = DIRECTION('',(2.22044604925E-16,1.,0.));
#4453 = ORIENTED_EDGE('',*,*,#4433,.T.);
#4454 = ORIENTED_EDGE('',*,*,#4157,.F.);
#4455 = ORIENTED_EDGE('',*,*,#4456,.F.);
#4456 = EDGE_CURVE('',#4447,#4150,#4457,.T.);
#4457 = B_SPLINE_CURVE_WITH_KNOTS('',1,(#4458,#4459),.UNSPECIFIED.,.F.,
  .F.,(2,2),(0.,1.),.PIECEWISE_BEZIER_KNOTS.);
#4458 = CARTESIAN_POINT('',(-1.508399640828,-1.178399640828,2.2178));
#4459 = CARTESIAN_POINT('',(-1.508399640828,-1.178399640828,2.22));
#4460 = PLANE('',#4461);
#4461 = AXIS2_PLACEMENT_3D('',#4462,#4463,#4464);
#4462 = CARTESIAN_POINT('',(-1.508399640828,-1.178399640828,2.22));
#4463 = DIRECTION('',(1.,-2.22044604925E-16,0.));
#4464 = DIRECTION('',(2.22044604925E-16,1.,0.));
#4465 = ADVANCED_FACE('',(#4466),#4483,.F.);
#4466 = FACE_BOUND('',#4467,.F.);
#4467 = EDGE_LOOP('',(#4468,#4476,#4477,#4478));
#4468 = ORIENTED_EDGE('',*,*,#4469,.T.);
#4469 = EDGE_CURVE('',#4470,#4447,#4472,.T.);
#4470 = VERTEX_POINT('',#4471);
#4471 = CARTESIAN_POINT('',(-2.108399640828,-1.178399640828,2.2178));
#4472 = LINE('',#4473,#4474);
#4473 = CARTESIAN_POINT('',(-2.108399640828,-1.178399640828,2.2178));
#4474 = VECTOR('',#4475,1.);
#4475 = DIRECTION('',(1.,-2.22044604925E-16,0.));
#4476 = ORIENTED_EDGE('',*,*,#4456,.T.);
#4477 = ORIENTED_EDGE('',*,*,#4149,.F.);
#4478 = ORIENTED_EDGE('',*,*,#4479,.F.);
#4479 = EDGE_CURVE('',#4470,#4142,#4480,.T.);
#4480 = B_SPLINE_CURVE_WITH_KNOTS('',1,(#4481,#4482),.UNSPECIFIED.,.F.,
  .F.,(2,2),(0.,1.),.PIECEWISE_BEZIER_KNOTS.);
#4481 = CARTESIAN_POINT('',(-2.108399640828,-1.178399640828,2.2178));
#4482 = CARTESIAN_POINT('',(-2.108399640828,-1.178399640828,2.22));
#4483 = PLANE('',#4484);
#4484 = AXIS2_PLACEMENT_3D('',#4485,#4486,#4487);
#4485 = CARTESIAN_POINT('',(-2.108399640828,-1.178399640828,2.22));
#4486 = DIRECTION('',(-2.22044604925E-16,-1.,0.));
#4487 = DIRECTION('',(1.,-2.22044604925E-16,0.));
#4488 = ADVANCED_FACE('',(#4489),#4500,.F.);
#4489 = FACE_BOUND('',#4490,.F.);
#4490 = EDGE_LOOP('',(#4491,#4497,#4498,#4499));
#4491 = ORIENTED_EDGE('',*,*,#4492,.T.);
#4492 = EDGE_CURVE('',#4420,#4470,#4493,.T.);
#4493 = LINE('',#4494,#4495);
#4494 = CARTESIAN_POINT('',(-2.108399640828,1.178399640828,2.2178));
#4495 = VECTOR('',#4496,1.);
#4496 = DIRECTION('',(-2.22044604925E-16,-1.,0.));
#4497 = ORIENTED_EDGE('',*,*,#4479,.T.);
#4498 = ORIENTED_EDGE('',*,*,#4141,.F.);
#4499 = ORIENTED_EDGE('',*,*,#4427,.F.);
#4500 = PLANE('',#4501);
#4501 = AXIS2_PLACEMENT_3D('',#4502,#4503,#4504);
#4502 = CARTESIAN_POINT('',(-2.108399640828,1.178399640828,2.22));
#4503 = DIRECTION('',(-1.,2.22044604925E-16,0.));
#4504 = DIRECTION('',(-2.22044604925E-16,-1.,0.));
#4505 = ADVANCED_FACE('',(#4506),#4522,.T.);
#4506 = FACE_BOUND('',#4507,.T.);
#4507 = EDGE_LOOP('',(#4508,#4514,#4515,#4521));
#4508 = ORIENTED_EDGE('',*,*,#4509,.T.);
#4509 = EDGE_CURVE('',#4310,#4212,#4510,.T.);
#4510 = LINE('',#4511,#4512);
#4511 = CARTESIAN_POINT('',(-2.5,-0.75,0.146666666667));
#4512 = VECTOR('',#4513,1.);
#4513 = DIRECTION('',(2.22044604925E-16,1.,0.));
#4514 = ORIENTED_EDGE('',*,*,#4211,.T.);
#4515 = ORIENTED_EDGE('',*,*,#4516,.F.);
#4516 = EDGE_CURVE('',#4320,#4214,#4517,.T.);
#4517 = LINE('',#4518,#4519);
#4518 = CARTESIAN_POINT('',(-2.353333333333,-0.75,-2.775557561563E-17));
#4519 = VECTOR('',#4520,1.);
#4520 = DIRECTION('',(2.22044604925E-16,1.,0.));
#4521 = ORIENTED_EDGE('',*,*,#4319,.F.);
#4522 = CYLINDRICAL_SURFACE('',#4523,0.146666666667);
#4523 = AXIS2_PLACEMENT_3D('',#4524,#4525,#4526);
#4524 = CARTESIAN_POINT('',(-2.353333333333,-0.75,0.146666666667));
#4525 = DIRECTION('',(2.22044604925E-16,1.,0.));
#4526 = DIRECTION('',(-1.,2.22044604925E-16,0.));
#4527 = ADVANCED_FACE('',(#4528),#4534,.T.);
#4528 = FACE_BOUND('',#4529,.T.);
#4529 = EDGE_LOOP('',(#4530,#4531,#4532,#4533));
#4530 = ORIENTED_EDGE('',*,*,#4328,.T.);
#4531 = ORIENTED_EDGE('',*,*,#4516,.T.);
#4532 = ORIENTED_EDGE('',*,*,#4271,.T.);
#4533 = ORIENTED_EDGE('',*,*,#4285,.T.);
#4534 = PLANE('',#4535);
#4535 = AXIS2_PLACEMENT_3D('',#4536,#4537,#4538);
#4536 = CARTESIAN_POINT('',(-1.746666666667,3.878379099357E-16,
    -7.671995716851E-18));
#4537 = DIRECTION('',(1.332277103521E-17,-2.579688262589E-33,-1.));
#4538 = DIRECTION('',(1.,-2.22044604925E-16,1.332277103521E-17));
#4539 = ADVANCED_FACE('',(#4540),#4551,.T.);
#4540 = FACE_BOUND('',#4541,.T.);
#4541 = EDGE_LOOP('',(#4542,#4543,#4544,#4550));
#4542 = ORIENTED_EDGE('',*,*,#4402,.T.);
#4543 = ORIENTED_EDGE('',*,*,#4247,.T.);
#4544 = ORIENTED_EDGE('',*,*,#4545,.T.);
#4545 = EDGE_CURVE('',#4240,#4346,#4546,.T.);
#4546 = LINE('',#4547,#4548);
#4547 = CARTESIAN_POINT('',(-2.28,0.75,0.98901));
#4548 = VECTOR('',#4549,1.);
#4549 = DIRECTION('',(-2.22044604925E-16,-1.,0.));
#4550 = ORIENTED_EDGE('',*,*,#4345,.F.);
#4551 = PLANE('',#4552);
#4552 = AXIS2_PLACEMENT_3D('',#4553,#4554,#4555);
#4553 = CARTESIAN_POINT('',(-2.28,0.75,0.));
#4554 = DIRECTION('',(1.,-2.22044604925E-16,0.));
#4555 = DIRECTION('',(-2.22044604925E-16,-1.,0.));
#4556 = ADVANCED_FACE('',(#4557),#4568,.F.);
#4557 = FACE_BOUND('',#4558,.F.);
#4558 = EDGE_LOOP('',(#4559,#4560,#4566,#4567));
#4559 = ORIENTED_EDGE('',*,*,#4353,.T.);
#4560 = ORIENTED_EDGE('',*,*,#4561,.T.);
#4561 = EDGE_CURVE('',#4354,#4231,#4562,.T.);
#4562 = LINE('',#4563,#4564);
#4563 = CARTESIAN_POINT('',(-2.353333333333,-0.75,0.98901));
#4564 = VECTOR('',#4565,1.);
#4565 = DIRECTION('',(2.22044604925E-16,1.,0.));
#4566 = ORIENTED_EDGE('',*,*,#4239,.T.);
#4567 = ORIENTED_EDGE('',*,*,#4545,.T.);
#4568 = PLANE('',#4569);
#4569 = AXIS2_PLACEMENT_3D('',#4570,#4571,#4572);
#4570 = CARTESIAN_POINT('',(-2.39,4.440892098501E-16,0.98901));
#4571 = DIRECTION('',(0.,-0.,-1.));
#4572 = DIRECTION('',(-2.22044604925E-16,-1.,0.));
#4573 = ADVANCED_FACE('',(#4574),#4585,.T.);
#4574 = FACE_BOUND('',#4575,.T.);
#4575 = EDGE_LOOP('',(#4576,#4577,#4578,#4579));
#4576 = ORIENTED_EDGE('',*,*,#4361,.T.);
#4577 = ORIENTED_EDGE('',*,*,#4561,.T.);
#4578 = ORIENTED_EDGE('',*,*,#4230,.F.);
#4579 = ORIENTED_EDGE('',*,*,#4580,.F.);
#4580 = EDGE_CURVE('',#4312,#4223,#4581,.T.);
#4581 = LINE('',#4582,#4583);
#4582 = CARTESIAN_POINT('',(-2.5,-0.75,0.842343333333));
#4583 = VECTOR('',#4584,1.);
#4584 = DIRECTION('',(2.22044604925E-16,1.,0.));
#4585 = CYLINDRICAL_SURFACE('',#4586,0.146666666667);
#4586 = AXIS2_PLACEMENT_3D('',#4587,#4588,#4589);
#4587 = CARTESIAN_POINT('',(-2.353333333333,-0.75,0.842343333333));
#4588 = DIRECTION('',(2.22044604925E-16,1.,0.));
#4589 = DIRECTION('',(-1.,2.22044604925E-16,0.));
#4590 = ADVANCED_FACE('',(#4591),#4597,.T.);
#4591 = FACE_BOUND('',#4592,.T.);
#4592 = EDGE_LOOP('',(#4593,#4594,#4595,#4596));
#4593 = ORIENTED_EDGE('',*,*,#4309,.T.);
#4594 = ORIENTED_EDGE('',*,*,#4580,.T.);
#4595 = ORIENTED_EDGE('',*,*,#4222,.F.);
#4596 = ORIENTED_EDGE('',*,*,#4509,.F.);
#4597 = PLANE('',#4598);
#4598 = AXIS2_PLACEMENT_3D('',#4599,#4600,#4601);
#4599 = CARTESIAN_POINT('',(-2.5,-0.75,0.));
#4600 = DIRECTION('',(-1.,2.22044604925E-16,0.));
#4601 = DIRECTION('',(2.22044604925E-16,1.,0.));
#4602 = ADVANCED_FACE('',(#4603),#4609,.F.);
#4603 = FACE_BOUND('',#4604,.T.);
#4604 = EDGE_LOOP('',(#4605,#4606,#4607,#4608));
#4605 = ORIENTED_EDGE('',*,*,#4446,.T.);
#4606 = ORIENTED_EDGE('',*,*,#4417,.T.);
#4607 = ORIENTED_EDGE('',*,*,#4492,.T.);
#4608 = ORIENTED_EDGE('',*,*,#4469,.T.);
#4609 = PLANE('',#4610);
#4610 = AXIS2_PLACEMENT_3D('',#4611,#4612,#4613);
#4611 = CARTESIAN_POINT('',(-1.508399640828,-1.178399640828,2.2178));
#4612 = DIRECTION('',(0.,0.,-1.));
#4613 = DIRECTION('',(-0.246713052972,0.969088576701,0.));
#4614 = ( GEOMETRIC_REPRESENTATION_CONTEXT(3) 
GLOBAL_UNCERTAINTY_ASSIGNED_CONTEXT((#4618)) 
GLOBAL_UNIT_ASSIGNED_CONTEXT((#4615,#4616,#4617)) REPRESENTATION_CONTEXT
('Context #1','3D Context with UNIT and UNCERTAINTY') );
#4615 = ( LENGTH_UNIT() NAMED_UNIT(*) SI_UNIT(.MILLI.,.METRE.) );
#4616 = ( NAMED_UNIT(*) PLANE_ANGLE_UNIT() SI_UNIT($,.RADIAN.) );
#4617 = ( NAMED_UNIT(*) SI_UNIT($,.STERADIAN.) SOLID_ANGLE_UNIT() );
#4618 = UNCERTAINTY_MEASURE_WITH_UNIT(LENGTH_MEASURE(1.E-07),#4615,
  'distance_accuracy_value','confusion accuracy');
#4619 = CONTEXT_DEPENDENT_SHAPE_REPRESENTATION(#4620,#4622);
#4620 = ( REPRESENTATION_RELATIONSHIP('','',#3405,#3382) 
REPRESENTATION_RELATIONSHIP_WITH_TRANSFORMATION(#4621) 
SHAPE_REPRESENTATION_RELATIONSHIP() );
#4621 = ITEM_DEFINED_TRANSFORMATION('','',#11,#3383);
#4622 = PRODUCT_DEFINITION_SHAPE('Placement','Placement of an item',
  #4623);
#4623 = NEXT_ASSEMBLY_USAGE_OCCURRENCE('27','=>[0:1:1:13]','',#3377,
  #3400,$);
#4624 = PRODUCT_RELATED_PRODUCT_CATEGORY('part',$,(#3402));
#4625 = CONTEXT_DEPENDENT_SHAPE_REPRESENTATION(#4626,#4628);
#4626 = ( REPRESENTATION_RELATIONSHIP('','',#144,#10) 
REPRESENTATION_RELATIONSHIP_WITH_TRANSFORMATION(#4627) 
SHAPE_REPRESENTATION_RELATIONSHIP() );
#4627 = ITEM_DEFINED_TRANSFORMATION('','',#11,#103);
#4628 = PRODUCT_DEFINITION_SHAPE('Placement','Placement of an item',
  #4629);
#4629 = NEXT_ASSEMBLY_USAGE_OCCURRENCE('29','R4','',#5,#139,$);
#4630 = SHAPE_DEFINITION_REPRESENTATION(#4631,#4637);
#4631 = PRODUCT_DEFINITION_SHAPE('','',#4632);
#4632 = PRODUCT_DEFINITION('design','',#4633,#4636);
#4633 = PRODUCT_DEFINITION_FORMATION('','',#4634);
#4634 = PRODUCT('TerminalBlock_Kefa_KF128-5.08_1x02_box',
  'TerminalBlock_Kefa_KF128-5.08_1x02_box','',(#4635));
#4635 = PRODUCT_CONTEXT('',#2,'mechanical');
#4636 = PRODUCT_DEFINITION_CONTEXT('part definition',#2,'design');
#4637 = SHAPE_REPRESENTATION('',(#11,#4638),#4642);
#4638 = AXIS2_PLACEMENT_3D('',#4639,#4640,#4641);
#4639 = CARTESIAN_POINT('',(0.,0.,0.));
#4640 = DIRECTION('',(0.,0.,1.));
#4641 = DIRECTION('',(1.,0.,-0.));
#4642 = ( GEOMETRIC_REPRESENTATION_CONTEXT(3) 
GLOBAL_UNCERTAINTY_ASSIGNED_CONTEXT((#4646)) 
GLOBAL_UNIT_ASSIGNED_CONTEXT((#4643,#4644,#4645)) REPRESENTATION_CONTEXT
('Context #1','3D Context with UNIT and UNCERTAINTY') );
#4643 = ( LENGTH_UNIT() NAMED_UNIT(*) SI_UNIT(.MILLI.,.METRE.) );
#4644 = ( NAMED_UNIT(*) PLANE_ANGLE_UNIT() SI_UNIT($,.RADIAN.) );
#4645 = ( NAMED_UNIT(*) SI_UNIT($,.STERADIAN.) SOLID_ANGLE_UNIT() );
#4646 = UNCERTAINTY_MEASURE_WITH_UNIT(LENGTH_MEASURE(1.E-07),#4643,
  'distance_accuracy_value','confusion accuracy');
#4647 = CONTEXT_DEPENDENT_SHAPE_REPRESENTATION(#4648,#4650);
#4648 = ( REPRESENTATION_RELATIONSHIP('','',#4637,#10) 
REPRESENTATION_RELATIONSHIP_WITH_TRANSFORMATION(#4649) 
SHAPE_REPRESENTATION_RELATIONSHIP() );
#4649 = ITEM_DEFINED_TRANSFORMATION('','',#11,#107);
#4650 = PRODUCT_DEFINITION_SHAPE('Placement','Placement of an item',
  #4651);
#4651 = NEXT_ASSEMBLY_USAGE_OCCURRENCE('31','J1','',#5,#4632,$);
#4652 = PRODUCT_RELATED_PRODUCT_CATEGORY('part',$,(#4634));
#4653 = SHAPE_DEFINITION_REPRESENTATION(#4654,#4660);
#4654 = PRODUCT_DEFINITION_SHAPE('','',#4655);
#4655 = PRODUCT_DEFINITION('design','',#4656,#4659);
#4656 = PRODUCT_DEFINITION_FORMATION('','',#4657);
#4657 = PRODUCT('TerminalBlock_Kefa_KF128-5.08_1x02_box',
  'TerminalBlock_Kefa_KF128-5.08_1x02_box','',(#4658));
#4658 = PRODUCT_CONTEXT('',#2,'mechanical');
#4659 = PRODUCT_DEFINITION_CONTEXT('part definition',#2,'design');
#4660 = ADVANCED_BREP_SHAPE_REPRESENTATION('',(#11,#4661),#4811);
#4661 = MANIFOLD_SOLID_BREP('',#4662);
#4662 = CLOSED_SHELL('',(#4663,#4703,#4743,#4765,#4782,#4799));
#4663 = ADVANCED_FACE('',(#4664),#4698,.T.);
#4664 = FACE_BOUND('',#4665,.T.);
#4665 = EDGE_LOOP('',(#4666,#4676,#4684,#4692));
#4666 = ORIENTED_EDGE('',*,*,#4667,.T.);
#4667 = EDGE_CURVE('',#4668,#4670,#4672,.T.);
#4668 = VERTEX_POINT('',#4669);
#4669 = CARTESIAN_POINT('',(-2.54,-5.3,0.));
#4670 = VERTEX_POINT('',#4671);
#4671 = CARTESIAN_POINT('',(-2.54,5.4,0.));
#4672 = LINE('',#4673,#4674);
#4673 = CARTESIAN_POINT('',(-2.54,-5.3,0.));
#4674 = VECTOR('',#4675,1.);
#4675 = DIRECTION('',(0.,1.,0.));
#4676 = ORIENTED_EDGE('',*,*,#4677,.T.);
#4677 = EDGE_CURVE('',#4670,#4678,#4680,.T.);
#4678 = VERTEX_POINT('',#4679);
#4679 = CARTESIAN_POINT('',(7.62,5.4,0.));
#4680 = LINE('',#4681,#4682);
#4681 = CARTESIAN_POINT('',(-2.54,5.4,0.));
#4682 = VECTOR('',#4683,1.);
#4683 = DIRECTION('',(1.,0.,0.));
#4684 = ORIENTED_EDGE('',*,*,#4685,.T.);
#4685 = EDGE_CURVE('',#4678,#4686,#4688,.T.);
#4686 = VERTEX_POINT('',#4687);
#4687 = CARTESIAN_POINT('',(7.62,-5.3,0.));
#4688 = LINE('',#4689,#4690);
#4689 = CARTESIAN_POINT('',(7.62,5.4,0.));
#4690 = VECTOR('',#4691,1.);
#4691 = DIRECTION('',(0.,-1.,0.));
#4692 = ORIENTED_EDGE('',*,*,#4693,.T.);
#4693 = EDGE_CURVE('',#4686,#4668,#4694,.T.);
#4694 = LINE('',#4695,#4696);
#4695 = CARTESIAN_POINT('',(7.62,-5.3,0.));
#4696 = VECTOR('',#4697,1.);
#4697 = DIRECTION('',(-1.,0.,0.));
#4698 = PLANE('',#4699);
#4699 = AXIS2_PLACEMENT_3D('',#4700,#4701,#4702);
#4700 = CARTESIAN_POINT('',(-2.54,-5.3,0.));
#4701 = DIRECTION('',(0.,0.,-1.));
#4702 = DIRECTION('',(1.,0.,0.));
#4703 = ADVANCED_FACE('',(#4704),#4738,.T.);
#4704 = FACE_BOUND('',#4705,.T.);
#4705 = EDGE_LOOP('',(#4706,#4716,#4724,#4732));
#4706 = ORIENTED_EDGE('',*,*,#4707,.T.);
#4707 = EDGE_CURVE('',#4708,#4710,#4712,.T.);
#4708 = VERTEX_POINT('',#4709);
#4709 = CARTESIAN_POINT('',(-2.54,-5.3,14.1));
#4710 = VERTEX_POINT('',#4711);
#4711 = CARTESIAN_POINT('',(7.62,-5.3,14.1));
#4712 = LINE('',#4713,#4714);
#4713 = CARTESIAN_POINT('',(-2.54,-5.3,14.1));
#4714 = VECTOR('',#4715,1.);
#4715 = DIRECTION('',(1.,0.,0.));
#4716 = ORIENTED_EDGE('',*,*,#4717,.T.);
#4717 = EDGE_CURVE('',#4710,#4718,#4720,.T.);
#4718 = VERTEX_POINT('',#4719);
#4719 = CARTESIAN_POINT('',(7.62,5.4,14.1));
#4720 = LINE('',#4721,#4722);
#4721 = CARTESIAN_POINT('',(7.62,-5.3,14.1));
#4722 = VECTOR('',#4723,1.);
#4723 = DIRECTION('',(0.,1.,0.));
#4724 = ORIENTED_EDGE('',*,*,#4725,.T.);
#4725 = EDGE_CURVE('',#4718,#4726,#4728,.T.);
#4726 = VERTEX_POINT('',#4727);
#4727 = CARTESIAN_POINT('',(-2.54,5.4,14.1));
#4728 = LINE('',#4729,#4730);
#4729 = CARTESIAN_POINT('',(7.62,5.4,14.1));
#4730 = VECTOR('',#4731,1.);
#4731 = DIRECTION('',(-1.,0.,0.));
#4732 = ORIENTED_EDGE('',*,*,#4733,.T.);
#4733 = EDGE_CURVE('',#4726,#4708,#4734,.T.);
#4734 = LINE('',#4735,#4736);
#4735 = CARTESIAN_POINT('',(-2.54,5.4,14.1));
#4736 = VECTOR('',#4737,1.);
#4737 = DIRECTION('',(0.,-1.,0.));
#4738 = PLANE('',#4739);
#4739 = AXIS2_PLACEMENT_3D('',#4740,#4741,#4742);
#4740 = CARTESIAN_POINT('',(-2.54,-5.3,14.1));
#4741 = DIRECTION('',(0.,0.,1.));
#4742 = DIRECTION('',(1.,0.,-0.));
#4743 = ADVANCED_FACE('',(#4744),#4760,.T.);
#4744 = FACE_BOUND('',#4745,.T.);
#4745 = EDGE_LOOP('',(#4746,#4747,#4753,#4754));
#4746 = ORIENTED_EDGE('',*,*,#4693,.F.);
#4747 = ORIENTED_EDGE('',*,*,#4748,.T.);
#4748 = EDGE_CURVE('',#4686,#4710,#4749,.T.);
#4749 = LINE('',#4750,#4751);
#4750 = CARTESIAN_POINT('',(7.62,-5.3,0.));
#4751 = VECTOR('',#4752,1.);
#4752 = DIRECTION('',(0.,0.,1.));
#4753 = ORIENTED_EDGE('',*,*,#4707,.F.);
#4754 = ORIENTED_EDGE('',*,*,#4755,.T.);
#4755 = EDGE_CURVE('',#4708,#4668,#4756,.T.);
#4756 = LINE('',#4757,#4758);
#4757 = CARTESIAN_POINT('',(-2.54,-5.3,14.1));
#4758 = VECTOR('',#4759,1.);
#4759 = DIRECTION('',(0.,0.,-1.));
#4760 = PLANE('',#4761);
#4761 = AXIS2_PLACEMENT_3D('',#4762,#4763,#4764);
#4762 = CARTESIAN_POINT('',(-2.54,-5.3,0.));
#4763 = DIRECTION('',(0.,-1.,0.));
#4764 = DIRECTION('',(1.,0.,0.));
#4765 = ADVANCED_FACE('',(#4766),#4777,.T.);
#4766 = FACE_BOUND('',#4767,.T.);
#4767 = EDGE_LOOP('',(#4768,#4769,#4775,#4776));
#4768 = ORIENTED_EDGE('',*,*,#4685,.F.);
#4769 = ORIENTED_EDGE('',*,*,#4770,.T.);
#4770 = EDGE_CURVE('',#4678,#4718,#4771,.T.);
#4771 = LINE('',#4772,#4773);
#4772 = CARTESIAN_POINT('',(7.62,5.4,0.));
#4773 = VECTOR('',#4774,1.);
#4774 = DIRECTION('',(0.,0.,1.));
#4775 = ORIENTED_EDGE('',*,*,#4717,.F.);
#4776 = ORIENTED_EDGE('',*,*,#4748,.F.);
#4777 = PLANE('',#4778);
#4778 = AXIS2_PLACEMENT_3D('',#4779,#4780,#4781);
#4779 = CARTESIAN_POINT('',(7.62,-5.3,0.));
#4780 = DIRECTION('',(1.,0.,0.));
#4781 = DIRECTION('',(-0.,1.,0.));
#4782 = ADVANCED_FACE('',(#4783),#4794,.T.);
#4783 = FACE_BOUND('',#4784,.T.);
#4784 = EDGE_LOOP('',(#4785,#4786,#4792,#4793));
#4785 = ORIENTED_EDGE('',*,*,#4677,.F.);
#4786 = ORIENTED_EDGE('',*,*,#4787,.T.);
#4787 = EDGE_CURVE('',#4670,#4726,#4788,.T.);
#4788 = LINE('',#4789,#4790);
#4789 = CARTESIAN_POINT('',(-2.54,5.4,0.));
#4790 = VECTOR('',#4791,1.);
#4791 = DIRECTION('',(0.,0.,1.));
#4792 = ORIENTED_EDGE('',*,*,#4725,.F.);
#4793 = ORIENTED_EDGE('',*,*,#4770,.F.);
#4794 = PLANE('',#4795);
#4795 = AXIS2_PLACEMENT_3D('',#4796,#4797,#4798);
#4796 = CARTESIAN_POINT('',(7.62,5.4,0.));
#4797 = DIRECTION('',(0.,1.,0.));
#4798 = DIRECTION('',(1.,0.,0.));
#4799 = ADVANCED_FACE('',(#4800),#4806,.T.);
#4800 = FACE_BOUND('',#4801,.T.);
#4801 = EDGE_LOOP('',(#4802,#4803,#4804,#4805));
#4802 = ORIENTED_EDGE('',*,*,#4667,.F.);
#4803 = ORIENTED_EDGE('',*,*,#4755,.F.);
#4804 = ORIENTED_EDGE('',*,*,#4733,.F.);
#4805 = ORIENTED_EDGE('',*,*,#4787,.F.);
#4806 = PLANE('',#4807);
#4807 = AXIS2_PLACEMENT_3D('',#4808,#4809,#4810);
#4808 = CARTESIAN_POINT('',(-2.54,5.4,0.));
#4809 = DIRECTION('',(-1.,0.,0.));
#4810 = DIRECTION('',(0.,1.,0.));
#4811 = ( GEOMETRIC_REPRESENTATION_CONTEXT(3) 
GLOBAL_UNCERTAINTY_ASSIGNED_CONTEXT((#4815)) 
GLOBAL_UNIT_ASSIGNED_CONTEXT((#4812,#4813,#4814)) REPRESENTATION_CONTEXT
('Context #1','3D Context with UNIT and UNCERTAINTY') );
#4812 = ( LENGTH_UNIT() NAMED_UNIT(*) SI_UNIT(.MILLI.,.METRE.) );
#4813 = ( NAMED_UNIT(*) PLANE_ANGLE_UNIT() SI_UNIT($,.RADIAN.) );
#4814 = ( NAMED_UNIT(*) SI_UNIT($,.STERADIAN.) SOLID_ANGLE_UNIT() );
#4815 = UNCERTAINTY_MEASURE_WITH_UNIT(LENGTH_MEASURE(1.E-07),#4812,
  'distance_accuracy_value','confusion accuracy');
#4816 = CONTEXT_DEPENDENT_SHAPE_REPRESENTATION(#4817,#4819);
#4817 = ( REPRESENTATION_RELATIONSHIP('','',#4660,#4637) 
REPRESENTATION_RELATIONSHIP_WITH_TRANSFORMATION(#4818) 
SHAPE_REPRESENTATION_RELATIONSHIP() );
#4818 = ITEM_DEFINED_TRANSFORMATION('','',#11,#4638);
#4819 = PRODUCT_DEFINITION_SHAPE('Placement','Placement of an item',
  #4820);
#4820 = NEXT_ASSEMBLY_USAGE_OCCURRENCE('30','=>[0:1:1:15]','',#4632,
  #4655,$);
#4821 = PRODUCT_RELATED_PRODUCT_CATEGORY('part',$,(#4657));
#4822 = SHAPE_DEFINITION_REPRESENTATION(#4823,#4829);
#4823 = PRODUCT_DEFINITION_SHAPE('','',#4824);
#4824 = PRODUCT_DEFINITION('design','',#4825,#4828);
#4825 = PRODUCT_DEFINITION_FORMATION('','',#4826);
#4826 = PRODUCT('HLK-PM01_box','HLK-PM01_box','',(#4827));
#4827 = PRODUCT_CONTEXT('',#2,'mechanical');
#4828 = PRODUCT_DEFINITION_CONTEXT('part definition',#2,'design');
#4829 = SHAPE_REPRESENTATION('',(#11,#4830),#4834);
#4830 = AXIS2_PLACEMENT_3D('',#4831,#4832,#4833);
#4831 = CARTESIAN_POINT('',(0.,0.,0.));
#4832 = DIRECTION('',(0.,0.,1.));
#4833 = DIRECTION('',(1.,0.,-0.));
#4834 = ( GEOMETRIC_REPRESENTATION_CONTEXT(3) 
GLOBAL_UNCERTAINTY_ASSIGNED_CONTEXT((#4838)) 
GLOBAL_UNIT_ASSIGNED_CONTEXT((#4835,#4836,#4837)) REPRESENTATION_CONTEXT
('Context #1','3D Context with UNIT and UNCERTAINTY') );
#4835 = ( LENGTH_UNIT() NAMED_UNIT(*) SI_UNIT(.MILLI.,.METRE.) );
#4836 = ( NAMED_UNIT(*) PLANE_ANGLE_UNIT() SI_UNIT($,.RADIAN.) );
#4837 = ( NAMED_UNIT(*) SI_UNIT($,.STERADIAN.) SOLID_ANGLE_UNIT() );
#4838 = UNCERTAINTY_MEASURE_WITH_UNIT(LENGTH_MEASURE(1.E-07),#4835,
  'distance_accuracy_value','confusion accuracy');
#4839 = CONTEXT_DEPENDENT_SHAPE_REPRESENTATION(#4840,#4842);
#4840 = ( REPRESENTATION_RELATIONSHIP('','',#4829,#10) 
REPRESENTATION_RELATIONSHIP_WITH_TRANSFORMATION(#4841) 
SHAPE_REPRESENTATION_RELATIONSHIP() );
#4841 = ITEM_DEFINED_TRANSFORMATION('','',#11,#111);
#4842 = PRODUCT_DEFINITION_SHAPE('Placement','Placement of an item',
  #4843);
#4843 = NEXT_ASSEMBLY_USAGE_OCCURRENCE('33','PS1','',#5,#4824,$);
#4844 = PRODUCT_RELATED_PRODUCT_CATEGORY('part',$,(#4826));
#4845 = SHAPE_DEFINITION_REPRESENTATION(#4846,#4852);
#4846 = PRODUCT_DEFINITION_SHAPE('','',#4847);
#4847 = PRODUCT_DEFINITION('design','',#4848,#4851);
#4848 = PRODUCT_DEFINITION_FORMATION('','',#4849);
#4849 = PRODUCT('HLK-PM01_box','HLK-PM01_box','',(#4850));
#4850 = PRODUCT_CONTEXT('',#2,'mechanical');
#4851 = PRODUCT_DEFINITION_CONTEXT('part definition',#2,'design');
#4852 = ADVANCED_BREP_SHAPE_REPRESENTATION('',(#11,#4853),#5003);
#4853 = MANIFOLD_SOLID_BREP('',#4854);
#4854 = CLOSED_SHELL('',(#4855,#4895,#4935,#4957,#4974,#4991));
#4855 = ADVANCED_FACE('',(#4856),#4890,.T.);
#4856 = FACE_BOUND('',#4857,.T.);
#4857 = EDGE_LOOP('',(#4858,#4868,#4876,#4884));
#4858 = ORIENTED_EDGE('',*,*,#4859,.T.);
#4859 = EDGE_CURVE('',#4860,#4862,#4864,.T.);
#4860 = VERTEX_POINT('',#4861);
#4861 = CARTESIAN_POINT('',(-2.3,-12.5,0.));
#4862 = VERTEX_POINT('',#4863);
#4863 = CARTESIAN_POINT('',(-2.3,7.5,0.));
#4864 = LINE('',#4865,#4866);
#4865 = CARTESIAN_POINT('',(-2.3,-12.5,0.));
#4866 = VECTOR('',#4867,1.);
#4867 = DIRECTION('',(0.,1.,0.));
#4868 = ORIENTED_EDGE('',*,*,#4869,.T.);
#4869 = EDGE_CURVE('',#4862,#4870,#4872,.T.);
#4870 = VERTEX_POINT('',#4871);
#4871 = CARTESIAN_POINT('',(31.7,7.5,0.));
#4872 = LINE('',#4873,#4874);
#4873 = CARTESIAN_POINT('',(-2.3,7.5,0.));
#4874 = VECTOR('',#4875,1.);
#4875 = DIRECTION('',(1.,0.,0.));
#4876 = ORIENTED_EDGE('',*,*,#4877,.T.);
#4877 = EDGE_CURVE('',#4870,#4878,#4880,.T.);
#4878 = VERTEX_POINT('',#4879);
#4879 = CARTESIAN_POINT('',(31.7,-12.5,0.));
#4880 = LINE('',#4881,#4882);
#4881 = CARTESIAN_POINT('',(31.7,7.5,0.));
#4882 = VECTOR('',#4883,1.);
#4883 = DIRECTION('',(0.,-1.,0.));
#4884 = ORIENTED_EDGE('',*,*,#4885,.T.);
#4885 = EDGE_CURVE('',#4878,#4860,#4886,.T.);
#4886 = LINE('',#4887,#4888);
#4887 = CARTESIAN_POINT('',(31.7,-12.5,0.));
#4888 = VECTOR('',#4889,1.);
#4889 = DIRECTION('',(-1.,0.,0.));
#4890 = PLANE('',#4891);
#4891 = AXIS2_PLACEMENT_3D('',#4892,#4893,#4894);
#4892 = CARTESIAN_POINT('',(-2.3,-12.5,0.));
#4893 = DIRECTION('',(0.,0.,-1.));
#4894 = DIRECTION('',(1.,0.,0.));
#4895 = ADVANCED_FACE('',(#4896),#4930,.T.);
#4896 = FACE_BOUND('',#4897,.T.);
#4897 = EDGE_LOOP('',(#4898,#4908,#4916,#4924));
#4898 = ORIENTED_EDGE('',*,*,#4899,.T.);
#4899 = EDGE_CURVE('',#4900,#4902,#4904,.T.);
#4900 = VERTEX_POINT('',#4901);
#4901 = CARTESIAN_POINT('',(-2.3,-12.5,15.));
#4902 = VERTEX_POINT('',#4903);
#4903 = CARTESIAN_POINT('',(31.7,-12.5,15.));
#4904 = LINE('',#4905,#4906);
#4905 = CARTESIAN_POINT('',(-2.3,-12.5,15.));
#4906 = VECTOR('',#4907,1.);
#4907 = DIRECTION('',(1.,0.,0.));
#4908 = ORIENTED_EDGE('',*,*,#4909,.T.);
#4909 = EDGE_CURVE('',#4902,#4910,#4912,.T.);
#4910 = VERTEX_POINT('',#4911);
#4911 = CARTESIAN_POINT('',(31.7,7.5,15.));
#4912 = LINE('',#4913,#4914);
#4913 = CARTESIAN_POINT('',(31.7,-12.5,15.));
#4914 = VECTOR('',#4915,1.);
#4915 = DIRECTION('',(0.,1.,0.));
#4916 = ORIENTED_EDGE('',*,*,#4917,.T.);
#4917 = EDGE_CURVE('',#4910,#4918,#4920,.T.);
#4918 = VERTEX_POINT('',#4919);
#4919 = CARTESIAN_POINT('',(-2.3,7.5,15.));
#4920 = LINE('',#4921,#4922);
#4921 = CARTESIAN_POINT('',(31.7,7.5,15.));
#4922 = VECTOR('',#4923,1.);
#4923 = DIRECTION('',(-1.,0.,0.));
#4924 = ORIENTED_EDGE('',*,*,#4925,.T.);
#4925 = EDGE_CURVE('',#4918,#4900,#4926,.T.);
#4926 = LINE('',#4927,#4928);
#4927 = CARTESIAN_POINT('',(-2.3,7.5,15.));
#4928 = VECTOR('',#4929,1.);
#4929 = DIRECTION('',(0.,-1.,0.));
#4930 = PLANE('',#4931);
#4931 = AXIS2_PLACEMENT_3D('',#4932,#4933,#4934);
#4932 = CARTESIAN_POINT('',(-2.3,-12.5,15.));
#4933 = DIRECTION('',(0.,0.,1.));
#4934 = DIRECTION('',(1.,0.,-0.));
#4935 = ADVANCED_FACE('',(#4936),#4952,.T.);
#4936 = FACE_BOUND('',#4937,.T.);
#4937 = EDGE_LOOP('',(#4938,#4939,#4945,#4946));
#4938 = ORIENTED_EDGE('',*,*,#4885,.F.);
#4939 = ORIENTED_EDGE('',*,*,#4940,.T.);
#4940 = EDGE_CURVE('',#4878,#4902,#4941,.T.);
#4941 = LINE('',#4942,#4943);
#4942 = CARTESIAN_POINT('',(31.7,-12.5,0.));
#4943 = VECTOR('',#4944,1.);
#4944 = DIRECTION('',(0.,0.,1.));
#4945 = ORIENTED_EDGE('',*,*,#4899,.F.);
#4946 = ORIENTED_EDGE('',*,*,#4947,.T.);
#4947 = EDGE_CURVE('',#4900,#4860,#4948,.T.);
#4948 = LINE('',#4949,#4950);
#4949 = CARTESIAN_POINT('',(-2.3,-12.5,15.));
#4950 = VECTOR('',#4951,1.);
#4951 = DIRECTION('',(0.,0.,-1.));
#4952 = PLANE('',#4953);
#4953 = AXIS2_PLACEMENT_3D('',#4954,#4955,#4956);
#4954 = CARTESIAN_POINT('',(-2.3,-12.5,0.));
#4955 = DIRECTION('',(0.,-1.,0.));
#4956 = DIRECTION('',(1.,0.,0.));
#4957 = ADVANCED_FACE('',(#4958),#4969,.T.);
#4958 = FACE_BOUND('',#4959,.T.);
#4959 = EDGE_LOOP('',(#4960,#4961,#4967,#4968));
#4960 = ORIENTED_EDGE('',*,*,#4877,.F.);
#4961 = ORIENTED_EDGE('',*,*,#4962,.T.);
#4962 = EDGE_CURVE('',#4870,#4910,#4963,.T.);
#4963 = LINE('',#4964,#4965);
#4964 = CARTESIAN_POINT('',(31.7,7.5,0.));
#4965 = VECTOR('',#4966,1.);
#4966 = DIRECTION('',(0.,0.,1.));
#4967 = ORIENTED_EDGE('',*,*,#4909,.F.);
#4968 = ORIENTED_EDGE('',*,*,#4940,.F.);
#4969 = PLANE('',#4970);
#4970 = AXIS2_PLACEMENT_3D('',#4971,#4972,#4973);
#4971 = CARTESIAN_POINT('',(31.7,-12.5,0.));
#4972 = DIRECTION('',(1.,0.,0.));
#4973 = DIRECTION('',(-0.,1.,0.));
#4974 = ADVANCED_FACE('',(#4975),#4986,.T.);
#4975 = FACE_BOUND('',#4976,.T.);
#4976 = EDGE_LOOP('',(#4977,#4978,#4984,#4985));
#4977 = ORIENTED_EDGE('',*,*,#4869,.F.);
#4978 = ORIENTED_EDGE('',*,*,#4979,.T.);
#4979 = EDGE_CURVE('',#4862,#4918,#4980,.T.);
#4980 = LINE('',#4981,#4982);
#4981 = CARTESIAN_POINT('',(-2.3,7.5,0.));
#4982 = VECTOR('',#4983,1.);
#4983 = DIRECTION('',(0.,0.,1.));
#4984 = ORIENTED_EDGE('',*,*,#4917,.F.);
#4985 = ORIENTED_EDGE('',*,*,#4962,.F.);
#4986 = PLANE('',#4987);
#4987 = AXIS2_PLACEMENT_3D('',#4988,#4989,#4990);
#4988 = CARTESIAN_POINT('',(31.7,7.5,0.));
#4989 = DIRECTION('',(0.,1.,0.));
#4990 = DIRECTION('',(1.,0.,0.));
#4991 = ADVANCED_FACE('',(#4992),#4998,.T.);
#4992 = FACE_BOUND('',#4993,.T.);
#4993 = EDGE_LOOP('',(#4994,#4995,#4996,#4997));
#4994 = ORIENTED_EDGE('',*,*,#4859,.F.);
#4995 = ORIENTED_EDGE('',*,*,#4947,.F.);
#4996 = ORIENTED_EDGE('',*,*,#4925,.F.);
#4997 = ORIENTED_EDGE('',*,*,#4979,.F.);
#4998 = PLANE('',#4999);
#4999 = AXIS2_PLACEMENT_3D('',#5000,#5001,#5002);
#5000 = CARTESIAN_POINT('',(-2.3,7.5,0.));
#5001 = DIRECTION('',(-1.,0.,0.));
#5002 = DIRECTION('',(0.,1.,0.));
#5003 = ( GEOMETRIC_REPRESENTATION_CONTEXT(3) 
GLOBAL_UNCERTAINTY_ASSIGNED_CONTEXT((#5007)) 
GLOBAL_UNIT_ASSIGNED_CONTEXT((#5004,#5005,#5006)) REPRESENTATION_CONTEXT
('Context #1','3D Context with UNIT and UNCERTAINTY') );
#5004 = ( LENGTH_UNIT() NAMED_UNIT(*) SI_UNIT(.MILLI.,.METRE.) );
#5005 = ( NAMED_UNIT(*) PLANE_ANGLE_UNIT() SI_UNIT($,.RADIAN.) );
#5006 = ( NAMED_UNIT(*) SI_UNIT($,.STERADIAN.) SOLID_ANGLE_UNIT() );
#5007 = UNCERTAINTY_MEASURE_WITH_UNIT(LENGTH_MEASURE(1.E-07),#5004,
  'distance_accuracy_value','confusion accuracy');
#5008 = CONTEXT_DEPENDENT_SHAPE_REPRESENTATION(#5009,#5011);
#5009 = ( REPRESENTATION_RELATIONSHIP('','',#4852,#4829) 
REPRESENTATION_RELATIONSHIP_WITH_TRANSFORMATION(#5010) 
SHAPE_REPRESENTATION_RELATIONSHIP() );
#5010 = ITEM_DEFINED_TRANSFORMATION('','',#11,#4830);
#5011 = PRODUCT_DEFINITION_SHAPE('Placement','Placement of an item',
  #5012);
#5012 = NEXT_ASSEMBLY_USAGE_OCCURRENCE('32','=>[0:1:1:17]','',#4824,
  #4847,$);
#5013 = PRODUCT_RELATED_PRODUCT_CATEGORY('part',$,(#4849));
#5014 = SHAPE_DEFINITION_REPRESENTATION(#5015,#5021);
#5015 = PRODUCT_DEFINITION_SHAPE('','',#5016);
#5016 = PRODUCT_DEFINITION('design','',#5017,#5020);
#5017 = PRODUCT_DEFINITION_FORMATION('','',#5018);
#5018 = PRODUCT('Littelfuse_TR5_372_box','Littelfuse_TR5_372_box','',(
    #5019));
#5019 = PRODUCT_CONTEXT('',#2,'mechanical');
#5020 = PRODUCT_DEFINITION_CONTEXT('part definition',#2,'design');
#5021 = SHAPE_REPRESENTATION('',(#11,#5022),#5026);
#5022 = AXIS2_PLACEMENT_3D('',#5023,#5024,#5025);
#5023 = CARTESIAN_POINT('',(0.,0.,0.));
#5024 = DIRECTION('',(0.,0.,1.));
#5025 = DIRECTION('',(1.,0.,-0.));
#5026 = ( GEOMETRIC_REPRESENTATION_CONTEXT(3) 
GLOBAL_UNCERTAINTY_ASSIGNED_CONTEXT((#5030)) 
GLOBAL_UNIT_ASSIGNED_CONTEXT((#5027,#5028,#5029)) REPRESENTATION_CONTEXT
('Context #1','3D Context with UNIT and UNCERTAINTY') );
#5027 = ( LENGTH_UNIT() NAMED_UNIT(*) SI_UNIT(.MILLI.,.METRE.) );
#5028 = ( NAMED_UNIT(*) PLANE_ANGLE_UNIT() SI_UNIT($,.RADIAN.) );
#5029 = ( NAMED_UNIT(*) SI_UNIT($,.STERADIAN.) SOLID_ANGLE_UNIT() );
#5030 = UNCERTAINTY_MEASURE_WITH_UNIT(LENGTH_MEASURE(1.E-07),#5027,
  'distance_accuracy_value','confusion accuracy');
#5031 = CONTEXT_DEPENDENT_SHAPE_REPRESENTATION(#5032,#5034);
#5032 = ( REPRESENTATION_RELATIONSHIP('','',#5021,#10) 
REPRESENTATION_RELATIONSHIP_WITH_TRANSFORMATION(#5033) 
SHAPE_REPRESENTATION_RELATIONSHIP() );
#5033 = ITEM_DEFINED_TRANSFORMATION('','',#11,#115);
#5034 = PRODUCT_DEFINITION_SHAPE('Placement','Placement of an item',
  #5035);
#5035 = NEXT_ASSEMBLY_USAGE_OCCURRENCE('35','F1','',#5,#5016,$);
#5036 = PRODUCT_RELATED_PRODUCT_CATEGORY('part',$,(#5018));
#5037 = SHAPE_DEFINITION_REPRESENTATION(#5038,#5044);
#5038 = PRODUCT_DEFINITION_SHAPE('','',#5039);
#5039 = PRODUCT_DEFINITION('design','',#5040,#5043);
#5040 = PRODUCT_DEFINITION_FORMATION('','',#5041);
#5041 = PRODUCT('Littelfuse_TR5_372_box','Littelfuse_TR5_372_box','',(
    #5042));
#5042 = PRODUCT_CONTEXT('',#2,'mechanical');
#5043 = PRODUCT_DEFINITION_CONTEXT('part definition',#2,'design');
#5044 = ADVANCED_BREP_SHAPE_REPRESENTATION('',(#11,#5045),#5195);
#5045 = MANIFOLD_SOLID_BREP('',#5046);
#5046 = CLOSED_SHELL('',(#5047,#5087,#5127,#5149,#5166,#5183));
#5047 = ADVANCED_FACE('',(#5048),#5082,.T.);
#5048 = FACE_BOUND('',#5049,.T.);
#5049 = EDGE_LOOP('',(#5050,#5060,#5068,#5076));
#5050 = ORIENTED_EDGE('',*,*,#5051,.T.);
#5051 = EDGE_CURVE('',#5052,#5054,#5056,.T.);
#5052 = VERTEX_POINT('',#5053);
#5053 = CARTESIAN_POINT('',(-1.71,-4.25,0.));
#5054 = VERTEX_POINT('',#5055);
#5055 = CARTESIAN_POINT('',(-1.71,4.25,0.));
#5056 = LINE('',#5057,#5058);
#5057 = CARTESIAN_POINT('',(-1.71,-4.25,0.));
#5058 = VECTOR('',#5059,1.);
#5059 = DIRECTION('',(0.,1.,0.));
#5060 = ORIENTED_EDGE('',*,*,#5061,.T.);
#5061 = EDGE_CURVE('',#5054,#5062,#5064,.T.);
#5062 = VERTEX_POINT('',#5063);
#5063 = CARTESIAN_POINT('',(6.79,4.25,0.));
#5064 = LINE('',#5065,#5066);
#5065 = CARTESIAN_POINT('',(-1.71,4.25,0.));
#5066 = VECTOR('',#5067,1.);
#5067 = DIRECTION('',(1.,0.,0.));
#5068 = ORIENTED_EDGE('',*,*,#5069,.T.);
#5069 = EDGE_CURVE('',#5062,#5070,#5072,.T.);
#5070 = VERTEX_POINT('',#5071);
#5071 = CARTESIAN_POINT('',(6.79,-4.25,0.));
#5072 = LINE('',#5073,#5074);
#5073 = CARTESIAN_POINT('',(6.79,4.25,0.));
#5074 = VECTOR('',#5075,1.);
#5075 = DIRECTION('',(0.,-1.,0.));
#5076 = ORIENTED_EDGE('',*,*,#5077,.T.);
#5077 = EDGE_CURVE('',#5070,#5052,#5078,.T.);
#5078 = LINE('',#5079,#5080);
#5079 = CARTESIAN_POINT('',(6.79,-4.25,0.));
#5080 = VECTOR('',#5081,1.);
#5081 = DIRECTION('',(-1.,0.,0.));
#5082 = PLANE('',#5083);
#5083 = AXIS2_PLACEMENT_3D('',#5084,#5085,#5086);
#5084 = CARTESIAN_POINT('',(-1.71,-4.25,0.));
#5085 = DIRECTION('',(0.,0.,-1.));
#5086 = DIRECTION('',(1.,0.,0.));
#5087 = ADVANCED_FACE('',(#5088),#5122,.T.);
#5088 = FACE_BOUND('',#5089,.T.);
#5089 = EDGE_LOOP('',(#5090,#5100,#5108,#5116));
#5090 = ORIENTED_EDGE('',*,*,#5091,.T.);
#5091 = EDGE_CURVE('',#5092,#5094,#5096,.T.);
#5092 = VERTEX_POINT('',#5093);
#5093 = CARTESIAN_POINT('',(-1.71,-4.25,8.));
#5094 = VERTEX_POINT('',#5095);
#5095 = CARTESIAN_POINT('',(6.79,-4.25,8.));
#5096 = LINE('',#5097,#5098);
#5097 = CARTESIAN_POINT('',(-1.71,-4.25,8.));
#5098 = VECTOR('',#5099,1.);
#5099 = DIRECTION('',(1.,0.,0.));
#5100 = ORIENTED_EDGE('',*,*,#5101,.T.);
#5101 = EDGE_CURVE('',#5094,#5102,#5104,.T.);
#5102 = VERTEX_POINT('',#5103);
#5103 = CARTESIAN_POINT('',(6.79,4.25,8.));
#5104 = LINE('',#5105,#5106);
#5105 = CARTESIAN_POINT('',(6.79,-4.25,8.));
#5106 = VECTOR('',#5107,1.);
#5107 = DIRECTION('',(0.,1.,0.));
#5108 = ORIENTED_EDGE('',*,*,#5109,.T.);
#5109 = EDGE_CURVE('',#5102,#5110,#5112,.T.);
#5110 = VERTEX_POINT('',#5111);
#5111 = CARTESIAN_POINT('',(-1.71,4.25,8.));
#5112 = LINE('',#5113,#5114);
#5113 = CARTESIAN_POINT('',(6.79,4.25,8.));
#5114 = VECTOR('',#5115,1.);
#5115 = DIRECTION('',(-1.,0.,0.));
#5116 = ORIENTED_EDGE('',*,*,#5117,.T.);
#5117 = EDGE_CURVE('',#5110,#5092,#5118,.T.);
#5118 = LINE('',#5119,#5120);
#5119 = CARTESIAN_POINT('',(-1.71,4.25,8.));
#5120 = VECTOR('',#5121,1.);
#5121 = DIRECTION('',(0.,-1.,0.));
#5122 = PLANE('',#5123);
#5123 = AXIS2_PLACEMENT_3D('',#5124,#5125,#5126);
#5124 = CARTESIAN_POINT('',(-1.71,-4.25,8.));
#5125 = DIRECTION('',(0.,0.,1.));
#5126 = DIRECTION('',(1.,0.,-0.));
#5127 = ADVANCED_FACE('',(#5128),#5144,.T.);
#5128 = FACE_BOUND('',#5129,.T.);
#5129 = EDGE_LOOP('',(#5130,#5131,#5137,#5138));
#5130 = ORIENTED_EDGE('',*,*,#5077,.F.);
#5131 = ORIENTED_EDGE('',*,*,#5132,.T.);
#5132 = EDGE_CURVE('',#5070,#5094,#5133,.T.);
#5133 = LINE('',#5134,#5135);
#5134 = CARTESIAN_POINT('',(6.79,-4.25,0.));
#5135 = VECTOR('',#5136,1.);
#5136 = DIRECTION('',(0.,0.,1.));
#5137 = ORIENTED_EDGE('',*,*,#5091,.F.);
#5138 = ORIENTED_EDGE('',*,*,#5139,.T.);
#5139 = EDGE_CURVE('',#5092,#5052,#5140,.T.);
#5140 = LINE('',#5141,#5142);
#5141 = CARTESIAN_POINT('',(-1.71,-4.25,8.));
#5142 = VECTOR('',#5143,1.);
#5143 = DIRECTION('',(0.,0.,-1.));
#5144 = PLANE('',#5145);
#5145 = AXIS2_PLACEMENT_3D('',#5146,#5147,#5148);
#5146 = CARTESIAN_POINT('',(-1.71,-4.25,0.));
#5147 = DIRECTION('',(0.,-1.,0.));
#5148 = DIRECTION('',(1.,0.,0.));
#5149 = ADVANCED_FACE('',(#5150),#5161,.T.);
#5150 = FACE_BOUND('',#5151,.T.);
#5151 = EDGE_LOOP('',(#5152,#5153,#5159,#5160));
#5152 = ORIENTED_EDGE('',*,*,#5069,.F.);
#5153 = ORIENTED_EDGE('',*,*,#5154,.T.);
#5154 = EDGE_CURVE('',#5062,#5102,#5155,.T.);
#5155 = LINE('',#5156,#5157);
#5156 = CARTESIAN_POINT('',(6.79,4.25,0.));
#5157 = VECTOR('',#5158,1.);
#5158 = DIRECTION('',(0.,0.,1.));
#5159 = ORIENTED_EDGE('',*,*,#5101,.F.);
#5160 = ORIENTED_EDGE('',*,*,#5132,.F.);
#5161 = PLANE('',#5162);
#5162 = AXIS2_PLACEMENT_3D('',#5163,#5164,#5165);
#5163 = CARTESIAN_POINT('',(6.79,-4.25,0.));
#5164 = DIRECTION('',(1.,0.,0.));
#5165 = DIRECTION('',(-0.,1.,0.));
#5166 = ADVANCED_FACE('',(#5167),#5178,.T.);
#5167 = FACE_BOUND('',#5168,.T.);
#5168 = EDGE_LOOP('',(#5169,#5170,#5176,#5177));
#5169 = ORIENTED_EDGE('',*,*,#5061,.F.);
#5170 = ORIENTED_EDGE('',*,*,#5171,.T.);
#5171 = EDGE_CURVE('',#5054,#5110,#5172,.T.);
#5172 = LINE('',#5173,#5174);
#5173 = CARTESIAN_POINT('',(-1.71,4.25,0.));
#5174 = VECTOR('',#5175,1.);
#5175 = DIRECTION('',(0.,0.,1.));
#5176 = ORIENTED_EDGE('',*,*,#5109,.F.);
#5177 = ORIENTED_EDGE('',*,*,#5154,.F.);
#5178 = PLANE('',#5179);
#5179 = AXIS2_PLACEMENT_3D('',#5180,#5181,#5182);
#5180 = CARTESIAN_POINT('',(6.79,4.25,0.));
#5181 = DIRECTION('',(0.,1.,0.));
#5182 = DIRECTION('',(1.,0.,0.));
#5183 = ADVANCED_FACE('',(#5184),#5190,.T.);
#5184 = FACE_BOUND('',#5185,.T.);
#5185 = EDGE_LOOP('',(#5186,#5187,#5188,#5189));
#5186 = ORIENTED_EDGE('',*,*,#5051,.F.);
#5187 = ORIENTED_EDGE('',*,*,#5139,.F.);
#5188 = ORIENTED_EDGE('',*,*,#5117,.F.);
#5189 = ORIENTED_EDGE('',*,*,#5171,.F.);
#5190 = PLANE('',#5191);
#5191 = AXIS2_PLACEMENT_3D('',#5192,#5193,#5194);
#5192 = CARTESIAN_POINT('',(-1.71,4.25,0.));
#5193 = DIRECTION('',(-1.,0.,0.));
#5194 = DIRECTION('',(0.,1.,0.));
#5195 = ( GEOMETRIC_REPRESENTATION_CONTEXT(3) 
GLOBAL_UNCERTAINTY_ASSIGNED_CONTEXT((#5199)) 
GLOBAL_UNIT_ASSIGNED_CONTEXT((#5196,#5197,#5198)) REPRESENTATION_CONTEXT
('Context #1','3D Context with UNIT and UNCERTAINTY') );
#5196 = ( LENGTH_UNIT() NAMED_UNIT(*) SI_UNIT(.MILLI.,.METRE.) );
#5197 = ( NAMED_UNIT(*) PLANE_ANGLE_UNIT() SI_UNIT($,.RADIAN.) );
#5198 = ( NAMED_UNIT(*) SI_UNIT($,.STERADIAN.) SOLID_ANGLE_UNIT() );
#5199 = UNCERTAINTY_MEASURE_WITH_UNIT(LENGTH_MEASURE(1.E-07),#5196,
  'distance_accuracy_value','confusion accuracy');
#5200 = CONTEXT_DEPENDENT_SHAPE_REPRESENTATION(#5201,#5203);
#5201 = ( REPRESENTATION_RELATIONSHIP('','',#5044,#5021) 
REPRESENTATION_RELATIONSHIP_WITH_TRANSFORMATION(#5202) 
SHAPE_REPRESENTATION_RELATIONSHIP() );
#5202 = ITEM_DEFINED_TRANSFORMATION('','',#11,#5022);
#5203 = PRODUCT_DEFINITION_SHAPE('Placement','Placement of an item',
  #5204);
#5204 = NEXT_ASSEMBLY_USAGE_OCCURRENCE('34','=>[0:1:1:19]','',#5016,
  #5039,$);
#5205 = PRODUCT_RELATED_PRODUCT_CATEGORY('part',$,(#5041));
#5206 = SHAPE_DEFINITION_REPRESENTATION(#5207,#5213);
#5207 = PRODUCT_DEFINITION_SHAPE('','',#5208);
#5208 = PRODUCT_DEFINITION('design','',#5209,#5212);
#5209 = PRODUCT_DEFINITION_FORMATION('','',#5210);
#5210 = PRODUCT('TerminalBlock_Xinlaiya_XY350V-3.5_1x04_box',
  'TerminalBlock_Xinlaiya_XY350V-3.5_1x04_box','',(#5211));
#5211 = PRODUCT_CONTEXT('',#2,'mechanical');
#5212 = PRODUCT_DEFINITION_CONTEXT('part definition',#2,'design');
#5213 = SHAPE_REPRESENTATION('',(#11,#5214),#5218);
#5214 = AXIS2_PLACEMENT_3D('',#5215,#5216,#5217);
#5215 = CARTESIAN_POINT('',(0.,0.,0.));
#5216 = DIRECTION('',(0.,0.,1.));
#5217 = DIRECTION('',(1.,0.,-0.));
#5218 = ( GEOMETRIC_REPRESENTATION_CONTEXT(3) 
GLOBAL_UNCERTAINTY_ASSIGNED_CONTEXT((#5222)) 
GLOBAL_UNIT_ASSIGNED_CONTEXT((#5219,#5220,#5221)) REPRESENTATION_CONTEXT
('Context #1','3D Context with UNIT and UNCERTAINTY') );
#5219 = ( LENGTH_UNIT() NAMED_UNIT(*) SI_UNIT(.MILLI.,.METRE.) );
#5220 = ( NAMED_UNIT(*) PLANE_ANGLE_UNIT() SI_UNIT($,.RADIAN.) );
#5221 = ( NAMED_UNIT(*) SI_UNIT($,.STERADIAN.) SOLID_ANGLE_UNIT() );
#5222 = UNCERTAINTY_MEASURE_WITH_UNIT(LENGTH_MEASURE(1.E-07),#5219,
  'distance_accuracy_value','confusion accuracy');
#5223 = CONTEXT_DEPENDENT_SHAPE_REPRESENTATION(#5224,#5226);
#5224 = ( REPRESENTATION_RELATIONSHIP('','',#5213,#10) 
REPRESENTATION_RELATIONSHIP_WITH_TRANSFORMATION(#5225) 
SHAPE_REPRESENTATION_RELATIONSHIP() );
#5225 = ITEM_DEFINED_TRANSFORMATION('','',#11,#119);
#5226 = PRODUCT_DEFINITION_SHAPE('Placement','Placement of an item',
  #5227);
#5227 = NEXT_ASSEMBLY_USAGE_OCCURRENCE('37','J2','',#5,#5208,$);
#5228 = PRODUCT_RELATED_PRODUCT_CATEGORY('part',$,(#5210));
#5229 = SHAPE_DEFINITION_REPRESENTATION(#5230,#5236);
#5230 = PRODUCT_DEFINITION_SHAPE('','',#5231);
#5231 = PRODUCT_DEFINITION('design','',#5232,#5235);
#5232 = PRODUCT_DEFINITION_FORMATION('','',#5233);
#5233 = PRODUCT('TerminalBlock_Xinlaiya_XY350V-3.5_1x04_box',
  'TerminalBlock_Xinlaiya_XY350V-3.5_1x04_box','',(#5234));
#5234 = PRODUCT_CONTEXT('',#2,'mechanical');
#5235 = PRODUCT_DEFINITION_CONTEXT('part definition',#2,'design');
#5236 = ADVANCED_BREP_SHAPE_REPRESENTATION('',(#11,#5237),#5387);
#5237 = MANIFOLD_SOLID_BREP('',#5238);
#5238 = CLOSED_SHELL('',(#5239,#5279,#5319,#5341,#5358,#5375));
#5239 = ADVANCED_FACE('',(#5240),#5274,.T.);
#5240 = FACE_BOUND('',#5241,.T.);
#5241 = EDGE_LOOP('',(#5242,#5252,#5260,#5268));
#5242 = ORIENTED_EDGE('',*,*,#5243,.T.);
#5243 = EDGE_CURVE('',#5244,#5246,#5248,.T.);
#5244 = VERTEX_POINT('',#5245);
#5245 = CARTESIAN_POINT('',(-1.75,-3.4,0.));
#5246 = VERTEX_POINT('',#5247);
#5247 = CARTESIAN_POINT('',(-1.75,3.5,0.));
#5248 = LINE('',#5249,#5250);
#5249 = CARTESIAN_POINT('',(-1.75,-3.4,0.));
#5250 = VECTOR('',#5251,1.);
#5251 = DIRECTION('',(0.,1.,0.));
#5252 = ORIENTED_EDGE('',*,*,#5253,.T.);
#5253 = EDGE_CURVE('',#5246,#5254,#5256,.T.);
#5254 = VERTEX_POINT('',#5255);
#5255 = CARTESIAN_POINT('',(12.25,3.5,0.));
#5256 = LINE('',#5257,#5258);
#5257 = CARTESIAN_POINT('',(-1.75,3.5,0.));
#5258 = VECTOR('',#5259,1.);
#5259 = DIRECTION('',(1.,0.,0.));
#5260 = ORIENTED_EDGE('',*,*,#5261,.T.);
#5261 = EDGE_CURVE('',#5254,#5262,#5264,.T.);
#5262 = VERTEX_POINT('',#5263);
#5263 = CARTESIAN_POINT('',(12.25,-3.4,0.));
#5264 = LINE('',#5265,#5266);
#5265 = CARTESIAN_POINT('',(12.25,3.5,0.));
#5266 = VECTOR('',#5267,1.);
#5267 = DIRECTION('',(0.,-1.,0.));
#5268 = ORIENTED_EDGE('',*,*,#5269,.T.);
#5269 = EDGE_CURVE('',#5262,#5244,#5270,.T.);
#5270 = LINE('',#5271,#5272);
#5271 = CARTESIAN_POINT('',(12.25,-3.4,0.));
#5272 = VECTOR('',#5273,1.);
#5273 = DIRECTION('',(-1.,0.,0.));
#5274 = PLANE('',#5275);
#5275 = AXIS2_PLACEMENT_3D('',#5276,#5277,#5278);
#5276 = CARTESIAN_POINT('',(-1.75,-3.4,0.));
#5277 = DIRECTION('',(0.,0.,-1.));
#5278 = DIRECTION('',(1.,0.,0.));
#5279 = ADVANCED_FACE('',(#5280),#5314,.T.);
#5280 = FACE_BOUND('',#5281,.T.);
#5281 = EDGE_LOOP('',(#5282,#5292,#5300,#5308));
#5282 = ORIENTED_EDGE('',*,*,#5283,.T.);
#5283 = EDGE_CURVE('',#5284,#5286,#5288,.T.);
#5284 = VERTEX_POINT('',#5285);
#5285 = CARTESIAN_POINT('',(-1.75,-3.4,8.6));
#5286 = VERTEX_POINT('',#5287);
#5287 = CARTESIAN_POINT('',(12.25,-3.4,8.6));
#5288 = LINE('',#5289,#5290);
#5289 = CARTESIAN_POINT('',(-1.75,-3.4,8.6));
#5290 = VECTOR('',#5291,1.);
#5291 = DIRECTION('',(1.,0.,0.));
#5292 = ORIENTED_EDGE('',*,*,#5293,.T.);
#5293 = EDGE_CURVE('',#5286,#5294,#5296,.T.);
#5294 = VERTEX_POINT('',#5295);
#5295 = CARTESIAN_POINT('',(12.25,3.5,8.6));
#5296 = LINE('',#5297,#5298);
#5297 = CARTESIAN_POINT('',(12.25,-3.4,8.6));
#5298 = VECTOR('',#5299,1.);
#5299 = DIRECTION('',(0.,1.,0.));
#5300 = ORIENTED_EDGE('',*,*,#5301,.T.);
#5301 = EDGE_CURVE('',#5294,#5302,#5304,.T.);
#5302 = VERTEX_POINT('',#5303);
#5303 = CARTESIAN_POINT('',(-1.75,3.5,8.6));
#5304 = LINE('',#5305,#5306);
#5305 = CARTESIAN_POINT('',(12.25,3.5,8.6));
#5306 = VECTOR('',#5307,1.);
#5307 = DIRECTION('',(-1.,0.,0.));
#5308 = ORIENTED_EDGE('',*,*,#5309,.T.);
#5309 = EDGE_CURVE('',#5302,#5284,#5310,.T.);
#5310 = LINE('',#5311,#5312);
#5311 = CARTESIAN_POINT('',(-1.75,3.5,8.6));
#5312 = VECTOR('',#5313,1.);
#5313 = DIRECTION('',(0.,-1.,0.));
#5314 = PLANE('',#5315);
#5315 = AXIS2_PLACEMENT_3D('',#5316,#5317,#5318);
#5316 = CARTESIAN_POINT('',(-1.75,-3.4,8.6));
#5317 = DIRECTION('',(0.,0.,1.));
#5318 = DIRECTION('',(1.,0.,-0.));
#5319 = ADVANCED_FACE('',(#5320),#5336,.T.);
#5320 = FACE_BOUND('',#5321,.T.);
#5321 = EDGE_LOOP('',(#5322,#5323,#5329,#5330));
#5322 = ORIENTED_EDGE('',*,*,#5269,.F.);
#5323 = ORIENTED_EDGE('',*,*,#5324,.T.);
#5324 = EDGE_CURVE('',#5262,#5286,#5325,.T.);
#5325 = LINE('',#5326,#5327);
#5326 = CARTESIAN_POINT('',(12.25,-3.4,0.));
#5327 = VECTOR('',#5328,1.);
#5328 = DIRECTION('',(0.,0.,1.));
#5329 = ORIENTED_EDGE('',*,*,#5283,.F.);
#5330 = ORIENTED_EDGE('',*,*,#5331,.T.);
#5331 = EDGE_CURVE('',#5284,#5244,#5332,.T.);
#5332 = LINE('',#5333,#5334);
#5333 = CARTESIAN_POINT('',(-1.75,-3.4,8.6));
#5334 = VECTOR('',#5335,1.);
#5335 = DIRECTION('',(0.,0.,-1.));
#5336 = PLANE('',#5337);
#5337 = AXIS2_PLACEMENT_3D('',#5338,#5339,#5340);
#5338 = CARTESIAN_POINT('',(-1.75,-3.4,0.));
#5339 = DIRECTION('',(0.,-1.,0.));
#5340 = DIRECTION('',(1.,0.,0.));
#5341 = ADVANCED_FACE('',(#5342),#5353,.T.);
#5342 = FACE_BOUND('',#5343,.T.);
#5343 = EDGE_LOOP('',(#5344,#5345,#5351,#5352));
#5344 = ORIENTED_EDGE('',*,*,#5261,.F.);
#5345 = ORIENTED_EDGE('',*,*,#5346,.T.);
#5346 = EDGE_CURVE('',#5254,#5294,#5347,.T.);
#5347 = LINE('',#5348,#5349);
#5348 = CARTESIAN_POINT('',(12.25,3.5,0.));
#5349 = VECTOR('',#5350,1.);
#5350 = DIRECTION('',(0.,0.,1.));
#5351 = ORIENTED_EDGE('',*,*,#5293,.F.);
#5352 = ORIENTED_EDGE('',*,*,#5324,.F.);
#5353 = PLANE('',#5354);
#5354 = AXIS2_PLACEMENT_3D('',#5355,#5356,#5357);
#5355 = CARTESIAN_POINT('',(12.25,-3.4,0.));
#5356 = DIRECTION('',(1.,0.,0.));
#5357 = DIRECTION('',(-0.,1.,0.));
#5358 = ADVANCED_FACE('',(#5359),#5370,.T.);
#5359 = FACE_BOUND('',#5360,.T.);
#5360 = EDGE_LOOP('',(#5361,#5362,#5368,#5369));
#5361 = ORIENTED_EDGE('',*,*,#5253,.F.);
#5362 = ORIENTED_EDGE('',*,*,#5363,.T.);
#5363 = EDGE_CURVE('',#5246,#5302,#5364,.T.);
#5364 = LINE('',#5365,#5366);
#5365 = CARTESIAN_POINT('',(-1.75,3.5,0.));
#5366 = VECTOR('',#5367,1.);
#5367 = DIRECTION('',(0.,0.,1.));
#5368 = ORIENTED_EDGE('',*,*,#5301,.F.);
#5369 = ORIENTED_EDGE('',*,*,#5346,.F.);
#5370 = PLANE('',#5371);
#5371 = AXIS2_PLACEMENT_3D('',#5372,#5373,#5374);
#5372 = CARTESIAN_POINT('',(12.25,3.5,0.));
#5373 = DIRECTION('',(0.,1.,0.));
#5374 = DIRECTION('',(1.,0.,0.));
#5375 = ADVANCED_FACE('',(#5376),#5382,.T.);
#5376 = FACE_BOUND('',#5377,.T.);
#5377 = EDGE_LOOP('',(#5378,#5379,#5380,#5381));
#5378 = ORIENTED_EDGE('',*,*,#5243,.F.);
#5379 = ORIENTED_EDGE('',*,*,#5331,.F.);
#5380 = ORIENTED_EDGE('',*,*,#5309,.F.);
#5381 = ORIENTED_EDGE('',*,*,#5363,.F.);
#5382 = PLANE('',#5383);
#5383 = AXIS2_PLACEMENT_3D('',#5384,#5385,#5386);
#5384 = CARTESIAN_POINT('',(-1.75,3.5,0.));
#5385 = DIRECTION('',(-1.,0.,0.));
#5386 = DIRECTION('',(0.,1.,0.));
#5387 = ( GEOMETRIC_REPRESENTATION_CONTEXT(3) 
GLOBAL_UNCERTAINTY_ASSIGNED_CONTEXT((#5391)) 
GLOBAL_UNIT_ASSIGNED_CONTEXT((#5388,#5389,#5390)) REPRESENTATION_CONTEXT
('Context #1','3D Context with UNIT and UNCERTAINTY') );
#5388 = ( LENGTH_UNIT() NAMED_UNIT(*) SI_UNIT(.MILLI.,.METRE.) );
#5389 = ( NAMED_UNIT(*) PLANE_ANGLE_UNIT() SI_UNIT($,.RADIAN.) );
#5390 = ( NAMED_UNIT(*) SI_UNIT($,.STERADIAN.) SOLID_ANGLE_UNIT() );
#5391 = UNCERTAINTY_MEASURE_WITH_UNIT(LENGTH_MEASURE(1.E-07),#5388,
  'distance_accuracy_value','confusion accuracy');
#5392 = CONTEXT_DEPENDENT_SHAPE_REPRESENTATION(#5393,#5395);
#5393 = ( REPRESENTATION_RELATIONSHIP('','',#5236,#5213) 
REPRESENTATION_RELATIONSHIP_WITH_TRANSFORMATION(#5394) 
SHAPE_REPRESENTATION_RELATIONSHIP() );
#5394 = ITEM_DEFINED_TRANSFORMATION('','',#11,#5214);
#5395 = PRODUCT_DEFINITION_SHAPE('Placement','Placement of an item',
  #5396);
#5396 = NEXT_ASSEMBLY_USAGE_OCCURRENCE('36','=>[0:1:1:21]','',#5208,
  #5231,$);
#5397 = PRODUCT_RELATED_PRODUCT_CATEGORY('part',$,(#5233));
#5398 = SHAPE_DEFINITION_REPRESENTATION(#5399,#5405);
#5399 = PRODUCT_DEFINITION_SHAPE('','',#5400);
#5400 = PRODUCT_DEFINITION('design','',#5401,#5404);
#5401 = PRODUCT_DEFINITION_FORMATION('','',#5402);
#5402 = PRODUCT('TerminalBlock_Kefa_KF350-3.5_1x03_box',
  'TerminalBlock_Kefa_KF350-3.5_1x03_box','',(#5403));
#5403 = PRODUCT_CONTEXT('',#2,'mechanical');
#5404 = PRODUCT_DEFINITION_CONTEXT('part definition',#2,'design');
#5405 = SHAPE_REPRESENTATION('',(#11,#5406),#5410);
#5406 = AXIS2_PLACEMENT_3D('',#5407,#5408,#5409);
#5407 = CARTESIAN_POINT('',(0.,0.,0.));
#5408 = DIRECTION('',(0.,0.,1.));
#5409 = DIRECTION('',(1.,0.,-0.));
#5410 = ( GEOMETRIC_REPRESENTATION_CONTEXT(3) 
GLOBAL_UNCERTAINTY_ASSIGNED_CONTEXT((#5414)) 
GLOBAL_UNIT_ASSIGNED_CONTEXT((#5411,#5412,#5413)) REPRESENTATION_CONTEXT
('Context #1','3D Context with UNIT and UNCERTAINTY') );
#5411 = ( LENGTH_UNIT() NAMED_UNIT(*) SI_UNIT(.MILLI.,.METRE.) );
#5412 = ( NAMED_UNIT(*) PLANE_ANGLE_UNIT() SI_UNIT($,.RADIAN.) );
#5413 = ( NAMED_UNIT(*) SI_UNIT($,.STERADIAN.) SOLID_ANGLE_UNIT() );
#5414 = UNCERTAINTY_MEASURE_WITH_UNIT(LENGTH_MEASURE(1.E-07),#5411,
  'distance_accuracy_value','confusion accuracy');
#5415 = CONTEXT_DEPENDENT_SHAPE_REPRESENTATION(#5416,#5418);
#5416 = ( REPRESENTATION_RELATIONSHIP('','',#5405,#10) 
REPRESENTATION_RELATIONSHIP_WITH_TRANSFORMATION(#5417) 
SHAPE_REPRESENTATION_RELATIONSHIP() );
#5417 = ITEM_DEFINED_TRANSFORMATION('','',#11,#123);
#5418 = PRODUCT_DEFINITION_SHAPE('Placement','Placement of an item',
  #5419);
#5419 = NEXT_ASSEMBLY_USAGE_OCCURRENCE('39','J3','',#5,#5400,$);
#5420 = PRODUCT_RELATED_PRODUCT_CATEGORY('part',$,(#5402));
#5421 = SHAPE_DEFINITION_REPRESENTATION(#5422,#5428);
#5422 = PRODUCT_DEFINITION_SHAPE('','',#5423);
#5423 = PRODUCT_DEFINITION('design','',#5424,#5427);
#5424 = PRODUCT_DEFINITION_FORMATION('','',#5425);
#5425 = PRODUCT('TerminalBlock_Kefa_KF350-3.5_1x03_box',
  'TerminalBlock_Kefa_KF350-3.5_1x03_box','',(#5426));
#5426 = PRODUCT_CONTEXT('',#2,'mechanical');
#5427 = PRODUCT_DEFINITION_CONTEXT('part definition',#2,'design');
#5428 = ADVANCED_BREP_SHAPE_REPRESENTATION('',(#11,#5429),#5579);
#5429 = MANIFOLD_SOLID_BREP('',#5430);
#5430 = CLOSED_SHELL('',(#5431,#5471,#5511,#5533,#5550,#5567));
#5431 = ADVANCED_FACE('',(#5432),#5466,.T.);
#5432 = FACE_BOUND('',#5433,.T.);
#5433 = EDGE_LOOP('',(#5434,#5444,#5452,#5460));
#5434 = ORIENTED_EDGE('',*,*,#5435,.T.);
#5435 = EDGE_CURVE('',#5436,#5438,#5440,.T.);
#5436 = VERTEX_POINT('',#5437);
#5437 = CARTESIAN_POINT('',(-1.75,-3.4,0.));
#5438 = VERTEX_POINT('',#5439);
#5439 = CARTESIAN_POINT('',(-1.75,3.5,0.));
#5440 = LINE('',#5441,#5442);
#5441 = CARTESIAN_POINT('',(-1.75,-3.4,0.));
#5442 = VECTOR('',#5443,1.);
#5443 = DIRECTION('',(0.,1.,0.));
#5444 = ORIENTED_EDGE('',*,*,#5445,.T.);
#5445 = EDGE_CURVE('',#5438,#5446,#5448,.T.);
#5446 = VERTEX_POINT('',#5447);
#5447 = CARTESIAN_POINT('',(8.75,3.5,0.));
#5448 = LINE('',#5449,#5450);
#5449 = CARTESIAN_POINT('',(-1.75,3.5,0.));
#5450 = VECTOR('',#5451,1.);
#5451 = DIRECTION('',(1.,0.,0.));
#5452 = ORIENTED_EDGE('',*,*,#5453,.T.);
#5453 = EDGE_CURVE('',#5446,#5454,#5456,.T.);
#5454 = VERTEX_POINT('',#5455);
#5455 = CARTESIAN_POINT('',(8.75,-3.4,0.));
#5456 = LINE('',#5457,#5458);
#5457 = CARTESIAN_POINT('',(8.75,3.5,0.));
#5458 = VECTOR('',#5459,1.);
#5459 = DIRECTION('',(0.,-1.,0.));
#5460 = ORIENTED_EDGE('',*,*,#5461,.T.);
#5461 = EDGE_CURVE('',#5454,#5436,#5462,.T.);
#5462 = LINE('',#5463,#5464);
#5463 = CARTESIAN_POINT('',(8.75,-3.4,0.));
#5464 = VECTOR('',#5465,1.);
#5465 = DIRECTION('',(-1.,0.,0.));
#5466 = PLANE('',#5467);
#5467 = AXIS2_PLACEMENT_3D('',#5468,#5469,#5470);
#5468 = CARTESIAN_POINT('',(-1.75,-3.4,0.));
#5469 = DIRECTION('',(0.,0.,-1.));
#5470 = DIRECTION('',(1.,0.,0.));
#5471 = ADVANCED_FACE('',(#5472),#5506,.T.);
#5472 = FACE_BOUND('',#5473,.T.);
#5473 = EDGE_LOOP('',(#5474,#5484,#5492,#5500));
#5474 = ORIENTED_EDGE('',*,*,#5475,.T.);
#5475 = EDGE_CURVE('',#5476,#5478,#5480,.T.);
#5476 = VERTEX_POINT('',#5477);
#5477 = CARTESIAN_POINT('',(-1.75,-3.4,8.8));
#5478 = VERTEX_POINT('',#5479);
#5479 = CARTESIAN_POINT('',(8.75,-3.4,8.8));
#5480 = LINE('',#5481,#5482);
#5481 = CARTESIAN_POINT('',(-1.75,-3.4,8.8));
#5482 = VECTOR('',#5483,1.);
#5483 = DIRECTION('',(1.,0.,0.));
#5484 = ORIENTED_EDGE('',*,*,#5485,.T.);
#5485 = EDGE_CURVE('',#5478,#5486,#5488,.T.);
#5486 = VERTEX_POINT('',#5487);
#5487 = CARTESIAN_POINT('',(8.75,3.5,8.8));
#5488 = LINE('',#5489,#5490);
#5489 = CARTESIAN_POINT('',(8.75,-3.4,8.8));
#5490 = VECTOR('',#5491,1.);
#5491 = DIRECTION('',(0.,1.,0.));
#5492 = ORIENTED_EDGE('',*,*,#5493,.T.);
#5493 = EDGE_CURVE('',#5486,#5494,#5496,.T.);
#5494 = VERTEX_POINT('',#5495);
#5495 = CARTESIAN_POINT('',(-1.75,3.5,8.8));
#5496 = LINE('',#5497,#5498);
#5497 = CARTESIAN_POINT('',(8.75,3.5,8.8));
#5498 = VECTOR('',#5499,1.);
#5499 = DIRECTION('',(-1.,0.,0.));
#5500 = ORIENTED_EDGE('',*,*,#5501,.T.);
#5501 = EDGE_CURVE('',#5494,#5476,#5502,.T.);
#5502 = LINE('',#5503,#5504);
#5503 = CARTESIAN_POINT('',(-1.75,3.5,8.8));
#5504 = VECTOR('',#5505,1.);
#5505 = DIRECTION('',(0.,-1.,0.));
#5506 = PLANE('',#5507);
#5507 = AXIS2_PLACEMENT_3D('',#5508,#5509,#5510);
#5508 = CARTESIAN_POINT('',(-1.75,-3.4,8.8));
#5509 = DIRECTION('',(0.,0.,1.));
#5510 = DIRECTION('',(1.,0.,-0.));
#5511 = ADVANCED_FACE('',(#5512),#5528,.T.);
#5512 = FACE_BOUND('',#5513,.T.);
#5513 = EDGE_LOOP('',(#5514,#5515,#5521,#5522));
#5514 = ORIENTED_EDGE('',*,*,#5461,.F.);
#5515 = ORIENTED_EDGE('',*,*,#5516,.T.);
#5516 = EDGE_CURVE('',#5454,#5478,#5517,.T.);
#5517 = LINE('',#5518,#5519);
#5518 = CARTESIAN_POINT('',(8.75,-3.4,0.));
#5519 = VECTOR('',#5520,1.);
#5520 = DIRECTION('',(0.,0.,1.));
#5521 = ORIENTED_EDGE('',*,*,#5475,.F.);
#5522 = ORIENTED_EDGE('',*,*,#5523,.T.);
#5523 = EDGE_CURVE('',#5476,#5436,#5524,.T.);
#5524 = LINE('',#5525,#5526);
#5525 = CARTESIAN_POINT('',(-1.75,-3.4,8.8));
#5526 = VECTOR('',#5527,1.);
#5527 = DIRECTION('',(0.,0.,-1.));
#5528 = PLANE('',#5529);
#5529 = AXIS2_PLACEMENT_3D('',#5530,#5531,#5532);
#5530 = CARTESIAN_POINT('',(-1.75,-3.4,0.));
#5531 = DIRECTION('',(0.,-1.,0.));
#5532 = DIRECTION('',(1.,0.,0.));
#5533 = ADVANCED_FACE('',(#5534),#5545,.T.);
#5534 = FACE_BOUND('',#5535,.T.);
#5535 = EDGE_LOOP('',(#5536,#5537,#5543,#5544));
#5536 = ORIENTED_EDGE('',*,*,#5453,.F.);
#5537 = ORIENTED_EDGE('',*,*,#5538,.T.);
#5538 = EDGE_CURVE('',#5446,#5486,#5539,.T.);
#5539 = LINE('',#5540,#5541);
#5540 = CARTESIAN_POINT('',(8.75,3.5,0.));
#5541 = VECTOR('',#5542,1.);
#5542 = DIRECTION('',(0.,0.,1.));
#5543 = ORIENTED_EDGE('',*,*,#5485,.F.);
#5544 = ORIENTED_EDGE('',*,*,#5516,.F.);
#5545 = PLANE('',#5546);
#5546 = AXIS2_PLACEMENT_3D('',#5547,#5548,#5549);
#5547 = CARTESIAN_POINT('',(8.75,-3.4,0.));
#5548 = DIRECTION('',(1.,0.,0.));
#5549 = DIRECTION('',(-0.,1.,0.));
#5550 = ADVANCED_FACE('',(#5551),#5562,.T.);
#5551 = FACE_BOUND('',#5552,.T.);
#5552 = EDGE_LOOP('',(#5553,#5554,#5560,#5561));
#5553 = ORIENTED_EDGE('',*,*,#5445,.F.);
#5554 = ORIENTED_EDGE('',*,*,#5555,.T.);
#5555 = EDGE_CURVE('',#5438,#5494,#5556,.T.);
#5556 = LINE('',#5557,#5558);
#5557 = CARTESIAN_POINT('',(-1.75,3.5,0.));
#5558 = VECTOR('',#5559,1.);
#5559 = DIRECTION('',(0.,0.,1.));
#5560 = ORIENTED_EDGE('',*,*,#5493,.F.);
#5561 = ORIENTED_EDGE('',*,*,#5538,.F.);
#5562 = PLANE('',#5563);
#5563 = AXIS2_PLACEMENT_3D('',#5564,#5565,#5566);
#5564 = CARTESIAN_POINT('',(8.75,3.5,0.));
#5565 = DIRECTION('',(0.,1.,0.));
#5566 = DIRECTION('',(1.,0.,0.));
#5567 = ADVANCED_FACE('',(#5568),#5574,.T.);
#5568 = FACE_BOUND('',#5569,.T.);
#5569 = EDGE_LOOP('',(#5570,#5571,#5572,#5573));
#5570 = ORIENTED_EDGE('',*,*,#5435,.F.);
#5571 = ORIENTED_EDGE('',*,*,#5523,.F.);
#5572 = ORIENTED_EDGE('',*,*,#5501,.F.);
#5573 = ORIENTED_EDGE('',*,*,#5555,.F.);
#5574 = PLANE('',#5575);
#5575 = AXIS2_PLACEMENT_3D('',#5576,#5577,#5578);
#5576 = CARTESIAN_POINT('',(-1.75,3.5,0.));
#5577 = DIRECTION('',(-1.,0.,0.));
#5578 = DIRECTION('',(0.,1.,0.));
#5579 = ( GEOMETRIC_REPRESENTATION_CONTEXT(3) 
GLOBAL_UNCERTAINTY_ASSIGNED_CONTEXT((#5583)) 
GLOBAL_UNIT_ASSIGNED_CONTEXT((#5580,#5581,#5582)) REPRESENTATION_CONTEXT
('Context #1','3D Context with UNIT and UNCERTAINTY') );
#5580 = ( LENGTH_UNIT() NAMED_UNIT(*) SI_UNIT(.MILLI.,.METRE.) );
#5581 = ( NAMED_UNIT(*) PLANE_ANGLE_UNIT() SI_UNIT($,.RADIAN.) );
#5582 = ( NAMED_UNIT(*) SI_UNIT($,.STERADIAN.) SOLID_ANGLE_UNIT() );
#5583 = UNCERTAINTY_MEASURE_WITH_UNIT(LENGTH_MEASURE(1.E-07),#5580,
  'distance_accuracy_value','confusion accuracy');
#5584 = CONTEXT_DEPENDENT_SHAPE_REPRESENTATION(#5585,#5587);
#5585 = ( REPRESENTATION_RELATIONSHIP('','',#5428,#5405) 
REPRESENTATION_RELATIONSHIP_WITH_TRANSFORMATION(#5586) 
SHAPE_REPRESENTATION_RELATIONSHIP() );
#5586 = ITEM_DEFINED_TRANSFORMATION('','',#11,#5406);
#5587 = PRODUCT_DEFINITION_SHAPE('Placement','Placement of an item',
  #5588);
#5588 = NEXT_ASSEMBLY_USAGE_OCCURRENCE('38','=>[0:1:1:23]','',#5400,
  #5423,$);
#5589 = PRODUCT_RELATED_PRODUCT_CATEGORY('part',$,(#5425));
#5590 = SHAPE_DEFINITION_REPRESENTATION(#5591,#5597);
#5591 = PRODUCT_DEFINITION_SHAPE('','',#5592);
#5592 = PRODUCT_DEFINITION('design','',#5593,#5596);
#5593 = PRODUCT_DEFINITION_FORMATION('','',#5594);
#5594 = PRODUCT('hue-simple-switch-mains_PCB',
  'hue-simple-switch-mains_PCB','',(#5595));
#5595 = PRODUCT_CONTEXT('',#2,'mechanical');
#5596 = PRODUCT_DEFINITION_CONTEXT('part definition',#2,'design');
#5597 = ADVANCED_BREP_SHAPE_REPRESENTATION('',(#11,#5598),#6477);
#5598 = MANIFOLD_SOLID_BREP('',#5599);
#5599 = CLOSED_SHELL('',(#5600,#5642,#5673,#5704,#5923,#6142,#6154,#6171
    ,#6188,#6205,#6222,#6239,#6256,#6273,#6290,#6307,#6329,#6346,#6363,
    #6375,#6392,#6409,#6426,#6443,#6460));
#5600 = ADVANCED_FACE('',(#5601),#5637,.T.);
#5601 = FACE_BOUND('',#5602,.T.);
#5602 = EDGE_LOOP('',(#5603,#5613,#5622,#5630));
#5603 = ORIENTED_EDGE('',*,*,#5604,.T.);
#5604 = EDGE_CURVE('',#5605,#5607,#5609,.T.);
#5605 = VERTEX_POINT('',#5606);
#5606 = CARTESIAN_POINT('',(79.,-84.67029,0.));
#5607 = VERTEX_POINT('',#5608);
#5608 = CARTESIAN_POINT('',(79.,-84.67029,1.51));
#5609 = LINE('',#5610,#5611);
#5610 = CARTESIAN_POINT('',(79.,-84.67029,0.));
#5611 = VECTOR('',#5612,1.);
#5612 = DIRECTION('',(0.,0.,1.));
#5613 = ORIENTED_EDGE('',*,*,#5614,.T.);
#5614 = EDGE_CURVE('',#5607,#5615,#5617,.T.);
#5615 = VERTEX_POINT('',#5616);
#5616 = CARTESIAN_POINT('',(121.,-84.67029,1.51));
#5617 = CIRCLE('',#5618,26.000000406929);
#5618 = AXIS2_PLACEMENT_3D('',#5619,#5620,#5621);
#5619 = CARTESIAN_POINT('',(100.,-100.0000004069,1.51));
#5620 = DIRECTION('',(0.,0.,-1.));
#5621 = DIRECTION('',(-0.807692295051,0.589604237192,0.));
#5622 = ORIENTED_EDGE('',*,*,#5623,.F.);
#5623 = EDGE_CURVE('',#5624,#5615,#5626,.T.);
#5624 = VERTEX_POINT('',#5625);
#5625 = CARTESIAN_POINT('',(121.,-84.67029,0.));
#5626 = LINE('',#5627,#5628);
#5627 = CARTESIAN_POINT('',(121.,-84.67029,0.));
#5628 = VECTOR('',#5629,1.);
#5629 = DIRECTION('',(0.,0.,1.));
#5630 = ORIENTED_EDGE('',*,*,#5631,.F.);
#5631 = EDGE_CURVE('',#5605,#5624,#5632,.T.);
#5632 = CIRCLE('',#5633,26.000000406929);
#5633 = AXIS2_PLACEMENT_3D('',#5634,#5635,#5636);
#5634 = CARTESIAN_POINT('',(100.,-100.0000004069,0.));
#5635 = DIRECTION('',(0.,0.,-1.));
#5636 = DIRECTION('',(-0.807692295051,0.589604237192,0.));
#5637 = CYLINDRICAL_SURFACE('',#5638,26.000000406929);
#5638 = AXIS2_PLACEMENT_3D('',#5639,#5640,#5641);
#5639 = CARTESIAN_POINT('',(100.,-100.0000004069,0.));
#5640 = DIRECTION('',(0.,0.,-1.));
#5641 = DIRECTION('',(-0.807692295051,0.589604237192,0.));
#5642 = ADVANCED_FACE('',(#5643),#5668,.T.);
#5643 = FACE_BOUND('',#5644,.T.);
#5644 = EDGE_LOOP('',(#5645,#5655,#5661,#5662));
#5645 = ORIENTED_EDGE('',*,*,#5646,.T.);
#5646 = EDGE_CURVE('',#5647,#5649,#5651,.T.);
#5647 = VERTEX_POINT('',#5648);
#5648 = CARTESIAN_POINT('',(79.,-115.329709,0.));
#5649 = VERTEX_POINT('',#5650);
#5650 = CARTESIAN_POINT('',(79.,-115.329709,1.51));
#5651 = LINE('',#5652,#5653);
#5652 = CARTESIAN_POINT('',(79.,-115.329709,0.));
#5653 = VECTOR('',#5654,1.);
#5654 = DIRECTION('',(0.,0.,1.));
#5655 = ORIENTED_EDGE('',*,*,#5656,.T.);
#5656 = EDGE_CURVE('',#5649,#5607,#5657,.T.);
#5657 = LINE('',#5658,#5659);
#5658 = CARTESIAN_POINT('',(79.,-115.329709,1.51));
#5659 = VECTOR('',#5660,1.);
#5660 = DIRECTION('',(0.,1.,0.));
#5661 = ORIENTED_EDGE('',*,*,#5604,.F.);
#5662 = ORIENTED_EDGE('',*,*,#5663,.F.);
#5663 = EDGE_CURVE('',#5647,#5605,#5664,.T.);
#5664 = LINE('',#5665,#5666);
#5665 = CARTESIAN_POINT('',(79.,-115.329709,0.));
#5666 = VECTOR('',#5667,1.);
#5667 = DIRECTION('',(0.,1.,0.));
#5668 = PLANE('',#5669);
#5669 = AXIS2_PLACEMENT_3D('',#5670,#5671,#5672);
#5670 = CARTESIAN_POINT('',(79.,-115.329709,0.));
#5671 = DIRECTION('',(-1.,0.,0.));
#5672 = DIRECTION('',(0.,1.,0.));
#5673 = ADVANCED_FACE('',(#5674),#5699,.T.);
#5674 = FACE_BOUND('',#5675,.T.);
#5675 = EDGE_LOOP('',(#5676,#5677,#5685,#5693));
#5676 = ORIENTED_EDGE('',*,*,#5623,.T.);
#5677 = ORIENTED_EDGE('',*,*,#5678,.T.);
#5678 = EDGE_CURVE('',#5615,#5679,#5681,.T.);
#5679 = VERTEX_POINT('',#5680);
#5680 = CARTESIAN_POINT('',(121.,-115.329709,1.51));
#5681 = LINE('',#5682,#5683);
#5682 = CARTESIAN_POINT('',(121.,-84.67029,1.51));
#5683 = VECTOR('',#5684,1.);
#5684 = DIRECTION('',(0.,-1.,0.));
#5685 = ORIENTED_EDGE('',*,*,#5686,.F.);
#5686 = EDGE_CURVE('',#5687,#5679,#5689,.T.);
#5687 = VERTEX_POINT('',#5688);
#5688 = CARTESIAN_POINT('',(121.,-115.329709,0.));
#5689 = LINE('',#5690,#5691);
#5690 = CARTESIAN_POINT('',(121.,-115.329709,0.));
#5691 = VECTOR('',#5692,1.);
#5692 = DIRECTION('',(0.,0.,1.));
#5693 = ORIENTED_EDGE('',*,*,#5694,.F.);
#5694 = EDGE_CURVE('',#5624,#5687,#5695,.T.);
#5695 = LINE('',#5696,#5697);
#5696 = CARTESIAN_POINT('',(121.,-84.67029,0.));
#5697 = VECTOR('',#5698,1.);
#5698 = DIRECTION('',(0.,-1.,0.));
#5699 = PLANE('',#5700);
#5700 = AXIS2_PLACEMENT_3D('',#5701,#5702,#5703);
#5701 = CARTESIAN_POINT('',(121.,-84.67029,0.));
#5702 = DIRECTION('',(1.,0.,-0.));
#5703 = DIRECTION('',(0.,-1.,0.));
#5704 = ADVANCED_FACE('',(#5705,#5717,#5728,#5739,#5750,#5761,#5772,
    #5783,#5794,#5805,#5816,#5852,#5863,#5874,#5885,#5896,#5907),#5918,
  .F.);
#5705 = FACE_BOUND('',#5706,.F.);
#5706 = EDGE_LOOP('',(#5707,#5708,#5709,#5716));
#5707 = ORIENTED_EDGE('',*,*,#5631,.F.);
#5708 = ORIENTED_EDGE('',*,*,#5663,.F.);
#5709 = ORIENTED_EDGE('',*,*,#5710,.F.);
#5710 = EDGE_CURVE('',#5687,#5647,#5711,.T.);
#5711 = CIRCLE('',#5712,25.999998970257);
#5712 = AXIS2_PLACEMENT_3D('',#5713,#5714,#5715);
#5713 = CARTESIAN_POINT('',(100.,-100.0000010297,0.));
#5714 = DIRECTION('',(-0.,0.,-1.));
#5715 = DIRECTION('',(0.807692339681,-0.589604176054,-0.));
#5716 = ORIENTED_EDGE('',*,*,#5694,.F.);
#5717 = FACE_BOUND('',#5718,.F.);
#5718 = EDGE_LOOP('',(#5719));
#5719 = ORIENTED_EDGE('',*,*,#5720,.T.);
#5720 = EDGE_CURVE('',#5721,#5721,#5723,.T.);
#5721 = VERTEX_POINT('',#5722);
#5722 = CARTESIAN_POINT('',(82.8,-115.35,0.));
#5723 = CIRCLE('',#5724,0.65);
#5724 = AXIS2_PLACEMENT_3D('',#5725,#5726,#5727);
#5725 = CARTESIAN_POINT('',(82.8,-114.7,0.));
#5726 = DIRECTION('',(-0.,0.,-1.));
#5727 = DIRECTION('',(-2.1862853408E-14,-1.,0.));
#5728 = FACE_BOUND('',#5729,.F.);
#5729 = EDGE_LOOP('',(#5730));
#5730 = ORIENTED_EDGE('',*,*,#5731,.T.);
#5731 = EDGE_CURVE('',#5732,#5732,#5734,.T.);
#5732 = VERTEX_POINT('',#5733);
#5733 = CARTESIAN_POINT('',(98.2,-115.35,0.));
#5734 = CIRCLE('',#5735,0.65);
#5735 = AXIS2_PLACEMENT_3D('',#5736,#5737,#5738);
#5736 = CARTESIAN_POINT('',(98.2,-114.7,0.));
#5737 = DIRECTION('',(-0.,0.,-1.));
#5738 = DIRECTION('',(2.1862853408E-14,-1.,-0.));
#5739 = FACE_BOUND('',#5740,.F.);
#5740 = EDGE_LOOP('',(#5741));
#5741 = ORIENTED_EDGE('',*,*,#5742,.T.);
#5742 = EDGE_CURVE('',#5743,#5743,#5745,.T.);
#5743 = VERTEX_POINT('',#5744);
#5744 = CARTESIAN_POINT('',(104.4,-118.1,0.));
#5745 = CIRCLE('',#5746,0.6);
#5746 = AXIS2_PLACEMENT_3D('',#5747,#5748,#5749);
#5747 = CARTESIAN_POINT('',(104.4,-117.5,0.));
#5748 = DIRECTION('',(-0.,0.,-1.));
#5749 = DIRECTION('',(-0.,-1.,0.));
#5750 = FACE_BOUND('',#5751,.F.);
#5751 = EDGE_LOOP('',(#5752));
#5752 = ORIENTED_EDGE('',*,*,#5753,.T.);
#5753 = EDGE_CURVE('',#5754,#5754,#5756,.T.);
#5754 = VERTEX_POINT('',#5755);
#5755 = CARTESIAN_POINT('',(107.9,-118.1,0.));
#5756 = CIRCLE('',#5757,0.6);
#5757 = AXIS2_PLACEMENT_3D('',#5758,#5759,#5760);
#5758 = CARTESIAN_POINT('',(107.9,-117.5,0.));
#5759 = DIRECTION('',(-0.,0.,-1.));
#5760 = DIRECTION('',(-0.,-1.,0.));
#5761 = FACE_BOUND('',#5762,.F.);
#5762 = EDGE_LOOP('',(#5763));
#5763 = ORIENTED_EDGE('',*,*,#5764,.T.);
#5764 = EDGE_CURVE('',#5765,#5765,#5767,.T.);
#5765 = VERTEX_POINT('',#5766);
#5766 = CARTESIAN_POINT('',(111.4,-118.1,0.));
#5767 = CIRCLE('',#5768,0.6);
#5768 = AXIS2_PLACEMENT_3D('',#5769,#5770,#5771);
#5769 = CARTESIAN_POINT('',(111.4,-117.5,0.));
#5770 = DIRECTION('',(-0.,0.,-1.));
#5771 = DIRECTION('',(-0.,-1.,0.));
#5772 = FACE_BOUND('',#5773,.F.);
#5773 = EDGE_LOOP('',(#5774));
#5774 = ORIENTED_EDGE('',*,*,#5775,.T.);
#5775 = EDGE_CURVE('',#5776,#5776,#5778,.T.);
#5776 = VERTEX_POINT('',#5777);
#5777 = CARTESIAN_POINT('',(115.9,-112.15,0.));
#5778 = CIRCLE('',#5779,0.65);
#5779 = AXIS2_PLACEMENT_3D('',#5780,#5781,#5782);
#5780 = CARTESIAN_POINT('',(115.9,-111.5,0.));
#5781 = DIRECTION('',(-0.,0.,-1.));
#5782 = DIRECTION('',(-0.,-1.,0.));
#5783 = FACE_BOUND('',#5784,.F.);
#5784 = EDGE_LOOP('',(#5785));
#5785 = ORIENTED_EDGE('',*,*,#5786,.T.);
#5786 = EDGE_CURVE('',#5787,#5787,#5789,.T.);
#5787 = VERTEX_POINT('',#5788);
#5788 = CARTESIAN_POINT('',(115.9,-108.65,0.));
#5789 = CIRCLE('',#5790,0.65);
#5790 = AXIS2_PLACEMENT_3D('',#5791,#5792,#5793);
#5791 = CARTESIAN_POINT('',(115.9,-108.,0.));
#5792 = DIRECTION('',(-0.,0.,-1.));
#5793 = DIRECTION('',(-0.,-1.,0.));
#5794 = FACE_BOUND('',#5795,.F.);
#5795 = EDGE_LOOP('',(#5796));
#5796 = ORIENTED_EDGE('',*,*,#5797,.T.);
#5797 = EDGE_CURVE('',#5798,#5798,#5800,.T.);
#5798 = VERTEX_POINT('',#5799);
#5799 = CARTESIAN_POINT('',(115.9,-105.15,0.));
#5800 = CIRCLE('',#5801,0.65);
#5801 = AXIS2_PLACEMENT_3D('',#5802,#5803,#5804);
#5802 = CARTESIAN_POINT('',(115.9,-104.5,0.));
#5803 = DIRECTION('',(-0.,0.,-1.));
#5804 = DIRECTION('',(-0.,-1.,0.));
#5805 = FACE_BOUND('',#5806,.F.);
#5806 = EDGE_LOOP('',(#5807));
#5807 = ORIENTED_EDGE('',*,*,#5808,.T.);
#5808 = EDGE_CURVE('',#5809,#5809,#5811,.T.);
#5809 = VERTEX_POINT('',#5810);
#5810 = CARTESIAN_POINT('',(115.9,-101.65,0.));
#5811 = CIRCLE('',#5812,0.65);
#5812 = AXIS2_PLACEMENT_3D('',#5813,#5814,#5815);
#5813 = CARTESIAN_POINT('',(115.9,-101.,0.));
#5814 = DIRECTION('',(-0.,0.,-1.));
#5815 = DIRECTION('',(-0.,-1.,0.));
#5816 = FACE_BOUND('',#5817,.F.);
#5817 = EDGE_LOOP('',(#5818,#5829,#5837,#5846));
#5818 = ORIENTED_EDGE('',*,*,#5819,.F.);
#5819 = EDGE_CURVE('',#5820,#5822,#5824,.T.);
#5820 = VERTEX_POINT('',#5821);
#5821 = CARTESIAN_POINT('',(80.6,-88.9,0.));
#5822 = VERTEX_POINT('',#5823);
#5823 = CARTESIAN_POINT('',(80.6,-89.9,0.));
#5824 = CIRCLE('',#5825,0.5);
#5825 = AXIS2_PLACEMENT_3D('',#5826,#5827,#5828);
#5826 = CARTESIAN_POINT('',(80.6,-89.4,0.));
#5827 = DIRECTION('',(0.,-0.,1.));
#5828 = DIRECTION('',(0.,1.,0.));
#5829 = ORIENTED_EDGE('',*,*,#5830,.F.);
#5830 = EDGE_CURVE('',#5831,#5820,#5833,.T.);
#5831 = VERTEX_POINT('',#5832);
#5832 = CARTESIAN_POINT('',(97.8,-88.9,0.));
#5833 = LINE('',#5834,#5835);
#5834 = CARTESIAN_POINT('',(97.8,-88.9,0.));
#5835 = VECTOR('',#5836,1.);
#5836 = DIRECTION('',(-1.,0.,0.));
#5837 = ORIENTED_EDGE('',*,*,#5838,.F.);
#5838 = EDGE_CURVE('',#5839,#5831,#5841,.T.);
#5839 = VERTEX_POINT('',#5840);
#5840 = CARTESIAN_POINT('',(97.8,-89.9,0.));
#5841 = CIRCLE('',#5842,0.5);
#5842 = AXIS2_PLACEMENT_3D('',#5843,#5844,#5845);
#5843 = CARTESIAN_POINT('',(97.8,-89.4,0.));
#5844 = DIRECTION('',(0.,0.,1.));
#5845 = DIRECTION('',(-0.,-1.,0.));
#5846 = ORIENTED_EDGE('',*,*,#5847,.F.);
#5847 = EDGE_CURVE('',#5822,#5839,#5848,.T.);
#5848 = LINE('',#5849,#5850);
#5849 = CARTESIAN_POINT('',(80.6,-89.9,0.));
#5850 = VECTOR('',#5851,1.);
#5851 = DIRECTION('',(1.,0.,0.));
#5852 = FACE_BOUND('',#5853,.F.);
#5853 = EDGE_LOOP('',(#5854));
#5854 = ORIENTED_EDGE('',*,*,#5855,.T.);
#5855 = EDGE_CURVE('',#5856,#5856,#5858,.T.);
#5856 = VERTEX_POINT('',#5857);
#5857 = CARTESIAN_POINT('',(88.,-85.95,0.));
#5858 = CIRCLE('',#5859,0.65);
#5859 = AXIS2_PLACEMENT_3D('',#5860,#5861,#5862);
#5860 = CARTESIAN_POINT('',(88.,-85.3,0.));
#5861 = DIRECTION('',(-0.,0.,-1.));
#5862 = DIRECTION('',(-0.,-1.,0.));
#5863 = FACE_BOUND('',#5864,.F.);
#5864 = EDGE_LOOP('',(#5865));
#5865 = ORIENTED_EDGE('',*,*,#5866,.T.);
#5866 = EDGE_CURVE('',#5867,#5867,#5869,.T.);
#5867 = VERTEX_POINT('',#5868);
#5868 = CARTESIAN_POINT('',(93.,-85.95,0.));
#5869 = CIRCLE('',#5870,0.65);
#5870 = AXIS2_PLACEMENT_3D('',#5871,#5872,#5873);
#5871 = CARTESIAN_POINT('',(93.,-85.3,0.));
#5872 = DIRECTION('',(-0.,0.,-1.));
#5873 = DIRECTION('',(-0.,-1.,0.));
#5874 = FACE_BOUND('',#5875,.F.);
#5875 = EDGE_LOOP('',(#5876));
#5876 = ORIENTED_EDGE('',*,*,#5877,.T.);
#5877 = EDGE_CURVE('',#5878,#5878,#5880,.T.);
#5878 = VERTEX_POINT('',#5879);
#5879 = CARTESIAN_POINT('',(115.9,-93.04,0.));
#5880 = CIRCLE('',#5881,0.7);
#5881 = AXIS2_PLACEMENT_3D('',#5882,#5883,#5884);
#5882 = CARTESIAN_POINT('',(115.9,-92.34,0.));
#5883 = DIRECTION('',(-0.,0.,-1.));
#5884 = DIRECTION('',(-0.,-1.,0.));
#5885 = FACE_BOUND('',#5886,.F.);
#5886 = EDGE_LOOP('',(#5887));
#5887 = ORIENTED_EDGE('',*,*,#5888,.T.);
#5888 = EDGE_CURVE('',#5889,#5889,#5891,.T.);
#5889 = VERTEX_POINT('',#5890);
#5890 = CARTESIAN_POINT('',(104.061236,-81.900001,0.));
#5891 = CIRCLE('',#5892,0.5);
#5892 = AXIS2_PLACEMENT_3D('',#5893,#5894,#5895);
#5893 = CARTESIAN_POINT('',(104.061236,-81.400001,0.));
#5894 = DIRECTION('',(-0.,0.,-1.));
#5895 = DIRECTION('',(-0.,-1.,0.));
#5896 = FACE_BOUND('',#5897,.F.);
#5897 = EDGE_LOOP('',(#5898));
#5898 = ORIENTED_EDGE('',*,*,#5899,.T.);
#5899 = EDGE_CURVE('',#5900,#5900,#5902,.T.);
#5900 = VERTEX_POINT('',#5901);
#5901 = CARTESIAN_POINT('',(115.9,-87.96,0.));
#5902 = CIRCLE('',#5903,0.7);
#5903 = AXIS2_PLACEMENT_3D('',#5904,#5905,#5906);
#5904 = CARTESIAN_POINT('',(115.9,-87.26,0.));
#5905 = DIRECTION('',(-0.,0.,-1.));
#5906 = DIRECTION('',(-0.,-1.,0.));
#5907 = FACE_BOUND('',#5908,.F.);
#5908 = EDGE_LOOP('',(#5909));
#5909 = ORIENTED_EDGE('',*,*,#5910,.T.);
#5910 = EDGE_CURVE('',#5911,#5911,#5913,.T.);
#5911 = VERTEX_POINT('',#5912);
#5912 = CARTESIAN_POINT('',(109.141236,-81.900001,0.));
#5913 = CIRCLE('',#5914,0.5);
#5914 = AXIS2_PLACEMENT_3D('',#5915,#5916,#5917);
#5915 = CARTESIAN_POINT('',(109.141236,-81.400001,0.));
#5916 = DIRECTION('',(-0.,0.,-1.));
#5917 = DIRECTION('',(-0.,-1.,0.));
#5918 = PLANE('',#5919);
#5919 = AXIS2_PLACEMENT_3D('',#5920,#5921,#5922);
#5920 = CARTESIAN_POINT('',(0.,0.,0.));
#5921 = DIRECTION('',(0.,0.,1.));
#5922 = DIRECTION('',(1.,0.,-0.));
#5923 = ADVANCED_FACE('',(#5924,#5936,#5947,#5958,#5969,#5980,#5991,
    #6002,#6013,#6024,#6035,#6071,#6082,#6093,#6104,#6115,#6126),#6137,
  .T.);
#5924 = FACE_BOUND('',#5925,.T.);
#5925 = EDGE_LOOP('',(#5926,#5927,#5928,#5935));
#5926 = ORIENTED_EDGE('',*,*,#5614,.F.);
#5927 = ORIENTED_EDGE('',*,*,#5656,.F.);
#5928 = ORIENTED_EDGE('',*,*,#5929,.F.);
#5929 = EDGE_CURVE('',#5679,#5649,#5930,.T.);
#5930 = CIRCLE('',#5931,25.999998970257);
#5931 = AXIS2_PLACEMENT_3D('',#5932,#5933,#5934);
#5932 = CARTESIAN_POINT('',(100.,-100.0000010297,1.51));
#5933 = DIRECTION('',(-0.,0.,-1.));
#5934 = DIRECTION('',(0.807692339681,-0.589604176054,-0.));
#5935 = ORIENTED_EDGE('',*,*,#5678,.F.);
#5936 = FACE_BOUND('',#5937,.T.);
#5937 = EDGE_LOOP('',(#5938));
#5938 = ORIENTED_EDGE('',*,*,#5939,.T.);
#5939 = EDGE_CURVE('',#5940,#5940,#5942,.T.);
#5940 = VERTEX_POINT('',#5941);
#5941 = CARTESIAN_POINT('',(82.8,-115.35,1.51));
#5942 = CIRCLE('',#5943,0.65);
#5943 = AXIS2_PLACEMENT_3D('',#5944,#5945,#5946);
#5944 = CARTESIAN_POINT('',(82.8,-114.7,1.51));
#5945 = DIRECTION('',(-0.,0.,-1.));
#5946 = DIRECTION('',(-2.1862853408E-14,-1.,0.));
#5947 = FACE_BOUND('',#5948,.T.);
#5948 = EDGE_LOOP('',(#5949));
#5949 = ORIENTED_EDGE('',*,*,#5950,.T.);
#5950 = EDGE_CURVE('',#5951,#5951,#5953,.T.);
#5951 = VERTEX_POINT('',#5952);
#5952 = CARTESIAN_POINT('',(98.2,-115.35,1.51));
#5953 = CIRCLE('',#5954,0.65);
#5954 = AXIS2_PLACEMENT_3D('',#5955,#5956,#5957);
#5955 = CARTESIAN_POINT('',(98.2,-114.7,1.51));
#5956 = DIRECTION('',(-0.,0.,-1.));
#5957 = DIRECTION('',(2.1862853408E-14,-1.,-0.));
#5958 = FACE_BOUND('',#5959,.T.);
#5959 = EDGE_LOOP('',(#5960));
#5960 = ORIENTED_EDGE('',*,*,#5961,.T.);
#5961 = EDGE_CURVE('',#5962,#5962,#5964,.T.);
#5962 = VERTEX_POINT('',#5963);
#5963 = CARTESIAN_POINT('',(104.4,-118.1,1.51));
#5964 = CIRCLE('',#5965,0.6);
#5965 = AXIS2_PLACEMENT_3D('',#5966,#5967,#5968);
#5966 = CARTESIAN_POINT('',(104.4,-117.5,1.51));
#5967 = DIRECTION('',(-0.,0.,-1.));
#5968 = DIRECTION('',(-0.,-1.,0.));
#5969 = FACE_BOUND('',#5970,.T.);
#5970 = EDGE_LOOP('',(#5971));
#5971 = ORIENTED_EDGE('',*,*,#5972,.T.);
#5972 = EDGE_CURVE('',#5973,#5973,#5975,.T.);
#5973 = VERTEX_POINT('',#5974);
#5974 = CARTESIAN_POINT('',(107.9,-118.1,1.51));
#5975 = CIRCLE('',#5976,0.6);
#5976 = AXIS2_PLACEMENT_3D('',#5977,#5978,#5979);
#5977 = CARTESIAN_POINT('',(107.9,-117.5,1.51));
#5978 = DIRECTION('',(-0.,0.,-1.));
#5979 = DIRECTION('',(-0.,-1.,0.));
#5980 = FACE_BOUND('',#5981,.T.);
#5981 = EDGE_LOOP('',(#5982));
#5982 = ORIENTED_EDGE('',*,*,#5983,.T.);
#5983 = EDGE_CURVE('',#5984,#5984,#5986,.T.);
#5984 = VERTEX_POINT('',#5985);
#5985 = CARTESIAN_POINT('',(111.4,-118.1,1.51));
#5986 = CIRCLE('',#5987,0.6);
#5987 = AXIS2_PLACEMENT_3D('',#5988,#5989,#5990);
#5988 = CARTESIAN_POINT('',(111.4,-117.5,1.51));
#5989 = DIRECTION('',(-0.,0.,-1.));
#5990 = DIRECTION('',(-0.,-1.,0.));
#5991 = FACE_BOUND('',#5992,.T.);
#5992 = EDGE_LOOP('',(#5993));
#5993 = ORIENTED_EDGE('',*,*,#5994,.T.);
#5994 = EDGE_CURVE('',#5995,#5995,#5997,.T.);
#5995 = VERTEX_POINT('',#5996);
#5996 = CARTESIAN_POINT('',(115.9,-112.15,1.51));
#5997 = CIRCLE('',#5998,0.65);
#5998 = AXIS2_PLACEMENT_3D('',#5999,#6000,#6001);
#5999 = CARTESIAN_POINT('',(115.9,-111.5,1.51));
#6000 = DIRECTION('',(-0.,0.,-1.));
#6001 = DIRECTION('',(-0.,-1.,0.));
#6002 = FACE_BOUND('',#6003,.T.);
#6003 = EDGE_LOOP('',(#6004));
#6004 = ORIENTED_EDGE('',*,*,#6005,.T.);
#6005 = EDGE_CURVE('',#6006,#6006,#6008,.T.);
#6006 = VERTEX_POINT('',#6007);
#6007 = CARTESIAN_POINT('',(115.9,-108.65,1.51));
#6008 = CIRCLE('',#6009,0.65);
#6009 = AXIS2_PLACEMENT_3D('',#6010,#6011,#6012);
#6010 = CARTESIAN_POINT('',(115.9,-108.,1.51));
#6011 = DIRECTION('',(-0.,0.,-1.));
#6012 = DIRECTION('',(-0.,-1.,0.));
#6013 = FACE_BOUND('',#6014,.T.);
#6014 = EDGE_LOOP('',(#6015));
#6015 = ORIENTED_EDGE('',*,*,#6016,.T.);
#6016 = EDGE_CURVE('',#6017,#6017,#6019,.T.);
#6017 = VERTEX_POINT('',#6018);
#6018 = CARTESIAN_POINT('',(115.9,-105.15,1.51));
#6019 = CIRCLE('',#6020,0.65);
#6020 = AXIS2_PLACEMENT_3D('',#6021,#6022,#6023);
#6021 = CARTESIAN_POINT('',(115.9,-104.5,1.51));
#6022 = DIRECTION('',(-0.,0.,-1.));
#6023 = DIRECTION('',(-0.,-1.,0.));
#6024 = FACE_BOUND('',#6025,.T.);
#6025 = EDGE_LOOP('',(#6026));
#6026 = ORIENTED_EDGE('',*,*,#6027,.T.);
#6027 = EDGE_CURVE('',#6028,#6028,#6030,.T.);
#6028 = VERTEX_POINT('',#6029);
#6029 = CARTESIAN_POINT('',(115.9,-101.65,1.51));
#6030 = CIRCLE('',#6031,0.65);
#6031 = AXIS2_PLACEMENT_3D('',#6032,#6033,#6034);
#6032 = CARTESIAN_POINT('',(115.9,-101.,1.51));
#6033 = DIRECTION('',(-0.,0.,-1.));
#6034 = DIRECTION('',(-0.,-1.,0.));
#6035 = FACE_BOUND('',#6036,.T.);
#6036 = EDGE_LOOP('',(#6037,#6048,#6056,#6065));
#6037 = ORIENTED_EDGE('',*,*,#6038,.F.);
#6038 = EDGE_CURVE('',#6039,#6041,#6043,.T.);
#6039 = VERTEX_POINT('',#6040);
#6040 = CARTESIAN_POINT('',(80.6,-88.9,1.51));
#6041 = VERTEX_POINT('',#6042);
#6042 = CARTESIAN_POINT('',(80.6,-89.9,1.51));
#6043 = CIRCLE('',#6044,0.5);
#6044 = AXIS2_PLACEMENT_3D('',#6045,#6046,#6047);
#6045 = CARTESIAN_POINT('',(80.6,-89.4,1.51));
#6046 = DIRECTION('',(0.,-0.,1.));
#6047 = DIRECTION('',(0.,1.,0.));
#6048 = ORIENTED_EDGE('',*,*,#6049,.F.);
#6049 = EDGE_CURVE('',#6050,#6039,#6052,.T.);
#6050 = VERTEX_POINT('',#6051);
#6051 = CARTESIAN_POINT('',(97.8,-88.9,1.51));
#6052 = LINE('',#6053,#6054);
#6053 = CARTESIAN_POINT('',(97.8,-88.9,1.51));
#6054 = VECTOR('',#6055,1.);
#6055 = DIRECTION('',(-1.,0.,0.));
#6056 = ORIENTED_EDGE('',*,*,#6057,.F.);
#6057 = EDGE_CURVE('',#6058,#6050,#6060,.T.);
#6058 = VERTEX_POINT('',#6059);
#6059 = CARTESIAN_POINT('',(97.8,-89.9,1.51));
#6060 = CIRCLE('',#6061,0.5);
#6061 = AXIS2_PLACEMENT_3D('',#6062,#6063,#6064);
#6062 = CARTESIAN_POINT('',(97.8,-89.4,1.51));
#6063 = DIRECTION('',(0.,0.,1.));
#6064 = DIRECTION('',(-0.,-1.,0.));
#6065 = ORIENTED_EDGE('',*,*,#6066,.F.);
#6066 = EDGE_CURVE('',#6041,#6058,#6067,.T.);
#6067 = LINE('',#6068,#6069);
#6068 = CARTESIAN_POINT('',(80.6,-89.9,1.51));
#6069 = VECTOR('',#6070,1.);
#6070 = DIRECTION('',(1.,0.,0.));
#6071 = FACE_BOUND('',#6072,.T.);
#6072 = EDGE_LOOP('',(#6073));
#6073 = ORIENTED_EDGE('',*,*,#6074,.T.);
#6074 = EDGE_CURVE('',#6075,#6075,#6077,.T.);
#6075 = VERTEX_POINT('',#6076);
#6076 = CARTESIAN_POINT('',(88.,-85.95,1.51));
#6077 = CIRCLE('',#6078,0.65);
#6078 = AXIS2_PLACEMENT_3D('',#6079,#6080,#6081);
#6079 = CARTESIAN_POINT('',(88.,-85.3,1.51));
#6080 = DIRECTION('',(-0.,0.,-1.));
#6081 = DIRECTION('',(-0.,-1.,0.));
#6082 = FACE_BOUND('',#6083,.T.);
#6083 = EDGE_LOOP('',(#6084));
#6084 = ORIENTED_EDGE('',*,*,#6085,.T.);
#6085 = EDGE_CURVE('',#6086,#6086,#6088,.T.);
#6086 = VERTEX_POINT('',#6087);
#6087 = CARTESIAN_POINT('',(93.,-85.95,1.51));
#6088 = CIRCLE('',#6089,0.65);
#6089 = AXIS2_PLACEMENT_3D('',#6090,#6091,#6092);
#6090 = CARTESIAN_POINT('',(93.,-85.3,1.51));
#6091 = DIRECTION('',(-0.,0.,-1.));
#6092 = DIRECTION('',(-0.,-1.,0.));
#6093 = FACE_BOUND('',#6094,.T.);
#6094 = EDGE_LOOP('',(#6095));
#6095 = ORIENTED_EDGE('',*,*,#6096,.T.);
#6096 = EDGE_CURVE('',#6097,#6097,#6099,.T.);
#6097 = VERTEX_POINT('',#6098);
#6098 = CARTESIAN_POINT('',(115.9,-93.04,1.51));
#6099 = CIRCLE('',#6100,0.7);
#6100 = AXIS2_PLACEMENT_3D('',#6101,#6102,#6103);
#6101 = CARTESIAN_POINT('',(115.9,-92.34,1.51));
#6102 = DIRECTION('',(-0.,0.,-1.));
#6103 = DIRECTION('',(-0.,-1.,0.));
#6104 = FACE_BOUND('',#6105,.T.);
#6105 = EDGE_LOOP('',(#6106));
#6106 = ORIENTED_EDGE('',*,*,#6107,.T.);
#6107 = EDGE_CURVE('',#6108,#6108,#6110,.T.);
#6108 = VERTEX_POINT('',#6109);
#6109 = CARTESIAN_POINT('',(104.061236,-81.900001,1.51));
#6110 = CIRCLE('',#6111,0.5);
#6111 = AXIS2_PLACEMENT_3D('',#6112,#6113,#6114);
#6112 = CARTESIAN_POINT('',(104.061236,-81.400001,1.51));
#6113 = DIRECTION('',(-0.,0.,-1.));
#6114 = DIRECTION('',(-0.,-1.,0.));
#6115 = FACE_BOUND('',#6116,.T.);
#6116 = EDGE_LOOP('',(#6117));
#6117 = ORIENTED_EDGE('',*,*,#6118,.T.);
#6118 = EDGE_CURVE('',#6119,#6119,#6121,.T.);
#6119 = VERTEX_POINT('',#6120);
#6120 = CARTESIAN_POINT('',(115.9,-87.96,1.51));
#6121 = CIRCLE('',#6122,0.7);
#6122 = AXIS2_PLACEMENT_3D('',#6123,#6124,#6125);
#6123 = CARTESIAN_POINT('',(115.9,-87.26,1.51));
#6124 = DIRECTION('',(-0.,0.,-1.));
#6125 = DIRECTION('',(-0.,-1.,0.));
#6126 = FACE_BOUND('',#6127,.T.);
#6127 = EDGE_LOOP('',(#6128));
#6128 = ORIENTED_EDGE('',*,*,#6129,.T.);
#6129 = EDGE_CURVE('',#6130,#6130,#6132,.T.);
#6130 = VERTEX_POINT('',#6131);
#6131 = CARTESIAN_POINT('',(109.141236,-81.900001,1.51));
#6132 = CIRCLE('',#6133,0.5);
#6133 = AXIS2_PLACEMENT_3D('',#6134,#6135,#6136);
#6134 = CARTESIAN_POINT('',(109.141236,-81.400001,1.51));
#6135 = DIRECTION('',(-0.,0.,-1.));
#6136 = DIRECTION('',(-0.,-1.,0.));
#6137 = PLANE('',#6138);
#6138 = AXIS2_PLACEMENT_3D('',#6139,#6140,#6141);
#6139 = CARTESIAN_POINT('',(0.,0.,1.51));
#6140 = DIRECTION('',(0.,0.,1.));
#6141 = DIRECTION('',(1.,0.,-0.));
#6142 = ADVANCED_FACE('',(#6143),#6149,.T.);
#6143 = FACE_BOUND('',#6144,.T.);
#6144 = EDGE_LOOP('',(#6145,#6146,#6147,#6148));
#6145 = ORIENTED_EDGE('',*,*,#5686,.T.);
#6146 = ORIENTED_EDGE('',*,*,#5929,.T.);
#6147 = ORIENTED_EDGE('',*,*,#5646,.F.);
#6148 = ORIENTED_EDGE('',*,*,#5710,.F.);
#6149 = CYLINDRICAL_SURFACE('',#6150,25.999998970257);
#6150 = AXIS2_PLACEMENT_3D('',#6151,#6152,#6153);
#6151 = CARTESIAN_POINT('',(100.,-100.0000010297,0.));
#6152 = DIRECTION('',(-0.,0.,-1.));
#6153 = DIRECTION('',(0.807692339681,-0.589604176054,-0.));
#6154 = ADVANCED_FACE('',(#6155),#6166,.F.);
#6155 = FACE_BOUND('',#6156,.T.);
#6156 = EDGE_LOOP('',(#6157,#6158,#6164,#6165));
#6157 = ORIENTED_EDGE('',*,*,#5720,.T.);
#6158 = ORIENTED_EDGE('',*,*,#6159,.T.);
#6159 = EDGE_CURVE('',#5721,#5940,#6160,.T.);
#6160 = LINE('',#6161,#6162);
#6161 = CARTESIAN_POINT('',(82.8,-115.35,-4.6E-02));
#6162 = VECTOR('',#6163,1.);
#6163 = DIRECTION('',(0.,0.,1.));
#6164 = ORIENTED_EDGE('',*,*,#5939,.F.);
#6165 = ORIENTED_EDGE('',*,*,#6159,.F.);
#6166 = CYLINDRICAL_SURFACE('',#6167,0.65);
#6167 = AXIS2_PLACEMENT_3D('',#6168,#6169,#6170);
#6168 = CARTESIAN_POINT('',(82.8,-114.7,-4.6E-02));
#6169 = DIRECTION('',(-0.,-0.,-1.));
#6170 = DIRECTION('',(-2.1862853408E-14,-1.,0.));
#6171 = ADVANCED_FACE('',(#6172),#6183,.F.);
#6172 = FACE_BOUND('',#6173,.T.);
#6173 = EDGE_LOOP('',(#6174,#6175,#6181,#6182));
#6174 = ORIENTED_EDGE('',*,*,#5731,.T.);
#6175 = ORIENTED_EDGE('',*,*,#6176,.T.);
#6176 = EDGE_CURVE('',#5732,#5951,#6177,.T.);
#6177 = LINE('',#6178,#6179);
#6178 = CARTESIAN_POINT('',(98.2,-115.35,-4.6E-02));
#6179 = VECTOR('',#6180,1.);
#6180 = DIRECTION('',(0.,0.,1.));
#6181 = ORIENTED_EDGE('',*,*,#5950,.F.);
#6182 = ORIENTED_EDGE('',*,*,#6176,.F.);
#6183 = CYLINDRICAL_SURFACE('',#6184,0.65);
#6184 = AXIS2_PLACEMENT_3D('',#6185,#6186,#6187);
#6185 = CARTESIAN_POINT('',(98.2,-114.7,-4.6E-02));
#6186 = DIRECTION('',(-0.,0.,-1.));
#6187 = DIRECTION('',(2.1862853408E-14,-1.,-0.));
#6188 = ADVANCED_FACE('',(#6189),#6200,.F.);
#6189 = FACE_BOUND('',#6190,.T.);
#6190 = EDGE_LOOP('',(#6191,#6192,#6198,#6199));
#6191 = ORIENTED_EDGE('',*,*,#5742,.T.);
#6192 = ORIENTED_EDGE('',*,*,#6193,.T.);
#6193 = EDGE_CURVE('',#5743,#5962,#6194,.T.);
#6194 = LINE('',#6195,#6196);
#6195 = CARTESIAN_POINT('',(104.4,-118.1,-4.6E-02));
#6196 = VECTOR('',#6197,1.);
#6197 = DIRECTION('',(0.,0.,1.));
#6198 = ORIENTED_EDGE('',*,*,#5961,.F.);
#6199 = ORIENTED_EDGE('',*,*,#6193,.F.);
#6200 = CYLINDRICAL_SURFACE('',#6201,0.6);
#6201 = AXIS2_PLACEMENT_3D('',#6202,#6203,#6204);
#6202 = CARTESIAN_POINT('',(104.4,-117.5,-4.6E-02));
#6203 = DIRECTION('',(-0.,-0.,-1.));
#6204 = DIRECTION('',(-0.,-1.,0.));
#6205 = ADVANCED_FACE('',(#6206),#6217,.F.);
#6206 = FACE_BOUND('',#6207,.T.);
#6207 = EDGE_LOOP('',(#6208,#6209,#6215,#6216));
#6208 = ORIENTED_EDGE('',*,*,#5753,.T.);
#6209 = ORIENTED_EDGE('',*,*,#6210,.T.);
#6210 = EDGE_CURVE('',#5754,#5973,#6211,.T.);
#6211 = LINE('',#6212,#6213);
#6212 = CARTESIAN_POINT('',(107.9,-118.1,-4.6E-02));
#6213 = VECTOR('',#6214,1.);
#6214 = DIRECTION('',(0.,0.,1.));
#6215 = ORIENTED_EDGE('',*,*,#5972,.F.);
#6216 = ORIENTED_EDGE('',*,*,#6210,.F.);
#6217 = CYLINDRICAL_SURFACE('',#6218,0.6);
#6218 = AXIS2_PLACEMENT_3D('',#6219,#6220,#6221);
#6219 = CARTESIAN_POINT('',(107.9,-117.5,-4.6E-02));
#6220 = DIRECTION('',(-0.,-0.,-1.));
#6221 = DIRECTION('',(-0.,-1.,0.));
#6222 = ADVANCED_FACE('',(#6223),#6234,.F.);
#6223 = FACE_BOUND('',#6224,.T.);
#6224 = EDGE_LOOP('',(#6225,#6226,#6232,#6233));
#6225 = ORIENTED_EDGE('',*,*,#5764,.T.);
#6226 = ORIENTED_EDGE('',*,*,#6227,.T.);
#6227 = EDGE_CURVE('',#5765,#5984,#6228,.T.);
#6228 = LINE('',#6229,#6230);
#6229 = CARTESIAN_POINT('',(111.4,-118.1,-4.6E-02));
#6230 = VECTOR('',#6231,1.);
#6231 = DIRECTION('',(0.,0.,1.));
#6232 = ORIENTED_EDGE('',*,*,#5983,.F.);
#6233 = ORIENTED_EDGE('',*,*,#6227,.F.);
#6234 = CYLINDRICAL_SURFACE('',#6235,0.6);
#6235 = AXIS2_PLACEMENT_3D('',#6236,#6237,#6238);
#6236 = CARTESIAN_POINT('',(111.4,-117.5,-4.6E-02));
#6237 = DIRECTION('',(-0.,-0.,-1.));
#6238 = DIRECTION('',(-0.,-1.,0.));
#6239 = ADVANCED_FACE('',(#6240),#6251,.F.);
#6240 = FACE_BOUND('',#6241,.T.);
#6241 = EDGE_LOOP('',(#6242,#6243,#6249,#6250));
#6242 = ORIENTED_EDGE('',*,*,#5775,.T.);
#6243 = ORIENTED_EDGE('',*,*,#6244,.T.);
#6244 = EDGE_CURVE('',#5776,#5995,#6245,.T.);
#6245 = LINE('',#6246,#6247);
#6246 = CARTESIAN_POINT('',(115.9,-112.15,-4.6E-02));
#6247 = VECTOR('',#6248,1.);
#6248 = DIRECTION('',(0.,0.,1.));
#6249 = ORIENTED_EDGE('',*,*,#5994,.F.);
#6250 = ORIENTED_EDGE('',*,*,#6244,.F.);
#6251 = CYLINDRICAL_SURFACE('',#6252,0.65);
#6252 = AXIS2_PLACEMENT_3D('',#6253,#6254,#6255);
#6253 = CARTESIAN_POINT('',(115.9,-111.5,-4.6E-02));
#6254 = DIRECTION('',(-0.,-0.,-1.));
#6255 = DIRECTION('',(-0.,-1.,0.));
#6256 = ADVANCED_FACE('',(#6257),#6268,.F.);
#6257 = FACE_BOUND('',#6258,.T.);
#6258 = EDGE_LOOP('',(#6259,#6260,#6266,#6267));
#6259 = ORIENTED_EDGE('',*,*,#5786,.T.);
#6260 = ORIENTED_EDGE('',*,*,#6261,.T.);
#6261 = EDGE_CURVE('',#5787,#6006,#6262,.T.);
#6262 = LINE('',#6263,#6264);
#6263 = CARTESIAN_POINT('',(115.9,-108.65,-4.6E-02));
#6264 = VECTOR('',#6265,1.);
#6265 = DIRECTION('',(0.,0.,1.));
#6266 = ORIENTED_EDGE('',*,*,#6005,.F.);
#6267 = ORIENTED_EDGE('',*,*,#6261,.F.);
#6268 = CYLINDRICAL_SURFACE('',#6269,0.65);
#6269 = AXIS2_PLACEMENT_3D('',#6270,#6271,#6272);
#6270 = CARTESIAN_POINT('',(115.9,-108.,-4.6E-02));
#6271 = DIRECTION('',(-0.,-0.,-1.));
#6272 = DIRECTION('',(-0.,-1.,0.));
#6273 = ADVANCED_FACE('',(#6274),#6285,.F.);
#6274 = FACE_BOUND('',#6275,.T.);
#6275 = EDGE_LOOP('',(#6276,#6277,#6283,#6284));
#6276 = ORIENTED_EDGE('',*,*,#5797,.T.);
#6277 = ORIENTED_EDGE('',*,*,#6278,.T.);
#6278 = EDGE_CURVE('',#5798,#6017,#6279,.T.);
#6279 = LINE('',#6280,#6281);
#6280 = CARTESIAN_POINT('',(115.9,-105.15,-4.6E-02));
#6281 = VECTOR('',#6282,1.);
#6282 = DIRECTION('',(0.,0.,1.));
#6283 = ORIENTED_EDGE('',*,*,#6016,.F.);
#6284 = ORIENTED_EDGE('',*,*,#6278,.F.);
#6285 = CYLINDRICAL_SURFACE('',#6286,0.65);
#6286 = AXIS2_PLACEMENT_3D('',#6287,#6288,#6289);
#6287 = CARTESIAN_POINT('',(115.9,-104.5,-4.6E-02));
#6288 = DIRECTION('',(-0.,-0.,-1.));
#6289 = DIRECTION('',(-0.,-1.,0.));
#6290 = ADVANCED_FACE('',(#6291),#6302,.F.);
#6291 = FACE_BOUND('',#6292,.T.);
#6292 = EDGE_LOOP('',(#6293,#6294,#6300,#6301));
#6293 = ORIENTED_EDGE('',*,*,#5808,.T.);
#6294 = ORIENTED_EDGE('',*,*,#6295,.T.);
#6295 = EDGE_CURVE('',#5809,#6028,#6296,.T.);
#6296 = LINE('',#6297,#6298);
#6297 = CARTESIAN_POINT('',(115.9,-101.65,-4.6E-02));
#6298 = VECTOR('',#6299,1.);
#6299 = DIRECTION('',(0.,0.,1.));
#6300 = ORIENTED_EDGE('',*,*,#6027,.F.);
#6301 = ORIENTED_EDGE('',*,*,#6295,.F.);
#6302 = CYLINDRICAL_SURFACE('',#6303,0.65);
#6303 = AXIS2_PLACEMENT_3D('',#6304,#6305,#6306);
#6304 = CARTESIAN_POINT('',(115.9,-101.,-4.6E-02));
#6305 = DIRECTION('',(-0.,-0.,-1.));
#6306 = DIRECTION('',(-0.,-1.,0.));
#6307 = ADVANCED_FACE('',(#6308),#6324,.F.);
#6308 = FACE_BOUND('',#6309,.T.);
#6309 = EDGE_LOOP('',(#6310,#6316,#6317,#6323));
#6310 = ORIENTED_EDGE('',*,*,#6311,.T.);
#6311 = EDGE_CURVE('',#5820,#6039,#6312,.T.);
#6312 = LINE('',#6313,#6314);
#6313 = CARTESIAN_POINT('',(80.6,-88.9,0.));
#6314 = VECTOR('',#6315,1.);
#6315 = DIRECTION('',(0.,0.,1.));
#6316 = ORIENTED_EDGE('',*,*,#6038,.T.);
#6317 = ORIENTED_EDGE('',*,*,#6318,.F.);
#6318 = EDGE_CURVE('',#5822,#6041,#6319,.T.);
#6319 = LINE('',#6320,#6321);
#6320 = CARTESIAN_POINT('',(80.6,-89.9,0.));
#6321 = VECTOR('',#6322,1.);
#6322 = DIRECTION('',(0.,0.,1.));
#6323 = ORIENTED_EDGE('',*,*,#5819,.F.);
#6324 = CYLINDRICAL_SURFACE('',#6325,0.5);
#6325 = AXIS2_PLACEMENT_3D('',#6326,#6327,#6328);
#6326 = CARTESIAN_POINT('',(80.6,-89.4,0.));
#6327 = DIRECTION('',(-0.,0.,-1.));
#6328 = DIRECTION('',(0.,1.,0.));
#6329 = ADVANCED_FACE('',(#6330),#6341,.T.);
#6330 = FACE_BOUND('',#6331,.T.);
#6331 = EDGE_LOOP('',(#6332,#6338,#6339,#6340));
#6332 = ORIENTED_EDGE('',*,*,#6333,.T.);
#6333 = EDGE_CURVE('',#5831,#6050,#6334,.T.);
#6334 = LINE('',#6335,#6336);
#6335 = CARTESIAN_POINT('',(97.8,-88.9,0.));
#6336 = VECTOR('',#6337,1.);
#6337 = DIRECTION('',(0.,0.,1.));
#6338 = ORIENTED_EDGE('',*,*,#6049,.T.);
#6339 = ORIENTED_EDGE('',*,*,#6311,.F.);
#6340 = ORIENTED_EDGE('',*,*,#5830,.F.);
#6341 = PLANE('',#6342);
#6342 = AXIS2_PLACEMENT_3D('',#6343,#6344,#6345);
#6343 = CARTESIAN_POINT('',(97.8,-88.9,0.));
#6344 = DIRECTION('',(0.,-1.,0.));
#6345 = DIRECTION('',(-1.,0.,0.));
#6346 = ADVANCED_FACE('',(#6347),#6358,.T.);
#6347 = FACE_BOUND('',#6348,.T.);
#6348 = EDGE_LOOP('',(#6349,#6350,#6351,#6357));
#6349 = ORIENTED_EDGE('',*,*,#6318,.T.);
#6350 = ORIENTED_EDGE('',*,*,#6066,.T.);
#6351 = ORIENTED_EDGE('',*,*,#6352,.F.);
#6352 = EDGE_CURVE('',#5839,#6058,#6353,.T.);
#6353 = LINE('',#6354,#6355);
#6354 = CARTESIAN_POINT('',(97.8,-89.9,0.));
#6355 = VECTOR('',#6356,1.);
#6356 = DIRECTION('',(0.,0.,1.));
#6357 = ORIENTED_EDGE('',*,*,#5847,.F.);
#6358 = PLANE('',#6359);
#6359 = AXIS2_PLACEMENT_3D('',#6360,#6361,#6362);
#6360 = CARTESIAN_POINT('',(80.6,-89.9,0.));
#6361 = DIRECTION('',(0.,1.,0.));
#6362 = DIRECTION('',(1.,0.,0.));
#6363 = ADVANCED_FACE('',(#6364),#6370,.F.);
#6364 = FACE_BOUND('',#6365,.T.);
#6365 = EDGE_LOOP('',(#6366,#6367,#6368,#6369));
#6366 = ORIENTED_EDGE('',*,*,#6352,.T.);
#6367 = ORIENTED_EDGE('',*,*,#6057,.T.);
#6368 = ORIENTED_EDGE('',*,*,#6333,.F.);
#6369 = ORIENTED_EDGE('',*,*,#5838,.F.);
#6370 = CYLINDRICAL_SURFACE('',#6371,0.5);
#6371 = AXIS2_PLACEMENT_3D('',#6372,#6373,#6374);
#6372 = CARTESIAN_POINT('',(97.8,-89.4,0.));
#6373 = DIRECTION('',(-0.,-0.,-1.));
#6374 = DIRECTION('',(-0.,-1.,0.));
#6375 = ADVANCED_FACE('',(#6376),#6387,.F.);
#6376 = FACE_BOUND('',#6377,.T.);
#6377 = EDGE_LOOP('',(#6378,#6379,#6385,#6386));
#6378 = ORIENTED_EDGE('',*,*,#5855,.T.);
#6379 = ORIENTED_EDGE('',*,*,#6380,.T.);
#6380 = EDGE_CURVE('',#5856,#6075,#6381,.T.);
#6381 = LINE('',#6382,#6383);
#6382 = CARTESIAN_POINT('',(88.,-85.95,-4.6E-02));
#6383 = VECTOR('',#6384,1.);
#6384 = DIRECTION('',(0.,0.,1.));
#6385 = ORIENTED_EDGE('',*,*,#6074,.F.);
#6386 = ORIENTED_EDGE('',*,*,#6380,.F.);
#6387 = CYLINDRICAL_SURFACE('',#6388,0.65);
#6388 = AXIS2_PLACEMENT_3D('',#6389,#6390,#6391);
#6389 = CARTESIAN_POINT('',(88.,-85.3,-4.6E-02));
#6390 = DIRECTION('',(-0.,-0.,-1.));
#6391 = DIRECTION('',(-0.,-1.,0.));
#6392 = ADVANCED_FACE('',(#6393),#6404,.F.);
#6393 = FACE_BOUND('',#6394,.T.);
#6394 = EDGE_LOOP('',(#6395,#6396,#6402,#6403));
#6395 = ORIENTED_EDGE('',*,*,#5866,.T.);
#6396 = ORIENTED_EDGE('',*,*,#6397,.T.);
#6397 = EDGE_CURVE('',#5867,#6086,#6398,.T.);
#6398 = LINE('',#6399,#6400);
#6399 = CARTESIAN_POINT('',(93.,-85.95,-4.6E-02));
#6400 = VECTOR('',#6401,1.);
#6401 = DIRECTION('',(0.,0.,1.));
#6402 = ORIENTED_EDGE('',*,*,#6085,.F.);
#6403 = ORIENTED_EDGE('',*,*,#6397,.F.);
#6404 = CYLINDRICAL_SURFACE('',#6405,0.65);
#6405 = AXIS2_PLACEMENT_3D('',#6406,#6407,#6408);
#6406 = CARTESIAN_POINT('',(93.,-85.3,-4.6E-02));
#6407 = DIRECTION('',(-0.,-0.,-1.));
#6408 = DIRECTION('',(-0.,-1.,0.));
#6409 = ADVANCED_FACE('',(#6410),#6421,.F.);
#6410 = FACE_BOUND('',#6411,.T.);
#6411 = EDGE_LOOP('',(#6412,#6413,#6419,#6420));
#6412 = ORIENTED_EDGE('',*,*,#5877,.T.);
#6413 = ORIENTED_EDGE('',*,*,#6414,.T.);
#6414 = EDGE_CURVE('',#5878,#6097,#6415,.T.);
#6415 = LINE('',#6416,#6417);
#6416 = CARTESIAN_POINT('',(115.9,-93.04,-4.6E-02));
#6417 = VECTOR('',#6418,1.);
#6418 = DIRECTION('',(0.,0.,1.));
#6419 = ORIENTED_EDGE('',*,*,#6096,.F.);
#6420 = ORIENTED_EDGE('',*,*,#6414,.F.);
#6421 = CYLINDRICAL_SURFACE('',#6422,0.7);
#6422 = AXIS2_PLACEMENT_3D('',#6423,#6424,#6425);
#6423 = CARTESIAN_POINT('',(115.9,-92.34,-4.6E-02));
#6424 = DIRECTION('',(-0.,-0.,-1.));
#6425 = DIRECTION('',(-0.,-1.,0.));
#6426 = ADVANCED_FACE('',(#6427),#6438,.F.);
#6427 = FACE_BOUND('',#6428,.T.);
#6428 = EDGE_LOOP('',(#6429,#6430,#6436,#6437));
#6429 = ORIENTED_EDGE('',*,*,#5888,.T.);
#6430 = ORIENTED_EDGE('',*,*,#6431,.T.);
#6431 = EDGE_CURVE('',#5889,#6108,#6432,.T.);
#6432 = LINE('',#6433,#6434);
#6433 = CARTESIAN_POINT('',(104.061236,-81.900001,-4.6E-02));
#6434 = VECTOR('',#6435,1.);
#6435 = DIRECTION('',(0.,0.,1.));
#6436 = ORIENTED_EDGE('',*,*,#6107,.F.);
#6437 = ORIENTED_EDGE('',*,*,#6431,.F.);
#6438 = CYLINDRICAL_SURFACE('',#6439,0.5);
#6439 = AXIS2_PLACEMENT_3D('',#6440,#6441,#6442);
#6440 = CARTESIAN_POINT('',(104.061236,-81.400001,-4.6E-02));
#6441 = DIRECTION('',(-0.,-0.,-1.));
#6442 = DIRECTION('',(-0.,-1.,0.));
#6443 = ADVANCED_FACE('',(#6444),#6455,.F.);
#6444 = FACE_BOUND('',#6445,.T.);
#6445 = EDGE_LOOP('',(#6446,#6447,#6453,#6454));
#6446 = ORIENTED_EDGE('',*,*,#5899,.T.);
#6447 = ORIENTED_EDGE('',*,*,#6448,.T.);
#6448 = EDGE_CURVE('',#5900,#6119,#6449,.T.);
#6449 = LINE('',#6450,#6451);
#6450 = CARTESIAN_POINT('',(115.9,-87.96,-4.6E-02));
#6451 = VECTOR('',#6452,1.);
#6452 = DIRECTION('',(0.,0.,1.));
#6453 = ORIENTED_EDGE('',*,*,#6118,.F.);
#6454 = ORIENTED_EDGE('',*,*,#6448,.F.);
#6455 = CYLINDRICAL_SURFACE('',#6456,0.7);
#6456 = AXIS2_PLACEMENT_3D('',#6457,#6458,#6459);
#6457 = CARTESIAN_POINT('',(115.9,-87.26,-4.6E-02));
#6458 = DIRECTION('',(-0.,-0.,-1.));
#6459 = DIRECTION('',(-0.,-1.,0.));
#6460 = ADVANCED_FACE('',(#6461),#6472,.F.);
#6461 = FACE_BOUND('',#6462,.T.);
#6462 = EDGE_LOOP('',(#6463,#6464,#6470,#6471));
#6463 = ORIENTED_EDGE('',*,*,#5910,.T.);
#6464 = ORIENTED_EDGE('',*,*,#6465,.T.);
#6465 = EDGE_CURVE('',#5911,#6130,#6466,.T.);
#6466 = LINE('',#6467,#6468);
#6467 = CARTESIAN_POINT('',(109.141236,-81.900001,-4.6E-02));
#6468 = VECTOR('',#6469,1.);
#6469 = DIRECTION('',(0.,0.,1.));
#6470 = ORIENTED_EDGE('',*,*,#6129,.F.);
#6471 = ORIENTED_EDGE('',*,*,#6465,.F.);
#6472 = CYLINDRICAL_SURFACE('',#6473,0.5);
#6473 = AXIS2_PLACEMENT_3D('',#6474,#6475,#6476);
#6474 = CARTESIAN_POINT('',(109.141236,-81.400001,-4.6E-02));
#6475 = DIRECTION('',(-0.,-0.,-1.));
#6476 = DIRECTION('',(-0.,-1.,0.));
#6477 = ( GEOMETRIC_REPRESENTATION_CONTEXT(3) 
GLOBAL_UNCERTAINTY_ASSIGNED_CONTEXT((#6481)) 
GLOBAL_UNIT_ASSIGNED_CONTEXT((#6478,#6479,#6480)) REPRESENTATION_CONTEXT
('Context #1','3D Context with UNIT and UNCERTAINTY') );
#6478 = ( LENGTH_UNIT() NAMED_UNIT(*) SI_UNIT(.MILLI.,.METRE.) );
#6479 = ( NAMED_UNIT(*) PLANE_ANGLE_UNIT() SI_UNIT($,.RADIAN.) );
#6480 = ( NAMED_UNIT(*) SI_UNIT($,.STERADIAN.) SOLID_ANGLE_UNIT() );
#6481 = UNCERTAINTY_MEASURE_WITH_UNIT(LENGTH_MEASURE(1.E-07),#6478,
  'distance_accuracy_value','confusion accuracy');
#6482 = CONTEXT_DEPENDENT_SHAPE_REPRESENTATION(#6483,#6485);
#6483 = ( REPRESENTATION_RELATIONSHIP('','',#5597,#10) 
REPRESENTATION_RELATIONSHIP_WITH_TRANSFORMATION(#6484) 
SHAPE_REPRESENTATION_RELATIONSHIP() );
#6484 = ITEM_DEFINED_TRANSFORMATION('','',#11,#127);
#6485 = PRODUCT_DEFINITION_SHAPE('Placement','Placement of an item',
  #6486);
#6486 = NEXT_ASSEMBLY_USAGE_OCCURRENCE('40','=>[0:1:1:24]','',#5,#5592,$
  );
#6487 = PRODUCT_RELATED_PRODUCT_CATEGORY('part',$,(#5594));
#6488 = MECHANICAL_DESIGN_GEOMETRIC_PRESENTATION_REPRESENTATION('',(
    #6489,#6497,#6504,#6511,#6518,#6525,#6532,#6539,#6546,#6553,#6560,
    #6568,#6575,#6582,#6589,#6596,#6603,#6610,#6617,#6624,#6631,#6638,
    #6645,#6652,#6659,#6666,#6673,#6680),#1859);
#6489 = STYLED_ITEM('color',(#6490),#1007);
#6490 = PRESENTATION_STYLE_ASSIGNMENT((#6491));
#6491 = SURFACE_STYLE_USAGE(.BOTH.,#6492);
#6492 = SURFACE_SIDE_STYLE('',(#6493));
#6493 = SURFACE_STYLE_FILL_AREA(#6494);
#6494 = FILL_AREA_STYLE('',(#6495));
#6495 = FILL_AREA_STYLE_COLOUR('',#6496);
#6496 = COLOUR_RGB('',0.823999987314,0.819999987296,0.781000009244);
#6497 = STYLED_ITEM('color',(#6498),#1083);
#6498 = PRESENTATION_STYLE_ASSIGNMENT((#6499));
#6499 = SURFACE_STYLE_USAGE(.BOTH.,#6500);
#6500 = SURFACE_SIDE_STYLE('',(#6501));
#6501 = SURFACE_STYLE_FILL_AREA(#6502);
#6502 = FILL_AREA_STYLE('',(#6503));
#6503 = FILL_AREA_STYLE_COLOUR('',#6496);
#6504 = STYLED_ITEM('color',(#6505),#1114);
#6505 = PRESENTATION_STYLE_ASSIGNMENT((#6506));
#6506 = SURFACE_STYLE_USAGE(.BOTH.,#6507);
#6507 = SURFACE_SIDE_STYLE('',(#6508));
#6508 = SURFACE_STYLE_FILL_AREA(#6509);
#6509 = FILL_AREA_STYLE('',(#6510));
#6510 = FILL_AREA_STYLE_COLOUR('',#6496);
#6511 = STYLED_ITEM('color',(#6512),#1139);
#6512 = PRESENTATION_STYLE_ASSIGNMENT((#6513));
#6513 = SURFACE_STYLE_USAGE(.BOTH.,#6514);
#6514 = SURFACE_SIDE_STYLE('',(#6515));
#6515 = SURFACE_STYLE_FILL_AREA(#6516);
#6516 = FILL_AREA_STYLE('',(#6517));
#6517 = FILL_AREA_STYLE_COLOUR('',#6496);
#6518 = STYLED_ITEM('color',(#6519),#1164);
#6519 = PRESENTATION_STYLE_ASSIGNMENT((#6520));
#6520 = SURFACE_STYLE_USAGE(.BOTH.,#6521);
#6521 = SURFACE_SIDE_STYLE('',(#6522));
#6522 = SURFACE_STYLE_FILL_AREA(#6523);
#6523 = FILL_AREA_STYLE('',(#6524));
#6524 = FILL_AREA_STYLE_COLOUR('',#6496);
#6525 = STYLED_ITEM('color',(#6526),#1188);
#6526 = PRESENTATION_STYLE_ASSIGNMENT((#6527));
#6527 = SURFACE_STYLE_USAGE(.BOTH.,#6528);
#6528 = SURFACE_SIDE_STYLE('',(#6529));
#6529 = SURFACE_STYLE_FILL_AREA(#6530);
#6530 = FILL_AREA_STYLE('',(#6531));
#6531 = FILL_AREA_STYLE_COLOUR('',#6496);
#6532 = STYLED_ITEM('color',(#6533),#1212);
#6533 = PRESENTATION_STYLE_ASSIGNMENT((#6534));
#6534 = SURFACE_STYLE_USAGE(.BOTH.,#6535);
#6535 = SURFACE_SIDE_STYLE('',(#6536));
#6536 = SURFACE_STYLE_FILL_AREA(#6537);
#6537 = FILL_AREA_STYLE('',(#6538));
#6538 = FILL_AREA_STYLE_COLOUR('',#6496);
#6539 = STYLED_ITEM('color',(#6540),#1237);
#6540 = PRESENTATION_STYLE_ASSIGNMENT((#6541));
#6541 = SURFACE_STYLE_USAGE(.BOTH.,#6542);
#6542 = SURFACE_SIDE_STYLE('',(#6543));
#6543 = SURFACE_STYLE_FILL_AREA(#6544);
#6544 = FILL_AREA_STYLE('',(#6545));
#6545 = FILL_AREA_STYLE_COLOUR('',#6496);
#6546 = STYLED_ITEM('color',(#6547),#1262);
#6547 = PRESENTATION_STYLE_ASSIGNMENT((#6548));
#6548 = SURFACE_STYLE_USAGE(.BOTH.,#6549);
#6549 = SURFACE_SIDE_STYLE('',(#6550));
#6550 = SURFACE_STYLE_FILL_AREA(#6551);
#6551 = FILL_AREA_STYLE('',(#6552));
#6552 = FILL_AREA_STYLE_COLOUR('',#6496);
#6553 = STYLED_ITEM('color',(#6554),#1279);
#6554 = PRESENTATION_STYLE_ASSIGNMENT((#6555));
#6555 = SURFACE_STYLE_USAGE(.BOTH.,#6556);
#6556 = SURFACE_SIDE_STYLE('',(#6557));
#6557 = SURFACE_STYLE_FILL_AREA(#6558);
#6558 = FILL_AREA_STYLE('',(#6559));
#6559 = FILL_AREA_STYLE_COLOUR('',#6496);
#6560 = STYLED_ITEM('color',(#6561),#1365);
#6561 = PRESENTATION_STYLE_ASSIGNMENT((#6562));
#6562 = SURFACE_STYLE_USAGE(.BOTH.,#6563);
#6563 = SURFACE_SIDE_STYLE('',(#6564));
#6564 = SURFACE_STYLE_FILL_AREA(#6565);
#6565 = FILL_AREA_STYLE('',(#6566));
#6566 = FILL_AREA_STYLE_COLOUR('',#6567);
#6567 = COLOUR_RGB('',0.379000005575,0.270000008848,0.214999999939);
#6568 = STYLED_ITEM('color',(#6569),#1397);
#6569 = PRESENTATION_STYLE_ASSIGNMENT((#6570));
#6570 = SURFACE_STYLE_USAGE(.BOTH.,#6571);
#6571 = SURFACE_SIDE_STYLE('',(#6572));
#6572 = SURFACE_STYLE_FILL_AREA(#6573);
#6573 = FILL_AREA_STYLE('',(#6574));
#6574 = FILL_AREA_STYLE_COLOUR('',#6567);
#6575 = STYLED_ITEM('color',(#6576),#1421);
#6576 = PRESENTATION_STYLE_ASSIGNMENT((#6577));
#6577 = SURFACE_STYLE_USAGE(.BOTH.,#6578);
#6578 = SURFACE_SIDE_STYLE('',(#6579));
#6579 = SURFACE_STYLE_FILL_AREA(#6580);
#6580 = FILL_AREA_STYLE('',(#6581));
#6581 = FILL_AREA_STYLE_COLOUR('',#6567);
#6582 = STYLED_ITEM('color',(#6583),#1446);
#6583 = PRESENTATION_STYLE_ASSIGNMENT((#6584));
#6584 = SURFACE_STYLE_USAGE(.BOTH.,#6585);
#6585 = SURFACE_SIDE_STYLE('',(#6586));
#6586 = SURFACE_STYLE_FILL_AREA(#6587);
#6587 = FILL_AREA_STYLE('',(#6588));
#6588 = FILL_AREA_STYLE_COLOUR('',#6567);
#6589 = STYLED_ITEM('color',(#6590),#1470);
#6590 = PRESENTATION_STYLE_ASSIGNMENT((#6591));
#6591 = SURFACE_STYLE_USAGE(.BOTH.,#6592);
#6592 = SURFACE_SIDE_STYLE('',(#6593));
#6593 = SURFACE_STYLE_FILL_AREA(#6594);
#6594 = FILL_AREA_STYLE('',(#6595));
#6595 = FILL_AREA_STYLE_COLOUR('',#6567);
#6596 = STYLED_ITEM('color',(#6597),#1495);
#6597 = PRESENTATION_STYLE_ASSIGNMENT((#6598));
#6598 = SURFACE_STYLE_USAGE(.BOTH.,#6599);
#6599 = SURFACE_SIDE_STYLE('',(#6600));
#6600 = SURFACE_STYLE_FILL_AREA(#6601);
#6601 = FILL_AREA_STYLE('',(#6602));
#6602 = FILL_AREA_STYLE_COLOUR('',#6567);
#6603 = STYLED_ITEM('color',(#6604),#1519);
#6604 = PRESENTATION_STYLE_ASSIGNMENT((#6605));
#6605 = SURFACE_STYLE_USAGE(.BOTH.,#6606);
#6606 = SURFACE_SIDE_STYLE('',(#6607));
#6607 = SURFACE_STYLE_FILL_AREA(#6608);
#6608 = FILL_AREA_STYLE('',(#6609));
#6609 = FILL_AREA_STYLE_COLOUR('',#6567);
#6610 = STYLED_ITEM('color',(#6611),#1544);
#6611 = PRESENTATION_STYLE_ASSIGNMENT((#6612));
#6612 = SURFACE_STYLE_USAGE(.BOTH.,#6613);
#6613 = SURFACE_SIDE_STYLE('',(#6614));
#6614 = SURFACE_STYLE_FILL_AREA(#6615);
#6615 = FILL_AREA_STYLE('',(#6616));
#6616 = FILL_AREA_STYLE_COLOUR('',#6567);
#6617 = STYLED_ITEM('color',(#6618),#1561);
#6618 = PRESENTATION_STYLE_ASSIGNMENT((#6619));
#6619 = SURFACE_STYLE_USAGE(.BOTH.,#6620);
#6620 = SURFACE_SIDE_STYLE('',(#6621));
#6621 = SURFACE_STYLE_FILL_AREA(#6622);
#6622 = FILL_AREA_STYLE('',(#6623));
#6623 = FILL_AREA_STYLE_COLOUR('',#6496);
#6624 = STYLED_ITEM('color',(#6625),#1647);
#6625 = PRESENTATION_STYLE_ASSIGNMENT((#6626));
#6626 = SURFACE_STYLE_USAGE(.BOTH.,#6627);
#6627 = SURFACE_SIDE_STYLE('',(#6628));
#6628 = SURFACE_STYLE_FILL_AREA(#6629);
#6629 = FILL_AREA_STYLE('',(#6630));
#6630 = FILL_AREA_STYLE_COLOUR('',#6496);
#6631 = STYLED_ITEM('color',(#6632),#1678);
#6632 = PRESENTATION_STYLE_ASSIGNMENT((#6633));
#6633 = SURFACE_STYLE_USAGE(.BOTH.,#6634);
#6634 = SURFACE_SIDE_STYLE('',(#6635));
#6635 = SURFACE_STYLE_FILL_AREA(#6636);
#6636 = FILL_AREA_STYLE('',(#6637));
#6637 = FILL_AREA_STYLE_COLOUR('',#6496);
#6638 = STYLED_ITEM('color',(#6639),#1703);
#6639 = PRESENTATION_STYLE_ASSIGNMENT((#6640));
#6640 = SURFACE_STYLE_USAGE(.BOTH.,#6641);
#6641 = SURFACE_SIDE_STYLE('',(#6642));
#6642 = SURFACE_STYLE_FILL_AREA(#6643);
#6643 = FILL_AREA_STYLE('',(#6644));
#6644 = FILL_AREA_STYLE_COLOUR('',#6496);
#6645 = STYLED_ITEM('color',(#6646),#1728);
#6646 = PRESENTATION_STYLE_ASSIGNMENT((#6647));
#6647 = SURFACE_STYLE_USAGE(.BOTH.,#6648);
#6648 = SURFACE_SIDE_STYLE('',(#6649));
#6649 = SURFACE_STYLE_FILL_AREA(#6650);
#6650 = FILL_AREA_STYLE('',(#6651));
#6651 = FILL_AREA_STYLE_COLOUR('',#6496);
#6652 = STYLED_ITEM('color',(#6653),#1752);
#6653 = PRESENTATION_STYLE_ASSIGNMENT((#6654));
#6654 = SURFACE_STYLE_USAGE(.BOTH.,#6655);
#6655 = SURFACE_SIDE_STYLE('',(#6656));
#6656 = SURFACE_STYLE_FILL_AREA(#6657);
#6657 = FILL_AREA_STYLE('',(#6658));
#6658 = FILL_AREA_STYLE_COLOUR('',#6496);
#6659 = STYLED_ITEM('color',(#6660),#1776);
#6660 = PRESENTATION_STYLE_ASSIGNMENT((#6661));
#6661 = SURFACE_STYLE_USAGE(.BOTH.,#6662);
#6662 = SURFACE_SIDE_STYLE('',(#6663));
#6663 = SURFACE_STYLE_FILL_AREA(#6664);
#6664 = FILL_AREA_STYLE('',(#6665));
#6665 = FILL_AREA_STYLE_COLOUR('',#6496);
#6666 = STYLED_ITEM('color',(#6667),#1801);
#6667 = PRESENTATION_STYLE_ASSIGNMENT((#6668));
#6668 = SURFACE_STYLE_USAGE(.BOTH.,#6669);
#6669 = SURFACE_SIDE_STYLE('',(#6670));
#6670 = SURFACE_STYLE_FILL_AREA(#6671);
#6671 = FILL_AREA_STYLE('',(#6672));
#6672 = FILL_AREA_STYLE_COLOUR('',#6496);
#6673 = STYLED_ITEM('color',(#6674),#1826);
#6674 = PRESENTATION_STYLE_ASSIGNMENT((#6675));
#6675 = SURFACE_STYLE_USAGE(.BOTH.,#6676);
#6676 = SURFACE_SIDE_STYLE('',(#6677));
#6677 = SURFACE_STYLE_FILL_AREA(#6678);
#6678 = FILL_AREA_STYLE('',(#6679));
#6679 = FILL_AREA_STYLE_COLOUR('',#6496);
#6680 = STYLED_ITEM('color',(#6681),#1843);
#6681 = PRESENTATION_STYLE_ASSIGNMENT((#6682));
#6682 = SURFACE_STYLE_USAGE(.BOTH.,#6683);
#6683 = SURFACE_SIDE_STYLE('',(#6684));
#6684 = SURFACE_STYLE_FILL_AREA(#6685);
#6685 = FILL_AREA_STYLE('',(#6686));
#6686 = FILL_AREA_STYLE_COLOUR('',#6496);
#6687 = MECHANICAL_DESIGN_GEOMETRIC_PRESENTATION_REPRESENTATION('',(
    #6688),#6477);
#6688 = STYLED_ITEM('color',(#6689),#5598);
#6689 = PRESENTATION_STYLE_ASSIGNMENT((#6690));
#6690 = SURFACE_STYLE_USAGE(.BOTH.,#6691);
#6691 = SURFACE_SIDE_STYLE('',(#6692));
#6692 = SURFACE_STYLE_FILL_AREA(#6693);
#6693 = FILL_AREA_STYLE('',(#6694));
#6694 = FILL_AREA_STYLE_COLOUR('',#6695);
#6695 = COLOUR_RGB('',0.313304153717,0.484529207832,0.410020903123);
#6696 = MECHANICAL_DESIGN_GEOMETRIC_PRESENTATION_REPRESENTATION('',(
    #6697,#6704,#6711,#6718,#6725,#6732,#6739,#6746,#6753,#6760,#6767,
    #6775,#6782,#6789,#6796,#6803,#6810,#6817,#6824,#6831,#6838,#6845,
    #6852,#6859,#6866,#6873,#6880,#6887,#6894,#6901,#6908,#6916,#6923,
    #6930,#6937,#6944,#6951,#6958,#6965,#6972,#6979),#4614);
#6697 = STYLED_ITEM('color',(#6698),#3408);
#6698 = PRESENTATION_STYLE_ASSIGNMENT((#6699));
#6699 = SURFACE_STYLE_USAGE(.BOTH.,#6700);
#6700 = SURFACE_SIDE_STYLE('',(#6701));
#6701 = SURFACE_STYLE_FILL_AREA(#6702);
#6702 = FILL_AREA_STYLE('',(#6703));
#6703 = FILL_AREA_STYLE_COLOUR('',#6496);
#6704 = STYLED_ITEM('color',(#6705),#3448);
#6705 = PRESENTATION_STYLE_ASSIGNMENT((#6706));
#6706 = SURFACE_STYLE_USAGE(.BOTH.,#6707);
#6707 = SURFACE_SIDE_STYLE('',(#6708));
#6708 = SURFACE_STYLE_FILL_AREA(#6709);
#6709 = FILL_AREA_STYLE('',(#6710));
#6710 = FILL_AREA_STYLE_COLOUR('',#6496);
#6711 = STYLED_ITEM('color',(#6712),#3531);
#6712 = PRESENTATION_STYLE_ASSIGNMENT((#6713));
#6713 = SURFACE_STYLE_USAGE(.BOTH.,#6714);
#6714 = SURFACE_SIDE_STYLE('',(#6715));
#6715 = SURFACE_STYLE_FILL_AREA(#6716);
#6716 = FILL_AREA_STYLE('',(#6717));
#6717 = FILL_AREA_STYLE_COLOUR('',#6496);
#6718 = STYLED_ITEM('color',(#6719),#3556);
#6719 = PRESENTATION_STYLE_ASSIGNMENT((#6720));
#6720 = SURFACE_STYLE_USAGE(.BOTH.,#6721);
#6721 = SURFACE_SIDE_STYLE('',(#6722));
#6722 = SURFACE_STYLE_FILL_AREA(#6723);
#6723 = FILL_AREA_STYLE('',(#6724));
#6724 = FILL_AREA_STYLE_COLOUR('',#6496);
#6725 = STYLED_ITEM('color',(#6726),#3631);
#6726 = PRESENTATION_STYLE_ASSIGNMENT((#6727));
#6727 = SURFACE_STYLE_USAGE(.BOTH.,#6728);
#6728 = SURFACE_SIDE_STYLE('',(#6729));
#6729 = SURFACE_STYLE_FILL_AREA(#6730);
#6730 = FILL_AREA_STYLE('',(#6731));
#6731 = FILL_AREA_STYLE_COLOUR('',#6496);
#6732 = STYLED_ITEM('color',(#6733),#3648);
#6733 = PRESENTATION_STYLE_ASSIGNMENT((#6734));
#6734 = SURFACE_STYLE_USAGE(.BOTH.,#6735);
#6735 = SURFACE_SIDE_STYLE('',(#6736));
#6736 = SURFACE_STYLE_FILL_AREA(#6737);
#6737 = FILL_AREA_STYLE('',(#6738));
#6738 = FILL_AREA_STYLE_COLOUR('',#6496);
#6739 = STYLED_ITEM('color',(#6740),#3665);
#6740 = PRESENTATION_STYLE_ASSIGNMENT((#6741));
#6741 = SURFACE_STYLE_USAGE(.BOTH.,#6742);
#6742 = SURFACE_SIDE_STYLE('',(#6743));
#6743 = SURFACE_STYLE_FILL_AREA(#6744);
#6744 = FILL_AREA_STYLE('',(#6745));
#6745 = FILL_AREA_STYLE_COLOUR('',#6496);
#6746 = STYLED_ITEM('color',(#6747),#3682);
#6747 = PRESENTATION_STYLE_ASSIGNMENT((#6748));
#6748 = SURFACE_STYLE_USAGE(.BOTH.,#6749);
#6749 = SURFACE_SIDE_STYLE('',(#6750));
#6750 = SURFACE_STYLE_FILL_AREA(#6751);
#6751 = FILL_AREA_STYLE('',(#6752));
#6752 = FILL_AREA_STYLE_COLOUR('',#6496);
#6753 = STYLED_ITEM('color',(#6754),#3699);
#6754 = PRESENTATION_STYLE_ASSIGNMENT((#6755));
#6755 = SURFACE_STYLE_USAGE(.BOTH.,#6756);
#6756 = SURFACE_SIDE_STYLE('',(#6757));
#6757 = SURFACE_STYLE_FILL_AREA(#6758);
#6758 = FILL_AREA_STYLE('',(#6759));
#6759 = FILL_AREA_STYLE_COLOUR('',#6496);
#6760 = STYLED_ITEM('color',(#6761),#3716);
#6761 = PRESENTATION_STYLE_ASSIGNMENT((#6762));
#6762 = SURFACE_STYLE_USAGE(.BOTH.,#6763);
#6763 = SURFACE_SIDE_STYLE('',(#6764));
#6764 = SURFACE_STYLE_FILL_AREA(#6765);
#6765 = FILL_AREA_STYLE('',(#6766));
#6766 = FILL_AREA_STYLE_COLOUR('',#6496);
#6767 = STYLED_ITEM('color',(#6768),#3732);
#6768 = PRESENTATION_STYLE_ASSIGNMENT((#6769));
#6769 = SURFACE_STYLE_USAGE(.BOTH.,#6770);
#6770 = SURFACE_SIDE_STYLE('',(#6771));
#6771 = SURFACE_STYLE_FILL_AREA(#6772);
#6772 = FILL_AREA_STYLE('',(#6773));
#6773 = FILL_AREA_STYLE_COLOUR('',#6774);
#6774 = COLOUR_RGB('',0.147999998088,0.144999993226,0.144999993226);
#6775 = STYLED_ITEM('color',(#6776),#3779);
#6776 = PRESENTATION_STYLE_ASSIGNMENT((#6777));
#6777 = SURFACE_STYLE_USAGE(.BOTH.,#6778);
#6778 = SURFACE_SIDE_STYLE('',(#6779));
#6779 = SURFACE_STYLE_FILL_AREA(#6780);
#6780 = FILL_AREA_STYLE('',(#6781));
#6781 = FILL_AREA_STYLE_COLOUR('',#6774);
#6782 = STYLED_ITEM('color',(#6783),#3814);
#6783 = PRESENTATION_STYLE_ASSIGNMENT((#6784));
#6784 = SURFACE_STYLE_USAGE(.BOTH.,#6785);
#6785 = SURFACE_SIDE_STYLE('',(#6786));
#6786 = SURFACE_STYLE_FILL_AREA(#6787);
#6787 = FILL_AREA_STYLE('',(#6788));
#6788 = FILL_AREA_STYLE_COLOUR('',#6774);
#6789 = STYLED_ITEM('color',(#6790),#3853);
#6790 = PRESENTATION_STYLE_ASSIGNMENT((#6791));
#6791 = SURFACE_STYLE_USAGE(.BOTH.,#6792);
#6792 = SURFACE_SIDE_STYLE('',(#6793));
#6793 = SURFACE_STYLE_FILL_AREA(#6794);
#6794 = FILL_AREA_STYLE('',(#6795));
#6795 = FILL_AREA_STYLE_COLOUR('',#6774);
#6796 = STYLED_ITEM('color',(#6797),#3882);
#6797 = PRESENTATION_STYLE_ASSIGNMENT((#6798));
#6798 = SURFACE_STYLE_USAGE(.BOTH.,#6799);
#6799 = SURFACE_SIDE_STYLE('',(#6800));
#6800 = SURFACE_STYLE_FILL_AREA(#6801);
#6801 = FILL_AREA_STYLE('',(#6802));
#6802 = FILL_AREA_STYLE_COLOUR('',#6774);
#6803 = STYLED_ITEM('color',(#6804),#3921);
#6804 = PRESENTATION_STYLE_ASSIGNMENT((#6805));
#6805 = SURFACE_STYLE_USAGE(.BOTH.,#6806);
#6806 = SURFACE_SIDE_STYLE('',(#6807));
#6807 = SURFACE_STYLE_FILL_AREA(#6808);
#6808 = FILL_AREA_STYLE('',(#6809));
#6809 = FILL_AREA_STYLE_COLOUR('',#6774);
#6810 = STYLED_ITEM('color',(#6811),#3950);
#6811 = PRESENTATION_STYLE_ASSIGNMENT((#6812));
#6812 = SURFACE_STYLE_USAGE(.BOTH.,#6813);
#6813 = SURFACE_SIDE_STYLE('',(#6814));
#6814 = SURFACE_STYLE_FILL_AREA(#6815);
#6815 = FILL_AREA_STYLE('',(#6816));
#6816 = FILL_AREA_STYLE_COLOUR('',#6774);
#6817 = STYLED_ITEM('color',(#6818),#4004);
#6818 = PRESENTATION_STYLE_ASSIGNMENT((#6819));
#6819 = SURFACE_STYLE_USAGE(.BOTH.,#6820);
#6820 = SURFACE_SIDE_STYLE('',(#6821));
#6821 = SURFACE_STYLE_FILL_AREA(#6822);
#6822 = FILL_AREA_STYLE('',(#6823));
#6823 = FILL_AREA_STYLE_COLOUR('',#6774);
#6824 = STYLED_ITEM('color',(#6825),#4047);
#6825 = PRESENTATION_STYLE_ASSIGNMENT((#6826));
#6826 = SURFACE_STYLE_USAGE(.BOTH.,#6827);
#6827 = SURFACE_SIDE_STYLE('',(#6828));
#6828 = SURFACE_STYLE_FILL_AREA(#6829);
#6829 = FILL_AREA_STYLE('',(#6830));
#6830 = FILL_AREA_STYLE_COLOUR('',#6774);
#6831 = STYLED_ITEM('color',(#6832),#4070);
#6832 = PRESENTATION_STYLE_ASSIGNMENT((#6833));
#6833 = SURFACE_STYLE_USAGE(.BOTH.,#6834);
#6834 = SURFACE_SIDE_STYLE('',(#6835));
#6835 = SURFACE_STYLE_FILL_AREA(#6836);
#6836 = FILL_AREA_STYLE('',(#6837));
#6837 = FILL_AREA_STYLE_COLOUR('',#6774);
#6838 = STYLED_ITEM('color',(#6839),#4093);
#6839 = PRESENTATION_STYLE_ASSIGNMENT((#6840));
#6840 = SURFACE_STYLE_USAGE(.BOTH.,#6841);
#6841 = SURFACE_SIDE_STYLE('',(#6842));
#6842 = SURFACE_STYLE_FILL_AREA(#6843);
#6843 = FILL_AREA_STYLE('',(#6844));
#6844 = FILL_AREA_STYLE_COLOUR('',#6774);
#6845 = STYLED_ITEM('color',(#6846),#4116);
#6846 = PRESENTATION_STYLE_ASSIGNMENT((#6847));
#6847 = SURFACE_STYLE_USAGE(.BOTH.,#6848);
#6848 = SURFACE_SIDE_STYLE('',(#6849));
#6849 = SURFACE_STYLE_FILL_AREA(#6850);
#6850 = FILL_AREA_STYLE('',(#6851));
#6851 = FILL_AREA_STYLE_COLOUR('',#6774);
#6852 = STYLED_ITEM('color',(#6853),#4167);
#6853 = PRESENTATION_STYLE_ASSIGNMENT((#6854));
#6854 = SURFACE_STYLE_USAGE(.BOTH.,#6855);
#6855 = SURFACE_SIDE_STYLE('',(#6856));
#6856 = SURFACE_STYLE_FILL_AREA(#6857);
#6857 = FILL_AREA_STYLE('',(#6858));
#6858 = FILL_AREA_STYLE_COLOUR('',#6774);
#6859 = STYLED_ITEM('color',(#6860),#4190);
#6860 = PRESENTATION_STYLE_ASSIGNMENT((#6861));
#6861 = SURFACE_STYLE_USAGE(.BOTH.,#6862);
#6862 = SURFACE_SIDE_STYLE('',(#6863));
#6863 = SURFACE_STYLE_FILL_AREA(#6864);
#6864 = FILL_AREA_STYLE('',(#6865));
#6865 = FILL_AREA_STYLE_COLOUR('',#6774);
#6866 = STYLED_ITEM('color',(#6867),#4207);
#6867 = PRESENTATION_STYLE_ASSIGNMENT((#6868));
#6868 = SURFACE_STYLE_USAGE(.BOTH.,#6869);
#6869 = SURFACE_SIDE_STYLE('',(#6870));
#6870 = SURFACE_STYLE_FILL_AREA(#6871);
#6871 = FILL_AREA_STYLE('',(#6872));
#6872 = FILL_AREA_STYLE_COLOUR('',#6496);
#6873 = STYLED_ITEM('color',(#6874),#4281);
#6874 = PRESENTATION_STYLE_ASSIGNMENT((#6875));
#6875 = SURFACE_STYLE_USAGE(.BOTH.,#6876);
#6876 = SURFACE_SIDE_STYLE('',(#6877));
#6877 = SURFACE_STYLE_FILL_AREA(#6878);
#6878 = FILL_AREA_STYLE('',(#6879));
#6879 = FILL_AREA_STYLE_COLOUR('',#6496);
#6880 = STYLED_ITEM('color',(#6881),#4305);
#6881 = PRESENTATION_STYLE_ASSIGNMENT((#6882));
#6882 = SURFACE_STYLE_USAGE(.BOTH.,#6883);
#6883 = SURFACE_SIDE_STYLE('',(#6884));
#6884 = SURFACE_STYLE_FILL_AREA(#6885);
#6885 = FILL_AREA_STYLE('',(#6886));
#6886 = FILL_AREA_STYLE_COLOUR('',#6496);
#6887 = STYLED_ITEM('color',(#6888),#4372);
#6888 = PRESENTATION_STYLE_ASSIGNMENT((#6889));
#6889 = SURFACE_STYLE_USAGE(.BOTH.,#6890);
#6890 = SURFACE_SIDE_STYLE('',(#6891));
#6891 = SURFACE_STYLE_FILL_AREA(#6892);
#6892 = FILL_AREA_STYLE('',(#6893));
#6893 = FILL_AREA_STYLE_COLOUR('',#6774);
#6894 = STYLED_ITEM('color',(#6895),#4384);
#6895 = PRESENTATION_STYLE_ASSIGNMENT((#6896));
#6896 = SURFACE_STYLE_USAGE(.BOTH.,#6897);
#6897 = SURFACE_SIDE_STYLE('',(#6898));
#6898 = SURFACE_STYLE_FILL_AREA(#6899);
#6899 = FILL_AREA_STYLE('',(#6900));
#6900 = FILL_AREA_STYLE_COLOUR('',#6774);
#6901 = STYLED_ITEM('color',(#6902),#4396);
#6902 = PRESENTATION_STYLE_ASSIGNMENT((#6903));
#6903 = SURFACE_STYLE_USAGE(.BOTH.,#6904);
#6904 = SURFACE_SIDE_STYLE('',(#6905));
#6905 = SURFACE_STYLE_FILL_AREA(#6906);
#6906 = FILL_AREA_STYLE('',(#6907));
#6907 = FILL_AREA_STYLE_COLOUR('',#6496);
#6908 = STYLED_ITEM('color',(#6909),#4413);
#6909 = PRESENTATION_STYLE_ASSIGNMENT((#6910));
#6910 = SURFACE_STYLE_USAGE(.BOTH.,#6911);
#6911 = SURFACE_SIDE_STYLE('',(#6912));
#6912 = SURFACE_STYLE_FILL_AREA(#6913);
#6913 = FILL_AREA_STYLE('',(#6914));
#6914 = FILL_AREA_STYLE_COLOUR('',#6915);
#6915 = COLOUR_RGB('',0.690999977303,0.663999984767,0.597999987832);
#6916 = STYLED_ITEM('color',(#6917),#4442);
#6917 = PRESENTATION_STYLE_ASSIGNMENT((#6918));
#6918 = SURFACE_STYLE_USAGE(.BOTH.,#6919);
#6919 = SURFACE_SIDE_STYLE('',(#6920));
#6920 = SURFACE_STYLE_FILL_AREA(#6921);
#6921 = FILL_AREA_STYLE('',(#6922));
#6922 = FILL_AREA_STYLE_COLOUR('',#6915);
#6923 = STYLED_ITEM('color',(#6924),#4465);
#6924 = PRESENTATION_STYLE_ASSIGNMENT((#6925));
#6925 = SURFACE_STYLE_USAGE(.BOTH.,#6926);
#6926 = SURFACE_SIDE_STYLE('',(#6927));
#6927 = SURFACE_STYLE_FILL_AREA(#6928);
#6928 = FILL_AREA_STYLE('',(#6929));
#6929 = FILL_AREA_STYLE_COLOUR('',#6915);
#6930 = STYLED_ITEM('color',(#6931),#4488);
#6931 = PRESENTATION_STYLE_ASSIGNMENT((#6932));
#6932 = SURFACE_STYLE_USAGE(.BOTH.,#6933);
#6933 = SURFACE_SIDE_STYLE('',(#6934));
#6934 = SURFACE_STYLE_FILL_AREA(#6935);
#6935 = FILL_AREA_STYLE('',(#6936));
#6936 = FILL_AREA_STYLE_COLOUR('',#6915);
#6937 = STYLED_ITEM('color',(#6938),#4505);
#6938 = PRESENTATION_STYLE_ASSIGNMENT((#6939));
#6939 = SURFACE_STYLE_USAGE(.BOTH.,#6940);
#6940 = SURFACE_SIDE_STYLE('',(#6941));
#6941 = SURFACE_STYLE_FILL_AREA(#6942);
#6942 = FILL_AREA_STYLE('',(#6943));
#6943 = FILL_AREA_STYLE_COLOUR('',#6496);
#6944 = STYLED_ITEM('color',(#6945),#4527);
#6945 = PRESENTATION_STYLE_ASSIGNMENT((#6946));
#6946 = SURFACE_STYLE_USAGE(.BOTH.,#6947);
#6947 = SURFACE_SIDE_STYLE('',(#6948));
#6948 = SURFACE_STYLE_FILL_AREA(#6949);
#6949 = FILL_AREA_STYLE('',(#6950));
#6950 = FILL_AREA_STYLE_COLOUR('',#6496);
#6951 = STYLED_ITEM('color',(#6952),#4539);
#6952 = PRESENTATION_STYLE_ASSIGNMENT((#6953));
#6953 = SURFACE_STYLE_USAGE(.BOTH.,#6954);
#6954 = SURFACE_SIDE_STYLE('',(#6955));
#6955 = SURFACE_STYLE_FILL_AREA(#6956);
#6956 = FILL_AREA_STYLE('',(#6957));
#6957 = FILL_AREA_STYLE_COLOUR('',#6496);
#6958 = STYLED_ITEM('color',(#6959),#4556);
#6959 = PRESENTATION_STYLE_ASSIGNMENT((#6960));
#6960 = SURFACE_STYLE_USAGE(.BOTH.,#6961);
#6961 = SURFACE_SIDE_STYLE('',(#6962));
#6962 = SURFACE_STYLE_FILL_AREA(#6963);
#6963 = FILL_AREA_STYLE('',(#6964));
#6964 = FILL_AREA_STYLE_COLOUR('',#6496);
#6965 = STYLED_ITEM('color',(#6966),#4573);
#6966 = PRESENTATION_STYLE_ASSIGNMENT((#6967));
#6967 = SURFACE_STYLE_USAGE(.BOTH.,#6968);
#6968 = SURFACE_SIDE_STYLE('',(#6969));
#6969 = SURFACE_STYLE_FILL_AREA(#6970);
#6970 = FILL_AREA_STYLE('',(#6971));
#6971 = FILL_AREA_STYLE_COLOUR('',#6496);
#6972 = STYLED_ITEM('color',(#6973),#4590);
#6973 = PRESENTATION_STYLE_ASSIGNMENT((#6974));
#6974 = SURFACE_STYLE_USAGE(.BOTH.,#6975);
#6975 = SURFACE_SIDE_STYLE('',(#6976));
#6976 = SURFACE_STYLE_FILL_AREA(#6977);
#6977 = FILL_AREA_STYLE('',(#6978));
#6978 = FILL_AREA_STYLE_COLOUR('',#6496);
#6979 = STYLED_ITEM('color',(#6980),#4602);
#6980 = PRESENTATION_STYLE_ASSIGNMENT((#6981));
#6981 = SURFACE_STYLE_USAGE(.BOTH.,#6982);
#6982 = SURFACE_SIDE_STYLE('',(#6983));
#6983 = SURFACE_STYLE_FILL_AREA(#6984);
#6984 = FILL_AREA_STYLE('',(#6985));
#6985 = FILL_AREA_STYLE_COLOUR('',#6915);
#6986 = MECHANICAL_DESIGN_GEOMETRIC_PRESENTATION_REPRESENTATION('',(
    #6987,#6994,#7001,#7008,#7015,#7022,#7029,#7036,#7043,#7050,#7057,
    #7064,#7071,#7078,#7085,#7092,#7099,#7106,#7113,#7120,#7127,#7134,
    #7141,#7148,#7155,#7162,#7169,#7176),#2765);
#6987 = STYLED_ITEM('color',(#6988),#1913);
#6988 = PRESENTATION_STYLE_ASSIGNMENT((#6989));
#6989 = SURFACE_STYLE_USAGE(.BOTH.,#6990);
#6990 = SURFACE_SIDE_STYLE('',(#6991));
#6991 = SURFACE_STYLE_FILL_AREA(#6992);
#6992 = FILL_AREA_STYLE('',(#6993));
#6993 = FILL_AREA_STYLE_COLOUR('',#6496);
#6994 = STYLED_ITEM('color',(#6995),#1989);
#6995 = PRESENTATION_STYLE_ASSIGNMENT((#6996));
#6996 = SURFACE_STYLE_USAGE(.BOTH.,#6997);
#6997 = SURFACE_SIDE_STYLE('',(#6998));
#6998 = SURFACE_STYLE_FILL_AREA(#6999);
#6999 = FILL_AREA_STYLE('',(#7000));
#7000 = FILL_AREA_STYLE_COLOUR('',#6496);
#7001 = STYLED_ITEM('color',(#7002),#2020);
#7002 = PRESENTATION_STYLE_ASSIGNMENT((#7003));
#7003 = SURFACE_STYLE_USAGE(.BOTH.,#7004);
#7004 = SURFACE_SIDE_STYLE('',(#7005));
#7005 = SURFACE_STYLE_FILL_AREA(#7006);
#7006 = FILL_AREA_STYLE('',(#7007));
#7007 = FILL_AREA_STYLE_COLOUR('',#6496);
#7008 = STYLED_ITEM('color',(#7009),#2045);
#7009 = PRESENTATION_STYLE_ASSIGNMENT((#7010));
#7010 = SURFACE_STYLE_USAGE(.BOTH.,#7011);
#7011 = SURFACE_SIDE_STYLE('',(#7012));
#7012 = SURFACE_STYLE_FILL_AREA(#7013);
#7013 = FILL_AREA_STYLE('',(#7014));
#7014 = FILL_AREA_STYLE_COLOUR('',#6496);
#7015 = STYLED_ITEM('color',(#7016),#2070);
#7016 = PRESENTATION_STYLE_ASSIGNMENT((#7017));
#7017 = SURFACE_STYLE_USAGE(.BOTH.,#7018);
#7018 = SURFACE_SIDE_STYLE('',(#7019));
#7019 = SURFACE_STYLE_FILL_AREA(#7020);
#7020 = FILL_AREA_STYLE('',(#7021));
#7021 = FILL_AREA_STYLE_COLOUR('',#6496);
#7022 = STYLED_ITEM('color',(#7023),#2094);
#7023 = PRESENTATION_STYLE_ASSIGNMENT((#7024));
#7024 = SURFACE_STYLE_USAGE(.BOTH.,#7025);
#7025 = SURFACE_SIDE_STYLE('',(#7026));
#7026 = SURFACE_STYLE_FILL_AREA(#7027);
#7027 = FILL_AREA_STYLE('',(#7028));
#7028 = FILL_AREA_STYLE_COLOUR('',#6496);
#7029 = STYLED_ITEM('color',(#7030),#2118);
#7030 = PRESENTATION_STYLE_ASSIGNMENT((#7031));
#7031 = SURFACE_STYLE_USAGE(.BOTH.,#7032);
#7032 = SURFACE_SIDE_STYLE('',(#7033));
#7033 = SURFACE_STYLE_FILL_AREA(#7034);
#7034 = FILL_AREA_STYLE('',(#7035));
#7035 = FILL_AREA_STYLE_COLOUR('',#6496);
#7036 = STYLED_ITEM('color',(#7037),#2143);
#7037 = PRESENTATION_STYLE_ASSIGNMENT((#7038));
#7038 = SURFACE_STYLE_USAGE(.BOTH.,#7039);
#7039 = SURFACE_SIDE_STYLE('',(#7040));
#7040 = SURFACE_STYLE_FILL_AREA(#7041);
#7041 = FILL_AREA_STYLE('',(#7042));
#7042 = FILL_AREA_STYLE_COLOUR('',#6496);
#7043 = STYLED_ITEM('color',(#7044),#2168);
#7044 = PRESENTATION_STYLE_ASSIGNMENT((#7045));
#7045 = SURFACE_STYLE_USAGE(.BOTH.,#7046);
#7046 = SURFACE_SIDE_STYLE('',(#7047));
#7047 = SURFACE_STYLE_FILL_AREA(#7048);
#7048 = FILL_AREA_STYLE('',(#7049));
#7049 = FILL_AREA_STYLE_COLOUR('',#6496);
#7050 = STYLED_ITEM('color',(#7051),#2185);
#7051 = PRESENTATION_STYLE_ASSIGNMENT((#7052));
#7052 = SURFACE_STYLE_USAGE(.BOTH.,#7053);
#7053 = SURFACE_SIDE_STYLE('',(#7054));
#7054 = SURFACE_STYLE_FILL_AREA(#7055);
#7055 = FILL_AREA_STYLE('',(#7056));
#7056 = FILL_AREA_STYLE_COLOUR('',#6496);
#7057 = STYLED_ITEM('color',(#7058),#2271);
#7058 = PRESENTATION_STYLE_ASSIGNMENT((#7059));
#7059 = SURFACE_STYLE_USAGE(.BOTH.,#7060);
#7060 = SURFACE_SIDE_STYLE('',(#7061));
#7061 = SURFACE_STYLE_FILL_AREA(#7062);
#7062 = FILL_AREA_STYLE('',(#7063));
#7063 = FILL_AREA_STYLE_COLOUR('',#6567);
#7064 = STYLED_ITEM('color',(#7065),#2303);
#7065 = PRESENTATION_STYLE_ASSIGNMENT((#7066));
#7066 = SURFACE_STYLE_USAGE(.BOTH.,#7067);
#7067 = SURFACE_SIDE_STYLE('',(#7068));
#7068 = SURFACE_STYLE_FILL_AREA(#7069);
#7069 = FILL_AREA_STYLE('',(#7070));
#7070 = FILL_AREA_STYLE_COLOUR('',#6567);
#7071 = STYLED_ITEM('color',(#7072),#2327);
#7072 = PRESENTATION_STYLE_ASSIGNMENT((#7073));
#7073 = SURFACE_STYLE_USAGE(.BOTH.,#7074);
#7074 = SURFACE_SIDE_STYLE('',(#7075));
#7075 = SURFACE_STYLE_FILL_AREA(#7076);
#7076 = FILL_AREA_STYLE('',(#7077));
#7077 = FILL_AREA_STYLE_COLOUR('',#6567);
#7078 = STYLED_ITEM('color',(#7079),#2352);
#7079 = PRESENTATION_STYLE_ASSIGNMENT((#7080));
#7080 = SURFACE_STYLE_USAGE(.BOTH.,#7081);
#7081 = SURFACE_SIDE_STYLE('',(#7082));
#7082 = SURFACE_STYLE_FILL_AREA(#7083);
#7083 = FILL_AREA_STYLE('',(#7084));
#7084 = FILL_AREA_STYLE_COLOUR('',#6567);
#7085 = STYLED_ITEM('color',(#7086),#2376);
#7086 = PRESENTATION_STYLE_ASSIGNMENT((#7087));
#7087 = SURFACE_STYLE_USAGE(.BOTH.,#7088);
#7088 = SURFACE_SIDE_STYLE('',(#7089));
#7089 = SURFACE_STYLE_FILL_AREA(#7090);
#7090 = FILL_AREA_STYLE('',(#7091));
#7091 = FILL_AREA_STYLE_COLOUR('',#6567);
#7092 = STYLED_ITEM('color',(#7093),#2401);
#7093 = PRESENTATION_STYLE_ASSIGNMENT((#7094));
#7094 = SURFACE_STYLE_USAGE(.BOTH.,#7095);
#7095 = SURFACE_SIDE_STYLE('',(#7096));
#7096 = SURFACE_STYLE_FILL_AREA(#7097);
#7097 = FILL_AREA_STYLE('',(#7098));
#7098 = FILL_AREA_STYLE_COLOUR('',#6567);
#7099 = STYLED_ITEM('color',(#7100),#2425);
#7100 = PRESENTATION_STYLE_ASSIGNMENT((#7101));
#7101 = SURFACE_STYLE_USAGE(.BOTH.,#7102);
#7102 = SURFACE_SIDE_STYLE('',(#7103));
#7103 = SURFACE_STYLE_FILL_AREA(#7104);
#7104 = FILL_AREA_STYLE('',(#7105));
#7105 = FILL_AREA_STYLE_COLOUR('',#6567);
#7106 = STYLED_ITEM('color',(#7107),#2450);
#7107 = PRESENTATION_STYLE_ASSIGNMENT((#7108));
#7108 = SURFACE_STYLE_USAGE(.BOTH.,#7109);
#7109 = SURFACE_SIDE_STYLE('',(#7110));
#7110 = SURFACE_STYLE_FILL_AREA(#7111);
#7111 = FILL_AREA_STYLE('',(#7112));
#7112 = FILL_AREA_STYLE_COLOUR('',#6567);
#7113 = STYLED_ITEM('color',(#7114),#2467);
#7114 = PRESENTATION_STYLE_ASSIGNMENT((#7115));
#7115 = SURFACE_STYLE_USAGE(.BOTH.,#7116);
#7116 = SURFACE_SIDE_STYLE('',(#7117));
#7117 = SURFACE_STYLE_FILL_AREA(#7118);
#7118 = FILL_AREA_STYLE('',(#7119));
#7119 = FILL_AREA_STYLE_COLOUR('',#6496);
#7120 = STYLED_ITEM('color',(#7121),#2553);
#7121 = PRESENTATION_STYLE_ASSIGNMENT((#7122));
#7122 = SURFACE_STYLE_USAGE(.BOTH.,#7123);
#7123 = SURFACE_SIDE_STYLE('',(#7124));
#7124 = SURFACE_STYLE_FILL_AREA(#7125);
#7125 = FILL_AREA_STYLE('',(#7126));
#7126 = FILL_AREA_STYLE_COLOUR('',#6496);
#7127 = STYLED_ITEM('color',(#7128),#2584);
#7128 = PRESENTATION_STYLE_ASSIGNMENT((#7129));
#7129 = SURFACE_STYLE_USAGE(.BOTH.,#7130);
#7130 = SURFACE_SIDE_STYLE('',(#7131));
#7131 = SURFACE_STYLE_FILL_AREA(#7132);
#7132 = FILL_AREA_STYLE('',(#7133));
#7133 = FILL_AREA_STYLE_COLOUR('',#6496);
#7134 = STYLED_ITEM('color',(#7135),#2609);
#7135 = PRESENTATION_STYLE_ASSIGNMENT((#7136));
#7136 = SURFACE_STYLE_USAGE(.BOTH.,#7137);
#7137 = SURFACE_SIDE_STYLE('',(#7138));
#7138 = SURFACE_STYLE_FILL_AREA(#7139);
#7139 = FILL_AREA_STYLE('',(#7140));
#7140 = FILL_AREA_STYLE_COLOUR('',#6496);
#7141 = STYLED_ITEM('color',(#7142),#2634);
#7142 = PRESENTATION_STYLE_ASSIGNMENT((#7143));
#7143 = SURFACE_STYLE_USAGE(.BOTH.,#7144);
#7144 = SURFACE_SIDE_STYLE('',(#7145));
#7145 = SURFACE_STYLE_FILL_AREA(#7146);
#7146 = FILL_AREA_STYLE('',(#7147));
#7147 = FILL_AREA_STYLE_COLOUR('',#6496);
#7148 = STYLED_ITEM('color',(#7149),#2658);
#7149 = PRESENTATION_STYLE_ASSIGNMENT((#7150));
#7150 = SURFACE_STYLE_USAGE(.BOTH.,#7151);
#7151 = SURFACE_SIDE_STYLE('',(#7152));
#7152 = SURFACE_STYLE_FILL_AREA(#7153);
#7153 = FILL_AREA_STYLE('',(#7154));
#7154 = FILL_AREA_STYLE_COLOUR('',#6496);
#7155 = STYLED_ITEM('color',(#7156),#2682);
#7156 = PRESENTATION_STYLE_ASSIGNMENT((#7157));
#7157 = SURFACE_STYLE_USAGE(.BOTH.,#7158);
#7158 = SURFACE_SIDE_STYLE('',(#7159));
#7159 = SURFACE_STYLE_FILL_AREA(#7160);
#7160 = FILL_AREA_STYLE('',(#7161));
#7161 = FILL_AREA_STYLE_COLOUR('',#6496);
#7162 = STYLED_ITEM('color',(#7163),#2707);
#7163 = PRESENTATION_STYLE_ASSIGNMENT((#7164));
#7164 = SURFACE_STYLE_USAGE(.BOTH.,#7165);
#7165 = SURFACE_SIDE_STYLE('',(#7166));
#7166 = SURFACE_STYLE_FILL_AREA(#7167);
#7167 = FILL_AREA_STYLE('',(#7168));
#7168 = FILL_AREA_STYLE_COLOUR('',#6496);
#7169 = STYLED_ITEM('color',(#7170),#2732);
#7170 = PRESENTATION_STYLE_ASSIGNMENT((#7171));
#7171 = SURFACE_STYLE_USAGE(.BOTH.,#7172);
#7172 = SURFACE_SIDE_STYLE('',(#7173));
#7173 = SURFACE_STYLE_FILL_AREA(#7174);
#7174 = FILL_AREA_STYLE('',(#7175));
#7175 = FILL_AREA_STYLE_COLOUR('',#6496);
#7176 = STYLED_ITEM('color',(#7177),#2749);
#7177 = PRESENTATION_STYLE_ASSIGNMENT((#7178));
#7178 = SURFACE_STYLE_USAGE(.BOTH.,#7179);
#7179 = SURFACE_SIDE_STYLE('',(#7180));
#7180 = SURFACE_STYLE_FILL_AREA(#7181);
#7181 = FILL_AREA_STYLE('',(#7182));
#7182 = FILL_AREA_STYLE_COLOUR('',#6496);
#7183 = MECHANICAL_DESIGN_GEOMETRIC_PRESENTATION_REPRESENTATION('',(
    #7184,#7191,#7198,#7205,#7212,#7219,#7226,#7233,#7241,#7248,#7255,
    #7262,#7269,#7276,#7284,#7291,#7298,#7305,#7312,#7319,#7326,#7333,
    #7340,#7347,#7354,#7361),#958);
#7184 = STYLED_ITEM('color',(#7185),#170);
#7185 = PRESENTATION_STYLE_ASSIGNMENT((#7186));
#7186 = SURFACE_STYLE_USAGE(.BOTH.,#7187);
#7187 = SURFACE_SIDE_STYLE('',(#7188));
#7188 = SURFACE_STYLE_FILL_AREA(#7189);
#7189 = FILL_AREA_STYLE('',(#7190));
#7190 = FILL_AREA_STYLE_COLOUR('',#6496);
#7191 = STYLED_ITEM('color',(#7192),#210);
#7192 = PRESENTATION_STYLE_ASSIGNMENT((#7193));
#7193 = SURFACE_STYLE_USAGE(.BOTH.,#7194);
#7194 = SURFACE_SIDE_STYLE('',(#7195));
#7195 = SURFACE_STYLE_FILL_AREA(#7196);
#7196 = FILL_AREA_STYLE('',(#7197));
#7197 = FILL_AREA_STYLE_COLOUR('',#6496);
#7198 = STYLED_ITEM('color',(#7199),#293);
#7199 = PRESENTATION_STYLE_ASSIGNMENT((#7200));
#7200 = SURFACE_STYLE_USAGE(.BOTH.,#7201);
#7201 = SURFACE_SIDE_STYLE('',(#7202));
#7202 = SURFACE_STYLE_FILL_AREA(#7203);
#7203 = FILL_AREA_STYLE('',(#7204));
#7204 = FILL_AREA_STYLE_COLOUR('',#6496);
#7205 = STYLED_ITEM('color',(#7206),#318);
#7206 = PRESENTATION_STYLE_ASSIGNMENT((#7207));
#7207 = SURFACE_STYLE_USAGE(.BOTH.,#7208);
#7208 = SURFACE_SIDE_STYLE('',(#7209));
#7209 = SURFACE_STYLE_FILL_AREA(#7210);
#7210 = FILL_AREA_STYLE('',(#7211));
#7211 = FILL_AREA_STYLE_COLOUR('',#6496);
#7212 = STYLED_ITEM('color',(#7213),#343);
#7213 = PRESENTATION_STYLE_ASSIGNMENT((#7214));
#7214 = SURFACE_STYLE_USAGE(.BOTH.,#7215);
#7215 = SURFACE_SIDE_STYLE('',(#7216));
#7216 = SURFACE_STYLE_FILL_AREA(#7217);
#7217 = FILL_AREA_STYLE('',(#7218));
#7218 = FILL_AREA_STYLE_COLOUR('',#6496);
#7219 = STYLED_ITEM('color',(#7220),#410);
#7220 = PRESENTATION_STYLE_ASSIGNMENT((#7221));
#7221 = SURFACE_STYLE_USAGE(.BOTH.,#7222);
#7222 = SURFACE_SIDE_STYLE('',(#7223));
#7223 = SURFACE_STYLE_FILL_AREA(#7224);
#7224 = FILL_AREA_STYLE('',(#7225));
#7225 = FILL_AREA_STYLE_COLOUR('',#6496);
#7226 = STYLED_ITEM('color',(#7227),#427);
#7227 = PRESENTATION_STYLE_ASSIGNMENT((#7228));
#7228 = SURFACE_STYLE_USAGE(.BOTH.,#7229);
#7229 = SURFACE_SIDE_STYLE('',(#7230));
#7230 = SURFACE_STYLE_FILL_AREA(#7231);
#7231 = FILL_AREA_STYLE('',(#7232));
#7232 = FILL_AREA_STYLE_COLOUR('',#6496);
#7233 = STYLED_ITEM('color',(#7234),#444);
#7234 = PRESENTATION_STYLE_ASSIGNMENT((#7235));
#7235 = SURFACE_STYLE_USAGE(.BOTH.,#7236);
#7236 = SURFACE_SIDE_STYLE('',(#7237));
#7237 = SURFACE_STYLE_FILL_AREA(#7238);
#7238 = FILL_AREA_STYLE('',(#7239));
#7239 = FILL_AREA_STYLE_COLOUR('',#7240);
#7240 = COLOUR_RGB('',0.894999966383,0.890999961016,0.813000030345);
#7241 = STYLED_ITEM('color',(#7242),#493);
#7242 = PRESENTATION_STYLE_ASSIGNMENT((#7243));
#7243 = SURFACE_STYLE_USAGE(.BOTH.,#7244);
#7244 = SURFACE_SIDE_STYLE('',(#7245));
#7245 = SURFACE_STYLE_FILL_AREA(#7246);
#7246 = FILL_AREA_STYLE('',(#7247));
#7247 = FILL_AREA_STYLE_COLOUR('',#6496);
#7248 = STYLED_ITEM('color',(#7249),#510);
#7249 = PRESENTATION_STYLE_ASSIGNMENT((#7250));
#7250 = SURFACE_STYLE_USAGE(.BOTH.,#7251);
#7251 = SURFACE_SIDE_STYLE('',(#7252));
#7252 = SURFACE_STYLE_FILL_AREA(#7253);
#7253 = FILL_AREA_STYLE('',(#7254));
#7254 = FILL_AREA_STYLE_COLOUR('',#6496);
#7255 = STYLED_ITEM('color',(#7256),#527);
#7256 = PRESENTATION_STYLE_ASSIGNMENT((#7257));
#7257 = SURFACE_STYLE_USAGE(.BOTH.,#7258);
#7258 = SURFACE_SIDE_STYLE('',(#7259));
#7259 = SURFACE_STYLE_FILL_AREA(#7260);
#7260 = FILL_AREA_STYLE('',(#7261));
#7261 = FILL_AREA_STYLE_COLOUR('',#7240);
#7262 = STYLED_ITEM('color',(#7263),#576);
#7263 = PRESENTATION_STYLE_ASSIGNMENT((#7264));
#7264 = SURFACE_STYLE_USAGE(.BOTH.,#7265);
#7265 = SURFACE_SIDE_STYLE('',(#7266));
#7266 = SURFACE_STYLE_FILL_AREA(#7267);
#7267 = FILL_AREA_STYLE('',(#7268));
#7268 = FILL_AREA_STYLE_COLOUR('',#7240);
#7269 = STYLED_ITEM('color',(#7270),#593);
#7270 = PRESENTATION_STYLE_ASSIGNMENT((#7271));
#7271 = SURFACE_STYLE_USAGE(.BOTH.,#7272);
#7272 = SURFACE_SIDE_STYLE('',(#7273));
#7273 = SURFACE_STYLE_FILL_AREA(#7274);
#7274 = FILL_AREA_STYLE('',(#7275));
#7275 = FILL_AREA_STYLE_COLOUR('',#6496);
#7276 = STYLED_ITEM('color',(#7277),#662);
#7277 = PRESENTATION_STYLE_ASSIGNMENT((#7278));
#7278 = SURFACE_STYLE_USAGE(.BOTH.,#7279);
#7279 = SURFACE_SIDE_STYLE('',(#7280));
#7280 = SURFACE_STYLE_FILL_AREA(#7281);
#7281 = FILL_AREA_STYLE('',(#7282));
#7282 = FILL_AREA_STYLE_COLOUR('',#7283);
#7283 = COLOUR_RGB('',8.200000279077E-02,8.600000121357E-02,
  9.399999706163E-02);
#7284 = STYLED_ITEM('color',(#7285),#693);
#7285 = PRESENTATION_STYLE_ASSIGNMENT((#7286));
#7286 = SURFACE_STYLE_USAGE(.BOTH.,#7287);
#7287 = SURFACE_SIDE_STYLE('',(#7288));
#7288 = SURFACE_STYLE_FILL_AREA(#7289);
#7289 = FILL_AREA_STYLE('',(#7290));
#7290 = FILL_AREA_STYLE_COLOUR('',#7283);
#7291 = STYLED_ITEM('color',(#7292),#717);
#7292 = PRESENTATION_STYLE_ASSIGNMENT((#7293));
#7293 = SURFACE_STYLE_USAGE(.BOTH.,#7294);
#7294 = SURFACE_SIDE_STYLE('',(#7295));
#7295 = SURFACE_STYLE_FILL_AREA(#7296);
#7296 = FILL_AREA_STYLE('',(#7297));
#7297 = FILL_AREA_STYLE_COLOUR('',#6496);
#7298 = STYLED_ITEM('color',(#7299),#786);
#7299 = PRESENTATION_STYLE_ASSIGNMENT((#7300));
#7300 = SURFACE_STYLE_USAGE(.BOTH.,#7301);
#7301 = SURFACE_SIDE_STYLE('',(#7302));
#7302 = SURFACE_STYLE_FILL_AREA(#7303);
#7303 = FILL_AREA_STYLE('',(#7304));
#7304 = FILL_AREA_STYLE_COLOUR('',#7283);
#7305 = STYLED_ITEM('color',(#7306),#810);
#7306 = PRESENTATION_STYLE_ASSIGNMENT((#7307));
#7307 = SURFACE_STYLE_USAGE(.BOTH.,#7308);
#7308 = SURFACE_SIDE_STYLE('',(#7309));
#7309 = SURFACE_STYLE_FILL_AREA(#7310);
#7310 = FILL_AREA_STYLE('',(#7311));
#7311 = FILL_AREA_STYLE_COLOUR('',#6496);
#7312 = STYLED_ITEM('color',(#7313),#827);
#7313 = PRESENTATION_STYLE_ASSIGNMENT((#7314));
#7314 = SURFACE_STYLE_USAGE(.BOTH.,#7315);
#7315 = SURFACE_SIDE_STYLE('',(#7316));
#7316 = SURFACE_STYLE_FILL_AREA(#7317);
#7317 = FILL_AREA_STYLE('',(#7318));
#7318 = FILL_AREA_STYLE_COLOUR('',#6496);
#7319 = STYLED_ITEM('color',(#7320),#844);
#7320 = PRESENTATION_STYLE_ASSIGNMENT((#7321));
#7321 = SURFACE_STYLE_USAGE(.BOTH.,#7322);
#7322 = SURFACE_SIDE_STYLE('',(#7323));
#7323 = SURFACE_STYLE_FILL_AREA(#7324);
#7324 = FILL_AREA_STYLE('',(#7325));
#7325 = FILL_AREA_STYLE_COLOUR('',#6496);
#7326 = STYLED_ITEM('color',(#7327),#861);
#7327 = PRESENTATION_STYLE_ASSIGNMENT((#7328));
#7328 = SURFACE_STYLE_USAGE(.BOTH.,#7329);
#7329 = SURFACE_SIDE_STYLE('',(#7330));
#7330 = SURFACE_STYLE_FILL_AREA(#7331);
#7331 = FILL_AREA_STYLE('',(#7332));
#7332 = FILL_AREA_STYLE_COLOUR('',#6496);
#7333 = STYLED_ITEM('color',(#7334),#878);
#7334 = PRESENTATION_STYLE_ASSIGNMENT((#7335));
#7335 = SURFACE_STYLE_USAGE(.BOTH.,#7336);
#7336 = SURFACE_SIDE_STYLE('',(#7337));
#7337 = SURFACE_STYLE_FILL_AREA(#7338);
#7338 = FILL_AREA_STYLE('',(#7339));
#7339 = FILL_AREA_STYLE_COLOUR('',#6496);
#7340 = STYLED_ITEM('color',(#7341),#895);
#7341 = PRESENTATION_STYLE_ASSIGNMENT((#7342));
#7342 = SURFACE_STYLE_USAGE(.BOTH.,#7343);
#7343 = SURFACE_SIDE_STYLE('',(#7344));
#7344 = SURFACE_STYLE_FILL_AREA(#7345);
#7345 = FILL_AREA_STYLE('',(#7346));
#7346 = FILL_AREA_STYLE_COLOUR('',#6496);
#7347 = STYLED_ITEM('color',(#7348),#912);
#7348 = PRESENTATION_STYLE_ASSIGNMENT((#7349));
#7349 = SURFACE_STYLE_USAGE(.BOTH.,#7350);
#7350 = SURFACE_SIDE_STYLE('',(#7351));
#7351 = SURFACE_STYLE_FILL_AREA(#7352);
#7352 = FILL_AREA_STYLE('',(#7353));
#7353 = FILL_AREA_STYLE_COLOUR('',#6496);
#7354 = STYLED_ITEM('color',(#7355),#929);
#7355 = PRESENTATION_STYLE_ASSIGNMENT((#7356));
#7356 = SURFACE_STYLE_USAGE(.BOTH.,#7357);
#7357 = SURFACE_SIDE_STYLE('',(#7358));
#7358 = SURFACE_STYLE_FILL_AREA(#7359);
#7359 = FILL_AREA_STYLE('',(#7360));
#7360 = FILL_AREA_STYLE_COLOUR('',#7283);
#7361 = STYLED_ITEM('color',(#7362),#946);
#7362 = PRESENTATION_STYLE_ASSIGNMENT((#7363));
#7363 = SURFACE_STYLE_USAGE(.BOTH.,#7364);
#7364 = SURFACE_SIDE_STYLE('',(#7365));
#7365 = SURFACE_STYLE_FILL_AREA(#7366);
#7366 = FILL_AREA_STYLE('',(#7367));
#7367 = FILL_AREA_STYLE_COLOUR('',#7283);
ENDSEC;
END-ISO-10303-21;
